"NR_4.0_41539.1","2XZL|1|B","2XZL|1|B"
"NR_4.0_89476.1","5JRC|1|E","5JRC|1|E"
"NR_4.0_87252.1","2Y8W|1|B","2Y8W|1|B"
"NR_4.0_83999.3","7D6Z|1|2","7D6Z|1|2,5JU8|1|AY,5JTE|1|AY"
"NR_4.0_11347.3","7PO6|1|F","7PO6|1|F,7PO6|1|D,7PO6|1|E"
"NR_4.0_77343.7","8SUP|1|i","8SUP|1|i,7SYW|1|i,7SYS|1|i,7SYR|1|i,8P03|1|1,8P09|1|1,7SYV|1|i,7SYX|1|i,6HCJ|1|33"
"NR_4.0_98029.4","8VIO|1|5","8VIO|1|5,8WIB|1|C,8WIC|1|C,8WID|1|b"
"NR_4.0_49799.1","2B63|1|R","2B63|1|R"
"NR_4.0_38498.1","5K36|1|M","5K36|1|M"
"NR_4.0_03720.1","3J92|1|2","3J92|1|2"
"NR_4.0_57734.3","2BGG|1|P+2BGG|1|Q","2BGG|1|P+2BGG|1|Q,2BGG|1|R+2BGG|1|S"
"NR_4.0_25155.1","5K78|1|Y","5K78|1|Y"
"NR_4.0_15663.1","8G4S|1|h","8G4S|1|h"
"NR_4.0_03525.3","2BH2|1|D","2BH2|1|D,2BH2|1|C"
"NR_4.0_63890.2","6DN2|1|Y+6DN2|1|X","6DN2|1|Y+6DN2|1|X,3F4H|1|Y+3F4H|1|X,5C45|1|Y+5C45|1|X,6DN3|1|Y+6DN3|1|X,6DN1|1|Z+6DN1|1|X,6BFB|1|Y+6BFB|1|X,3F4E|1|Y+3F4E|1|X,5KX9|1|Y+5KX9|1|X,3F4G|1|Y+3F4G|1|X,2YIF|1|Z+2YIF|1|X,2YIE|1|Z+2YIE|1|X"
"NR_4.0_23989.3","2BTE|1|E","2BTE|1|E,2BTE|1|B,2BYT|1|B,2BYT|1|E,2V0G|1|F,2V0G|1|B"
"NR_4.0_46370.1","5K8H|1|A","5K8H|1|A"
"NR_4.0_94759.1","5KCS|1|1v","5KCS|1|1v"
"NR_4.0_47794.1","9FHL|1|4","9FHL|1|4"
"NR_4.0_00896.1","2BX2|1|R","2BX2|1|R"
"NR_4.0_29005.1","2C4R|1|R","2C4R|1|R"
"NR_4.0_35795.1","5KK5|1|B+5KK5|1|C+5KK5|1|D","5KK5|1|B+5KK5|1|C+5KK5|1|D"
"NR_4.0_65457.1","5KL8|1|C","5KL8|1|C"
"NR_4.0_74174.1","5KPY|1|A","5KPY|1|A"
"NR_4.0_32430.1","5VM9|1|D","5VM9|1|D"
"NR_4.0_21658.3","2ZKO|1|C+2ZKO|1|D","2ZKO|1|C+2ZKO|1|D,6ZLC|1|C+6ZLC|1|D"
"NR_4.0_76729.3","2ZNI|1|C","2ZNI|1|C,2ZNI|1|D"
"NR_4.0_65284.3","2ZUE|1|B","2ZUE|1|B,2ZUF|1|B"
"NR_4.0_78506.1","2ZY6|1|A","2ZY6|1|A"
"NR_4.0_90969.3","2ZZN|1|D","2ZZN|1|D,2ZZN|1|C"
"NR_4.0_72237.1","5VSU|1|I","5VSU|1|I"
"NR_4.0_42463.1","30GA|1|1+30GA|1|2+30GA|1|5+30GA|1|3+30GA|1|7+30GA|1|4+30GA|1|6","30GA|1|1+30GA|1|2+30GA|1|5+30GA|1|3+30GA|1|7+30GA|1|4+30GA|1|6,30GB|1|1+30GB|1|2+30GB|1|3,30GT|1|1+30GT|1|2+30GT|1|3"
"NR_4.0_64827.1","5VZJ|1|M","5VZJ|1|M"
"NR_4.0_19387.1","5W0O|1|C+5W0O|1|D","5W0O|1|C+5W0O|1|D"
"NR_4.0_73760.1","5W3V|1|E+5W3V|1|F","5W3V|1|E+5W3V|1|F"
"NR_4.0_80035.1","5W6V|1|R","5W6V|1|R"
"NR_4.0_73988.3","5L2L|1|D","5L2L|1|D,5L2L|1|C,5L2L|1|H,5L2L|1|G"
"NR_4.0_40386.1","5WLH|1|B","5WLH|1|B"
"NR_4.0_97539.16","9N5T|1|BA","9N5T|1|BA,8FR8|1|a,8WIF|1|a,8WHX|1|a,8V9J|1|a,8WI9|1|a,8WID|1|a,8WIB|1|a,8V9K|1|a,32NJ|1|A,8WI7|1|a,8V9L|1|a,8VIO|1|a,6DZI|1|h,6DZK|1|A,5O5J|1|A,5XYU|1|A,5ZEP|1|a,9E0P|1|a,5ZEU|1|a,5ZEB|1|a,9E0N|1|a,9B24|1|A,9B1X|1|A,9B1Y|1|A,9B1W|1|A,5O61|1|BA"
"NR_4.0_66108.3","2DVI|1|B","2DVI|1|B,2DRA|1|B,2ZH6|1|B,2DR8|1|B,2DR9|1|B,2ZH3|1|B,2DRB|1|B,2ZH1|1|B,2ZHB|1|B,2ZH7|1|B,2ZH2|1|B,2DR7|1|B,2ZH4|1|B,2ZH8|1|B,2ZH5|1|B,2ZH9|1|B,2ZHA|1|B,2DR5|1|B"
"NR_4.0_71993.1","5L3P|1|v","5L3P|1|v"
"NR_4.0_49764.1","5WNU|1|b+5WNU|1|a","5WNU|1|b+5WNU|1|a"
"NR_4.0_74023.20","9GHG|1|a","9GHG|1|a,9T4R|1|A,9TI5|1|a,9QEG|1|Aa,9GHH|1|a,9TI6|1|a,9I88|1|a,9I89|1|a,7NHM|1|a,8BYV|1|a,9TI7|1|a,7BGD|1|a,7NHL|1|a,9RVC|1|A,7KWG|1|a,5ND8|1|a,5NGM|1|Aa,7ASP|1|X,8BH6|1|a,5T7V|1|A,5ND9|1|a,9TI9|1|a,5LI0|1|a,7BGE|1|a,5TCU|1|A,7ASO|1|X,6S0X|1|a,6S13|1|a,7P48|1|a,8P2G|1|a,8P2F|1|a,8P2H|1|a,8Y38|1|a,6YEF|1|a,8Y39|1|a"
"NR_4.0_95531.1","5WSG|1|b","5WSG|1|b"
"NR_4.0_11413.1","5WTI|1|B+5WTI|1|E+5WTI|1|H","5WTI|1|B+5WTI|1|E+5WTI|1|H"
"NR_4.0_66547.1","5WTY|1|C","5WTY|1|C"
"NR_4.0_43595.1","5WWE|1|B","5WWE|1|B"
"NR_4.0_99471.3","5WWT|1|C","5WWT|1|C,5WWS|1|C,5WWR|1|C,5WWT|1|D,5WWR|1|D,5WWS|1|D"
"NR_4.0_33389.3","2DU3|1|D","2DU3|1|D,2DU4|1|C,2DU5|1|D,2DU6|1|D"
"NR_4.0_29370.1","5WWW|1|B","5WWW|1|B"
"NR_4.0_02374.1","2E5L|1|1","2E5L|1|1"
"NR_4.0_73303.1","5WZG|1|B","5WZG|1|B"
"NR_4.0_10954.1","2E9R|1|A+2E9R|1|B","2E9R|1|A+2E9R|1|B"
"NR_4.0_42883.1","5WZI|1|B","5WZI|1|B"
"NR_4.0_13543.1","5WZK|1|B","5WZK|1|B"
"NR_4.0_16755.3","2EC0|1|B+2EC0|1|C","2EC0|1|B+2EC0|1|C,2EC0|1|E+2EC0|1|F"
"NR_4.0_52425.4","7R97|1|C","7R97|1|C,7R97|1|D,2EZ6|1|D,2EZ6|1|C,4M30|1|D,4M30|1|C,2NUF|1|D,2NUF|1|C,4M2Z|1|C,4M2Z|1|D"
"NR_4.0_10013.3","5X70|1|E","5X70|1|E,5X70|1|G"
"NR_4.0_17090.3","5XC6|1|C","5XC6|1|C,5XC6|1|D"
"NR_4.0_07550.1","5XJ2|1|G","5XJ2|1|G"
"NR_4.0_82951.3","2O3X|1|A+2O3X|1|B","2O3X|1|A+2O3X|1|B,2F4S|1|A+2F4S|1|B"
"NR_4.0_78107.1","2F4V|1|Z","2F4V|1|Z"
"NR_4.0_73836.1","5XLO|1|K","5XLO|1|K"
"NR_4.0_59799.1","2F8S|1|C+2F8S|1|D","2F8S|1|C+2F8S|1|D"
"NR_4.0_37028.1","5XTM|1|D","5XTM|1|D"
"NR_4.0_79184.3","4GCW|1|B","4GCW|1|B,2FK6|1|R"
"NR_4.0_30489.1","5LQO|1|A+5LQO|1|B","5LQO|1|A+5LQO|1|B"
"NR_4.0_54657.3","2O3Y|1|A+2O3Y|1|B","2O3Y|1|A+2O3Y|1|B,2G5K|1|A+2G5K|1|B,2FQN|1|A+2FQN|1|B,2O3W|1|A+2O3W|1|B"
"NR_4.0_72319.1","5LR3|1|A+5LR3|1|B","5LR3|1|A+5LR3|1|B"
"NR_4.0_31791.3","2FZ2|1|D","2FZ2|1|D,2XPJ|1|D"
"NR_4.0_26733.1","2G4B|1|B","2G4B|1|B"
"NR_4.0_33278.3","5LYS|1|B","5LYS|1|B,5LYS|1|A,5LYV|1|B,5LYU|1|B,5LYU|1|A,5LYV|1|A"
"NR_4.0_97956.3","5XWP|1|C+5XWP|1|D","5XWP|1|C+5XWP|1|D,5XWP|1|E+5XWP|1|F"
"NR_4.0_36591.1","5XWY|1|B","5XWY|1|B"
"NR_4.0_76892.4","5LZD|1|y","5LZD|1|y"
"NR_4.0_17436.1","5XXB|1|3","5XXB|1|3"
"NR_4.0_57329.1","5LZE|1|x","5LZE|1|x"
"NR_4.0_94750.1","5XY3|1|1+5XY3|1|4","5XY3|1|1+5XY3|1|4"
"NR_4.0_34284.3","5LZS|1|ii","5LZS|1|ii,8Z71|1|s"
"NR_4.0_67394.1","5XYI|1|2","5XYI|1|2"
"NR_4.0_66328.1","5M0H|1|A","5M0H|1|A"
"NR_4.0_86202.1","5M0I|1|F","5M0I|1|F"
"NR_4.0_13312.3","5Y6Z|1|B+5Y6Z|1|C","5Y6Z|1|B+5Y6Z|1|C,5Y6Z|1|F+5Y6Z|1|G"
"NR_4.0_78625.1","5M0J|1|F","5M0J|1|F"
"NR_4.0_02553.3","5Y7M|1|D","5Y7M|1|D,5Y7M|1|B"
"NR_4.0_60364.3","5Y85|1|D+5Y85|1|C","5Y85|1|D+5Y85|1|C,5Y85|1|B+5Y85|1|A,5Y87|1|D+5Y87|1|C,5Y87|1|B+5Y87|1|A"
"NR_4.0_79446.1","2G91|1|A+2G91|1|B","2G91|1|A+2G91|1|B"
"NR_4.0_83979.2","2Z75|1|B+2Z75|1|A","2Z75|1|B+2Z75|1|A,2Z74|1|B+2Z74|1|A,2GCV|1|B+2GCV|1|A,2H0X|1|B+2H0X|1|A,2H0W|1|B+2H0W|1|A,2GCS|1|B+2GCS|1|A,3B4B|1|B+3B4B|1|A,2HO6|1|B+2HO6|1|A,2HO7|1|B+2HO7|1|A,3B4A|1|B+3B4A|1|A,3B4C|1|B+3B4C|1|A,4MEG|1|B+4MEG|1|A,4MEH|1|B+4MEH|1|A,2H0S|1|B+2H0S|1|A,2H0Z|1|B+2H0Z|1|A"
"NR_4.0_04353.1","5Y88|1|x","5Y88|1|x"
"NR_4.0_32973.1","5YTS|1|B","5YTS|1|B"
"NR_4.0_92954.1","5MGA|1|B+5MGA|1|C+5MGA|1|D","5MGA|1|B+5MGA|1|C+5MGA|1|D,6GTG|1|B+6GTG|1|C,9MKX|1|B+9MKX|1|C,9MKV|1|B+9MKV|1|C,9MKW|1|B+9MKW|1|C,6GTF|1|B,9MKU|1|B+9MKU|1|C,6GTC|1|B"
"NR_4.0_15984.2","7F3L|1|B","7F3L|1|B,5YTV|1|B"
"NR_4.0_82993.1","5YTX|1|B","5YTX|1|B"
"NR_4.0_35335.1","5Z4A|1|B","5Z4A|1|B"
"NR_4.0_45881.1","5Z98|1|C+5Z98|1|D","5Z98|1|C+5Z98|1|D"
"NR_4.0_56101.13","7Z20|1|v","7Z20|1|v,9HYM|1|A,9HYM|1|v,9WNQ|1|Z,9WNQ|1|Y,9HUS|1|v,9RBF|1|Y,8ZEJ|1|Y,9T5X|1|Y,9WNR|1|Z,9WNR|1|Y,9HY6|1|A,5MGP|1|x,6SZS|1|x,8ZEJ|1|Z,7ZP8|1|v,6ENU|1|x,9HY6|1|v,8ZFI|1|Y,9HUQ|1|v,8ZFI|1|Z,6ENF|1|x,7CPJ|1|9,6ENJ|1|x,7ZOD|1|v,6ENJ|1|9,6NUO|1|XV,6NUO|1|QV,6O3M|1|QV,6O3M|1|XV,7O1C|1|B8,7O1A|1|B8,7O19|1|B8"
"NR_4.0_14757.3","5ZC9|1|B","5ZC9|1|B,6XKI|1|B"
"NR_4.0_47524.2","9E0P|1|B","9E0P|1|B,9E0N|1|B,5ZEP|1|B,5ZEB|1|B,5ZET|1|B"
"NR_4.0_34250.1","5ZLU|1|W","5ZLU|1|W"
"NR_4.0_21975.3","5ZQ1|1|B","5ZQ1|1|B,5ZTH|1|B"
"NR_4.0_33499.3","5ZQ8|1|D","5ZQ8|1|D,5ZQ8|1|C"
"NR_4.0_29095.1","5ZQF|1|C+5ZQF|1|B","5ZQF|1|C+5ZQF|1|B"
"NR_4.0_84195.3","5ZSB|1|C","5ZSB|1|C,5ZSB|1|D,5ZSN|1|E,5ZSN|1|D"
"NR_4.0_37135.3","5ZSC|1|D","5ZSC|1|D,5ZSC|1|C"
"NR_4.0_40848.3","5ZSD|1|C","5ZSD|1|C,5ZSL|1|D"
"NR_4.0_38178.1","7QGG|1|S2","7QGG|1|S2"
"NR_4.0_11898.3","5ZSD|1|D","5ZSD|1|D,5ZSL|1|E"
"NR_4.0_78542.1","23KA|1|B","23KA|1|B,23KA|1|A,23KA|1|C,23JZ|1|A"
"NR_4.0_12865.3","5ZSE|1|C","5ZSE|1|C,5ZSE|1|D,5ZSM|1|D,5ZSM|1|E"
"NR_4.0_21276.2","9P4J|1|I","9P4J|1|I,9P4J|1|J,9P4K|1|I,9P4J|1|K,9P4J|1|L,9P4K|1|L,9P4K|1|K,9P4K|1|J,23OR|1|G,23OR|1|K,23OR|1|C,23OR|1|O,9LBQ|1|C+9LBQ|1|D,9LBQ|1|G+9LBQ|1|H,9LBQ|1|K+9LBQ|1|L,9LBQ|1|O+9LBQ|1|P,9WN8|1|O,9WN8|1|K"
"NR_4.0_31040.1","5ZTM|1|C","5ZTM|1|C"
"NR_4.0_52614.3","5ML7|1|B","5ML7|1|B,5ML7|1|A"
"NR_4.0_02657.3","5ZUU|1|I","5ZUU|1|I,5ZUU|1|G"
"NR_4.0_84448.3","9DTR|1|2+9DTR|1|6","9DTR|1|2+9DTR|1|6,6BK8|1|2+6BK8|1|6+6BK8|1|i,6EXN|1|2+6EXN|1|6"
"NR_4.0_75931.1","5ZW4|1|D","5ZW4|1|D"
"NR_4.0_36828.1","5ZWM|1|H+5ZWM|1|I+5ZWM|1|F","5ZWM|1|H+5ZWM|1|I+5ZWM|1|F"
"NR_4.0_91257.1","5ZWO|1|G","5ZWO|1|G"
"NR_4.0_65220.3","6A6L|1|D","6A6L|1|D,6A6J|1|D,6A6J|1|B"
"NR_4.0_69090.1","23VU|1|B+23VU|1|C+23VU|1|D","23VU|1|B+23VU|1|C+23VU|1|D,23VV|1|B+23VV|1|C+23VV|1|D"
"NR_4.0_67193.9","8OM4|1|r","8OM4|1|r,8OM2|1|r,8OM3|1|r,8D8L|1|a,9HLZ|1|r,9HM0|1|r,8D8K|1|a,8D8J|1|a,8UXA|1|AL,8UX4|1|AL,5MRE|1|aa,5MRC|1|aa"
"NR_4.0_83237.1","23VW|1|B+23VW|1|C+23VW|1|D","23VW|1|B+23VW|1|C+23VW|1|D"
"NR_4.0_27991.3","6AGB|1|A","6AGB|1|A,6AH3|1|A"
"NR_4.0_94339.1","24EW|1|J+24EW|1|I","24EW|1|J+24EW|1|I,7ED5|1|J+7ED5|1|I"
"NR_4.0_02825.1","6AH3|1|T","6AH3|1|T"
"NR_4.0_84191.1","24ND|1|G","24ND|1|G"
"NR_4.0_62889.1","24YW|1|B","24YW|1|B"
"NR_4.0_44743.1","6AJK|1|B","6AJK|1|B"
"NR_4.0_06341.1","9VZX|1|C+9VZX|1|D+9VZX|1|E","9VZX|1|C+9VZX|1|D+9VZX|1|E,25QL|1|C+25QL|1|E+25QL|1|F"
"NR_4.0_81464.1","2GJE|1|R","2GJE|1|R"
"NR_4.0_58267.1","25XM|1|B","25XM|1|B"
"NR_4.0_54661.3","2GJW|1|I+2GJW|1|J+2GJW|1|L","2GJW|1|I+2GJW|1|J+2GJW|1|L,2GJW|1|E+2GJW|1|F+2GJW|1|H"
"NR_4.0_25652.4","8UX4|1|AM","8UX4|1|AM,5MRE|1|bb,5MRC|1|bb"
"NR_4.0_58299.3","2GRB|1|F","2GRB|1|F,2GRB|1|E,2GRB|1|D,2GRB|1|C,2GRB|1|G,2GRB|1|B,2GRB|1|A,2GRB|1|H"
"NR_4.0_48328.1","6ASO|1|I","6ASO|1|I"
"NR_4.0_11246.3","6B0B|1|G+6B0B|1|F","6B0B|1|G+6B0B|1|F,6B0B|1|C+6B0B|1|B"
"NR_4.0_21041.1","5MWI|1|A","5MWI|1|A"
"NR_4.0_89633.1","6B44|1|M+6B44|1|N+6B44|1|O","6B44|1|M+6B44|1|N+6B44|1|O"
"NR_4.0_49362.5","280D|1|A+280D|1|B","280D|1|A+280D|1|B,280D|1|C+280D|1|D"
"NR_4.0_70873.3","8FFR|1|W","8FFR|1|W,2GTT|1|W"
"NR_4.0_36371.1","283D|1|A","283D|1|A"
"NR_4.0_06584.3","8FFR|1|X","8FFR|1|X,2GTT|1|X"
"NR_4.0_00504.1","2GUN|1|B+2GUN|1|A","2GUN|1|B+2GUN|1|A"
"NR_4.0_02467.1","9TVU|1|2","9TVU|1|2,28LU|1|2,28JW|1|2"
"NR_4.0_68126.3","2H1M|1|A+2H1M|1|B","2H1M|1|A+2H1M|1|B,420D|1|A+420D|1|B"
"NR_4.0_03515.1","2HT1|1|M","2HT1|1|M"
"NR_4.0_98374.3","2I82|1|F","2I82|1|F,2I82|1|E,2I82|1|G,2I82|1|H"
"NR_4.0_92728.1","9TVU|1|5","9TVU|1|5,28LU|1|5,28JW|1|5"
"NR_4.0_00182.1","6BSI|1|R+6BSI|1|D","6BSI|1|R+6BSI|1|D"
"NR_4.0_19413.3","2I91|1|F+2I91|1|E","2I91|1|F+2I91|1|E,2I91|1|D+2I91|1|C"
"NR_4.0_88698.1","6BY1|1|BX","6BY1|1|BX"
"NR_4.0_59047.1","28JW|1|y","28JW|1|y"
"NR_4.0_47156.3","2IL9|1|A","2IL9|1|A,2IL9|1|M"
"NR_4.0_56199.1","5NEW|1|H","5NEW|1|H"
"NR_4.0_45916.2","6BZ8|1|QY","6BZ8|1|QY,6BZ8|1|XY"
"NR_4.0_21436.1","9T6H|1|A","9T6H|1|A,9SDA|1|A,28NT|1|A"
"NR_4.0_96380.1","2IX1|1|B","2IX1|1|B"
"NR_4.0_86306.3","6C27|1|A","6C27|1|A,6C27|1|B"
"NR_4.0_82829.3","8VY1|1|B","8VY1|1|B,8VY1|1|A,6C63|1|A,8U5P|1|B,8U5P|1|A,6C63|1|B,6C65|1|A,8VY1|1|C,8U5K|1|A,8VXZ|1|A,8VXZ|1|B,6C65|1|B,8U5K|1|B,6C64|1|A,8U5K|1|C,6C64|1|B,8VY0|1|A,8U5P|1|C,8VY0|1|B,8VXZ|1|C,8VXX|1|A,6C63|1|C,8VXX|1|B,6C65|1|C,8VY0|1|C,6C64|1|D,8VXX|1|C,8U60|1|A,8U60|1|B,8U60|1|C"
"NR_4.0_99919.3","2IZ9|1|R","2IZ9|1|R,2IZ9|1|S"
"NR_4.0_64478.1","9T6H|1|a","9T6H|1|a,9SDA|1|a,28NT|1|a"
"NR_4.0_75028.3","2IZN|1|R","2IZN|1|R,2IZN|1|S"
"NR_4.0_29524.3","2J0S|1|E","2J0S|1|E,2J0Q|1|E,2J0Q|1|H"
"NR_4.0_56847.1","2JLT|1|A+2JLT|1|B","2JLT|1|A+2JLT|1|B"
"NR_4.0_53005.1","5NXT|1|U","5NXT|1|U"
"NR_4.0_20497.1","5O1Z|1|B","5O1Z|1|B"
"NR_4.0_83196.1","5O5J|1|W","5O5J|1|W"
"NR_4.0_76090.17","9N5T|1|A","9N5T|1|A,8FR8|1|A,8WHX|1|A,8V9J|1|A,8WHY|1|A,8V9L|1|A,8V9K|1|A,8VPK|1|A,8VR4|1|A,8VKI|1|A,8VK7|1|A,8VK0|1|A,8VIO|1|A,7XAM|1|A,8WI8|1|A,8KAB|1|A,5XYM|1|A,6DZI|1|A,8WIB|1|A,8VRL|1|A,8WI7|1|A,5O60|1|A,8VR8|1|A,8WIC|1|A,6DZP|1|A,9K10|1|A,8VKW|1|A,8XZ3|1|A,9E0P|1|A,5ZET|1|A,7S0S|1|C,9B1Y|1|Y,5ZEB|1|A,9B24|1|Y,9E0N|1|A,5ZEP|1|A,9B1X|1|Y,9B1W|1|Y,5O61|1|A"
"NR_4.0_10616.1","2NPY|1|A+2NPY|1|B","2NPY|1|A+2NPY|1|B"
"NR_4.0_43979.1","28YE|1|B","28YE|1|B"
"NR_4.0_90443.1","28YE|1|d","28YE|1|d"
"NR_4.0_42604.3","2NR0|1|H","2NR0|1|H,2NR0|1|E,2NR0|1|F,2NRE|1|F,2NR0|1|G"
"NR_4.0_36448.2","2NUG|1|C+2NUG|1|E","2NUG|1|C+2NUG|1|E,2NUG|1|D+2NUG|1|F"
"NR_4.0_17906.2","3G9C|1|R+3G9C|1|G","3G9C|1|R+3G9C|1|G,3G9C|1|Q+3G9C|1|F,2NZ4|1|Q+2NZ4|1|F,3G9C|1|S+3G9C|1|H,2NZ4|1|R+2NZ4|1|G,2NZ4|1|P+2NZ4|1|E,2NZ4|1|S+2NZ4|1|H,3G96|1|R+3G96|1|G,3G96|1|Q+3G96|1|F,3G8S|1|Q+3G8S|1|F,3G96|1|P+3G96|1|E,3G9C|1|P+3G9C|1|E,3G96|1|S+3G96|1|H,3G8S|1|R+3G8S|1|G,3L3C|1|Q+3L3C|1|F,3L3C|1|R+3L3C|1|G,3L3C|1|P+3L3C|1|E,3L3C|1|S+3L3C|1|H,3G8S|1|S+3G8S|1|H,3G8S|1|P+3G8S|1|E,3G8T|1|R+3G8T|1|G,3G8T|1|P+3G8T|1|E,3G8T|1|Q+3G8T|1|F,3G8T|1|S+3G8T|1|H"
"NR_4.0_48589.1","2O3V|1|A+2O3V|1|B","2O3V|1|A+2O3V|1|B"
"NR_4.0_75945.3","2OE8|1|B+2OE8|1|A","2OE8|1|B+2OE8|1|A,2OE6|1|B+2OE6|1|A"
"NR_4.0_53311.2","7KFN|1|B+7KFN|1|C","7KFN|1|B+7KFN|1|C,5ED2|1|E+5ED2|1|F,5ED2|1|B+5ED2|1|C,6D06|1|B+6D06|1|C"
"NR_4.0_92720.3","2OEU|1|A+2OEU|1|B","2OEU|1|A+2OEU|1|B,3ZP8|1|A+3ZP8|1|B,3ZD4|1|A+3ZD4|1|B,3ZD5|1|A+3ZD5|1|B"
"NR_4.0_74333.2","5O6U|1|A+5O6U|1|I+5O6U|1|H","5O6U|1|A+5O6U|1|I+5O6U|1|H,5O7H|1|A"
"NR_4.0_00179.3","5EIM|1|C","5EIM|1|C,5EIM|1|D"
"NR_4.0_57264.3","7L0Z|1|G","7L0Z|1|G,5OB3|1|A"
"NR_4.0_60142.1","2OIU|1|P","2OIU|1|P"
"NR_4.0_40750.1","5ELH|1|R","5ELH|1|R"
"NR_4.0_72712.1","5OIK|1|P+5OIK|1|N+5OIK|1|T","5OIK|1|P+5OIK|1|N+5OIK|1|T"
"NR_4.0_22747.3","2OZB|1|F","2OZB|1|F,2OZB|1|C"
"NR_4.0_98212.1","5ELR|1|B","5ELR|1|B"
"NR_4.0_53800.2","2P7E|1|B+2P7E|1|P+2P7E|1|A","2P7E|1|B+2P7E|1|P+2P7E|1|A,2P7D|1|B+2P7D|1|P+2P7D|1|A"
"NR_4.0_26105.1","5ELS|1|I","5ELS|1|I"
"NR_4.0_68957.1","2PJP|1|B","2PJP|1|B"
"NR_4.0_64649.3","2PY9|1|F","2PY9|1|F,2PY9|1|E"
"NR_4.0_67526.1","5EMF|1|A+5EMF|1|B","5EMF|1|A+5EMF|1|B"
"NR_4.0_99232.1","29UB|1|5","29UB|1|5"
"NR_4.0_43749.3","2Q1O|1|C+2Q1O|1|D","2Q1O|1|C+2Q1O|1|D,2Q1O|1|A+2Q1O|1|B"
"NR_4.0_18857.1","5EMO|1|F","5EMO|1|F"
"NR_4.0_23233.1","2Q66|1|X","2Q66|1|X"
"NR_4.0_04536.4","8RN1|1|V","8RN1|1|V"
"NR_4.0_39140.5","9OWQ|1|A","9OWQ|1|A,9OWY|1|A,9OWN|1|A,36UK|1|A,9OWX|1|A,9OWM|1|A,9OWJ|1|A,9OWT|1|A,9ZH0|1|A,9OWW|1|A,9OWL|1|A,9OWK|1|A,9OVC|1|A,9ZFC|1|A,9ZH7|1|A,9ZHG|1|A,9OWP|1|A,9OWU|1|A,9ZF2|1|A,9ZGN|1|A,9ZHI|1|A,9ZH1|1|A,9OWO|1|A,9ZGS|1|A,9ZFD|1|A,9ZGZ|1|A,9ZGR|1|A,9ZGY|1|A,9ZGQ|1|A,9ZHF|1|A,9ZH5|1|A,9ZI2|1|A,9ZGO|1|A,9ZGV|1|A,9ZHW|1|A,9ZHJ|1|A,9ZH9|1|A,9OWV|1|A,9ZH2|1|A,9ZI3|1|A,9ZI0|1|A,9ZHB|1|A,9ZHT|1|A,9ZI6|1|A,9ZHD|1|A,9ZGW|1|A,9ZHS|1|A,9ZGM|1|A,9OVB|1|A,9ZIF|1|A,9ZHR|1|A,9ZHZ|1|A,9ZHK|1|A,9ZGX|1|A,9OY4|1|A,9OV3|1|A,9ZHC|1|A,9ZHA|1|A,9ZI4|1|A,9ZHU|1|A,9ZHL|1|A,9ZI9|1|A,9ZHO|1|A,9ZGT|1|A,9OY2|1|A,9ZIK|1|A,9OV8|1|A,9ZGP|1|A,9ZHV|1|A,9ZIB|1|A,9ZF3|1|A,9ZIH|1|A,9ZIJ|1|A,9ZIL|1|A,9OWS|1|A,9ZDV|1|A,9OY3|1|A,9OV6|1|A,9ZIV|1|A,9ZIZ|1|A,9ZIM|1|A,9ZI5|1|A,9ZIC|1|A,9ZI8|1|A,9ZII|1|A,9ZIE|1|A,9ZI7|1|A,9ZF5|1|A,9ZHE|1|A,9ZHP|1|A,9ZIY|1|A,9ZHX|1|A,9ZIW|1|A,9ZIN|1|A,9ZGU|1|A,9OV7|1|A,9ZIG|1|A,9ZID|1|A,9ZIU|1|A,9ZIX|1|A,9ZF9|1|A,2A64|1|A"
"NR_4.0_41357.3","5EV3|1|B","5EV3|1|B,5EV2|1|B"
"NR_4.0_60942.1","5OT7|1|3","5OT7|1|3"
"NR_4.0_28724.1","2QEK|1|A+2QEK|1|B","2QEK|1|A+2QEK|1|B"
"NR_4.0_18481.1","5EV4|1|B","5EV4|1|B"
"NR_4.0_24003.1","2QKB|1|C+2QKB|1|D","2QKB|1|C+2QKB|1|D"
"NR_4.0_16758.3","5F5F|1|B","5F5F|1|B,5F5F|1|D,5F5F|1|H"
"NR_4.0_42653.3","5T16|1|H","5T16|1|H,5T16|1|P,5T16|1|O,5T16|1|G"
"NR_4.0_89230.1","5F5H|1|C","5F5H|1|C"
"NR_4.0_40252.3","2QUS|1|A","2QUS|1|A,2QUS|1|B"
"NR_4.0_58041.1","5F6C|1|E","5F6C|1|E"
"NR_4.0_99100.3","6AZ3|1|3","6AZ3|1|3,5T2A|1|E"
"NR_4.0_88345.3","2QUW|1|D+2QUW|1|C","2QUW|1|D+2QUW|1|C,2QUW|1|B+2QUW|1|A"
"NR_4.0_15150.3","6AZ3|1|6","6AZ3|1|6,5T2A|1|F"
"NR_4.0_02858.3","2QUX|1|F","2QUX|1|F,2QUX|1|I,2QUX|1|C,2QUX|1|R,2QUX|1|O,2QUX|1|L"
"NR_4.0_82286.3","6AZ3|1|5","6AZ3|1|5,5T2A|1|H"
"NR_4.0_67726.4","5F9F|1|F","5F9F|1|F,5F9F|1|L,5F9F|1|H,5F9F|1|B,5F9F|1|J,5F9F|1|D,5F9H|1|F,5F98|1|D,5F98|1|B,5F98|1|L,5F98|1|J,5F98|1|H,5F9H|1|J,5F9H|1|L,5F98|1|F,5F9H|1|D,5F9H|1|B,5F9H|1|H"
"NR_4.0_48748.1","5T5A|1|A","5T5A|1|A"
"NR_4.0_54575.1","5T5H|1|D","5T5H|1|D"
"NR_4.0_83080.3","2QWY|1|C","2QWY|1|C,2QWY|1|B,2QWY|1|A"
"NR_4.0_47776.1","5T5H|1|F","5T5H|1|F"
"NR_4.0_79575.1","5T5H|1|H","5T5H|1|H"
"NR_4.0_98299.1","5T7V|1|D","5T7V|1|D"
"NR_4.0_14458.1","5TC1|1|R","5TC1|1|R"
"NR_4.0_46386.1","2R7T|1|X","2R7T|1|X"
"NR_4.0_70523.1","2R7V|1|X","2R7V|1|X"
"NR_4.0_70895.3","5FJ4|1|H","5FJ4|1|H,5FJ4|1|D"
"NR_4.0_83556.1","2R93|1|R","2R93|1|R"
"NR_4.0_78714.3","5FMZ|1|H","5FMZ|1|H,5FMZ|1|V"
"NR_4.0_41567.2","2TMV|1|R","2TMV|1|R"
"NR_4.0_28269.3","5G2X|1|A","5G2X|1|A"
"NR_4.0_34246.1","5TSN|1|P+5TSN|1|T","5TSN|1|P+5TSN|1|T"
"NR_4.0_44803.2","2UUC|1|Y+2UUC|1|X","2UUC|1|Y+2UUC|1|X,2UU9|1|Y,2UUA|1|Y,2UUB|1|Y"
"NR_4.0_45609.8","6TNU|1|m","6TNU|1|m,7RR5|1|A,8UT0|1|m,8UTI|1|m,7NRC|1|Sm,6HD7|1|A,5MC6|1|m,5GAK|1|A"
"NR_4.0_36670.2","5U30|1|B+5U30|1|C+5U30|1|D","5U30|1|B+5U30|1|C+5U30|1|D,5U31|1|B+5U31|1|C+5U31|1|D,5U33|1|B+5U33|1|C+5U33|1|D,5U34|1|B,5WQE|1|B"
"NR_4.0_22064.1","2UUA|1|X","2UUA|1|X"
"NR_4.0_80109.1","2UXB|1|X","2UXB|1|X"
"NR_4.0_07184.1","2UXC|1|X+2UXC|1|Y","2UXC|1|X+2UXC|1|Y"
"NR_4.0_32990.4","6HD7|1|B","6HD7|1|B,5MC6|1|n,5GAK|1|B"
"NR_4.0_93427.4","5UD5|1|C","5UD5|1|C,5UD5|1|D,5V6X|1|C,5V6X|1|D,8UPY|1|C"
"NR_4.0_88837.1","2UXD|1|Y","2UXD|1|Y"
"NR_4.0_65010.1","2V7R|1|A+2V7R|1|B","2V7R|1|A+2V7R|1|B"
"NR_4.0_07902.5","5GAN|1|V+5GAN|1|W","5GAN|1|V+5GAN|1|W"
"NR_4.0_48507.1","5GJB|1|B","5GJB|1|B"
"NR_4.0_16324.3","2VOD|1|D","2VOD|1|D,2VOD|1|C"
"NR_4.0_71707.3","2VON|1|C","2VON|1|C,2VON|1|D"
"NR_4.0_25856.3","2VOO|1|C","2VOO|1|C,2VOO|1|D"
"NR_4.0_63515.1","5GM6|1|M","5GM6|1|M"
"NR_4.0_49650.1","2VOP|1|B","2VOP|1|B"
"NR_4.0_31550.1","5GMK|1|M","5GMK|1|M"
"NR_4.0_68259.1","5UNE|1|A+5UNE|1|B","5UNE|1|A+5UNE|1|B"
"NR_4.0_05778.1","5GXH|1|B","5GXH|1|B"
"NR_4.0_93255.1","5H0R|1|H+5H0R|1|I","5H0R|1|H+5H0R|1|I"
"NR_4.0_99944.1","2VRT|1|G","2VRT|1|G"
"NR_4.0_06107.1","2VUQ|1|A+2VUQ|1|B","2VUQ|1|A+2VUQ|1|B"
"NR_4.0_85058.2","5X8T|1|W","5X8T|1|W,5X8P|1|W,5H1S|1|C"
"NR_4.0_89739.2","5WS2|1|D","5WS2|1|D,5HAB|1|C,5HAB|1|D,5WS2|1|C"
"NR_4.0_23118.3","5HBY|1|A","5HBY|1|A,5V0K|1|A"
"NR_4.0_20856.1","5HJZ|1|C","5HJZ|1|C"
"NR_4.0_94467.9","7TAW|1|M","7TAW|1|M,7T3J|1|M,7JZX|1|M,7JZW|1|M,7JZZ|1|M,7ECW|1|M,7TAW|1|m,7T3K|1|M,6VQW|1|K,6VQV|1|L,7ELN|1|T,7ELM|1|T,6VQX|1|K,7ELN|1|J,7T3L|1|m,7TAX|1|M,7JZY|1|M,7T3L|1|M,7ELM|1|J,7ECV|1|M,6B46|1|M,7WE6|1|J,7WE6|1|T,7T3K|1|m,6B47|1|M,6B45|1|M,6B48|1|M,6W1X|1|M,5UZ9|1|M"
"NR_4.0_19539.3","5HNJ|1|A+5HNJ|1|B","5HNJ|1|A+5HNJ|1|B,5HNJ|1|C+5HNJ|1|D,5HN2|1|A+5HN2|1|B,5HN2|1|C+5HN2|1|D,5HNJ|1|E+5HNJ|1|F,5HN2|1|E+5HN2|1|F,5HNQ|1|C+5HNQ|1|D,5HNQ|1|A+5HNQ|1|B,5HNQ|1|K+5HNQ|1|L,5HNQ|1|E+5HNQ|1|F,5HNQ|1|G+5HNQ|1|H,5HNQ|1|M,5HNQ|1|I+5HNQ|1|J"
"NR_4.0_12494.3","6CFJ|1|1x","6CFJ|1|1x,6CFJ|1|2x,5IMQ|1|4"
"NR_4.0_20721.12","5J8B|1|x","5J8B|1|x,5E81|1|2K,4V7J|1|Av,4V7J|1|Bv,4V95|1|AV,5E81|1|2L,4V9B|1|AC,4V9B|1|CC,4V7K|1|Bv,4V7K|1|Av,4V95|1|CV,4L47|1|XV,4V7K|1|Bw,4V7K|1|Aw,4L47|1|QV,4V9A|1|AC,4WT8|1|C4,4V7J|1|Aw,4V7J|1|Bw,4V9A|1|CC,3J9Z|1|S6,4V4J|1|z,4V9B|1|CD,4V9B|1|AD,3JA1|1|S2,4V8X|1|AV,4V9N|1|CW,4V9N|1|AW,4V8X|1|CV,4V8X|1|CW,4V8U|1|CW,4V8X|1|AW,4V8U|1|AW,6BOK|1|IA,6BOK|1|LC,6BOK|1|D,6BOK|1|GB"
"NR_4.0_65615.3","5HR6|1|C","5HR6|1|C,5HR6|1|D"
"NR_4.0_95023.1","2A8V|1|D","2A8V|1|D"
"NR_4.0_42502.3","5HR7|1|D","5HR7|1|D,5HR7|1|C"
"NR_4.0_52699.3","2AKE|1|B","2AKE|1|B,2DR2|1|B"
"NR_4.0_91999.1","5HSW|1|B","5HSW|1|B"
"NR_4.0_36231.3","2ANN|1|B","2ANN|1|B,2ANR|1|B"
"NR_4.0_53890.3","2AO5|1|C+2AO5|1|D","2AO5|1|C+2AO5|1|D,2AO5|1|A+2AO5|1|B"
"NR_4.0_66760.1","5I9F|1|F","5I9F|1|F"
"NR_4.0_37298.1","2ASB|1|B","2ASB|1|B"
"NR_4.0_36938.1","5I9H|1|B","5I9H|1|B"
"NR_4.0_28594.3","2X1F|1|B","2X1F|1|B,2X1A|1|B"
"NR_4.0_61479.1","5IBB|1|1L","5IBB|1|1L"
"NR_4.0_56159.2","2X2Q|1|C+2X2Q|1|D","2X2Q|1|C+2X2Q|1|D,2X2Q|1|A+2X2Q|1|B"
"NR_4.0_93701.3","5V3F|1|A","5V3F|1|A,5V3F|1|B"
"NR_4.0_62870.1","2XB2|1|E","2XB2|1|E"
"NR_4.0_67485.1","5IT7|1|4","5IT7|1|4"
"NR_4.0_74928.1","5V7C|1|C","5V7C|1|C"
"NR_4.0_02641.2","2XBM|1|F","2XBM|1|F,2XBM|1|E"
"NR_4.0_38950.4","2XDB|1|G","2XDB|1|G,2XD0|1|H,2XD0|1|V,2XD0|1|I,2XD0|1|G,2XD0|1|U,2XDD|1|G,2XDD|1|F,2XDD|1|H"
"NR_4.0_21689.1","2B3J|1|G","2B3J|1|G"
"NR_4.0_11258.1","2XGJ|1|C","2XGJ|1|C"
"NR_4.0_53856.1","5JBG|1|X","5JBG|1|X"
"NR_4.0_65600.3","2XLK|1|C","2XLK|1|C,2XLK|1|D,2XLI|1|B,2XLJ|1|B,4AL6|1|B"
"NR_4.0_54145.5","9J1M|1|B","9J1M|1|B,7KGB|1|B,7MT7|1|B,9EBB|1|B,7MT2|1|B,7MSC|1|B,7MT3|1|B,7MSM|1|B,7MSZ|1|B,7MSH|1|B,9EC3|1|B,9E16|1|B,7SFR|1|B,9E1S|1|B,7F0D|1|B,5V93|1|B,5V7Q|1|B"
"NR_4.0_00973.1","2XS2|1|B","2XS2|1|B"
"NR_4.0_52870.1","5JC7|1|X+5JC7|1|Y","5JC7|1|X+5JC7|1|Y"
"NR_4.0_40777.1","5JEA|1|R","5JEA|1|R"
"NR_4.0_17264.3","2XSL|1|C+2XSL|1|D","2XSL|1|C+2XSL|1|D,2XSL|1|A+2XSL|1|B"
"NR_4.0_57933.3","2XXA|1|F","2XXA|1|F,2XXA|1|G"
"NR_4.0_88451.1","5JJK|1|G","5JJK|1|G"
"NR_4.0_50760.1","6TQB|1|B","6TQB|1|B"
"NR_4.0_76225.3","6IFL|1|J+6IFL|1|I","6IFL|1|J+6IFL|1|I,6IFR|1|J+6IFR|1|N"
"NR_4.0_80808.1","6IFN|1|N","6IFN|1|N"
"NR_4.0_17670.1","6TYF|1|I","6TYF|1|I"
"NR_4.0_36059.1","9L8M|1|C+9L8M|1|D","9L8M|1|C+9L8M|1|D,6TZ1|1|T+6TZ1|1|M"
"NR_4.0_68474.1","6IQW|1|I","6IQW|1|I"
"NR_4.0_22144.1","6TZ2|1|N+6TZ2|1|T+6TZ2|1|M","6TZ2|1|N+6TZ2|1|T+6TZ2|1|M"
"NR_4.0_08270.1","6U6Y|1|F","6U6Y|1|F"
"NR_4.0_65403.3","6IV9|1|B","6IV9|1|B,6IV8|1|B,6IV8|1|D"
"NR_4.0_67009.1","6U6Y|1|H","6U6Y|1|H"
"NR_4.0_74364.3","6UES|1|A","6UES|1|A"
"NR_4.0_35465.1","6UFH|1|A+6UFH|1|B","6UFH|1|A+6UFH|1|B"
"NR_4.0_03365.1","6UFM|1|B","6UFM|1|B"
"NR_4.0_69723.1","6UU3|1|333","6UU3|1|333"
"NR_4.0_41610.25","9FY2|1|A","9FY2|1|A,9FY1|1|A,9FY3|1|A,7AQC|1|A,7AS8|1|A,8BUU|1|A,9P38|1|A,7AQD|1|A,6HA1|1|A,7SAE|1|A,9P4I|1|A,8QPP|1|X,7O5B|1|X,7QV1|1|V,7QV2|1|V,9BSS|1|A,8R55|1|X,7OPE|1|A,7S9U|1|A,7AS9|1|A,6HA8|1|A,9BSL|1|A,9BS0|1|A,3J9W|1|BA,6PPF|1|A,5NJT|1|U,6PVK|1|A,7ASA|1|A,6TNN|1|U,6TPQ|1|U,8S1P|1|A,8QCQ|1|A,8S1U|1|A"
"NR_4.0_28332.1","6JJI|1|B","6JJI|1|B"
"NR_4.0_20040.1","6UV1|1|D","6UV1|1|D"
"NR_4.0_77766.1","6JQ5|1|A+6JQ5|1|B","6JQ5|1|A+6JQ5|1|B"
"NR_4.0_82332.1","6UV3|1|B","6UV3|1|B"
"NR_4.0_97043.1","6JVX|1|B","6JVX|1|B"
"NR_4.0_23423.1","6UVN|1|M","6UVN|1|M"
"NR_4.0_81264.1","6K32|1|t","6K32|1|t"
"NR_4.0_33615.3","6KLH|1|D","6KLH|1|D,6KLH|1|B"
"NR_4.0_67557.1","6KR6|1|B","6KR6|1|B"
"NR_4.0_64308.1","6KUJ|1|V","6KUJ|1|V"
"NR_4.0_04437.3","6KUR|1|V+6KUR|1|R","6KUR|1|V+6KUR|1|R,6KUU|1|V+6KUU|1|R"
"NR_4.0_93820.1","6KWQ|1|B+6KWQ|1|C","6KWQ|1|B+6KWQ|1|C"
"NR_4.0_04576.5","8EWB|1|EC","8EWB|1|EC,8EVQ|1|EC,8EVP|1|EC,8EUB|1|EC,8EWC|1|EC,8T3B|1|EC,8EVR|1|EC,8T3D|1|EC,8T3F|1|EC,8T3E|1|EC,8T3C|1|EC,9DOV|1|EC,5JUT|1|EC,5JUP|1|EC,9DP7|1|EC,5JUO|1|EC,5JUU|1|EC"
"NR_4.0_01689.3","6KYV|1|G","6KYV|1|G,6KYV|1|E,6KYV|1|C,6KYV|1|A,6KYV|1|K,6KYV|1|I"
"NR_4.0_70696.3","6L0Y|1|A","6L0Y|1|A,6L0Y|1|B"
"NR_4.0_28499.1","6L1W|1|C","6L1W|1|C"
"NR_4.0_47836.3","6LAX|1|A","6LAX|1|A,6LAZ|1|A,6LAZ|1|B,6LAX|1|B,6LAS|1|A,6LAS|1|B,6LAU|1|A,6LAU|1|B"
"NR_4.0_35284.1","6LKQ|1|w","6LKQ|1|w"
"NR_4.0_25498.1","6LLB|1|D","6LLB|1|D"
"NR_4.0_09807.1","6LSH|1|B+6LSH|1|C","6LSH|1|B+6LSH|1|C"
"NR_4.0_88542.1","6LXD|1|D","6LXD|1|D"
"NR_4.0_71389.1","6M6R|1|B","6M6R|1|B"
"NR_4.0_78109.1","6M7K|1|B","6M7K|1|B"
"NR_4.0_12322.1","333D|1|A","333D|1|A"
"NR_4.0_05887.9","9R3A|1|Z","9R3A|1|Z,7YSE|1|E,9WNQ|1|X,7F36|1|F,7F36|1|G,7F36|1|E,9I3L|1|Z,7F36|1|H,8ZEJ|1|X,7YSE|1|F,9WNR|1|X,8ZFI|1|X,7ZQ6|1|M,6OM6|1|5,8QOA|1|Z,9VVI|1|Z,9XWO|1|Z"
"NR_4.0_63943.1","354D|1|A+354D|1|B","354D|1|A+354D|1|B"
"NR_4.0_70550.1","361D|1|B","361D|1|B"
"NR_4.0_24187.3","7UVV|1|v","7UVV|1|v,7UVY|1|v,7UVW|1|v,6V3A|1|v,7UVZ|1|v,7M4Y|1|v,6V39|1|v,7M4X|1|v,7RYG|1|v,7RYF|1|v"
"NR_4.0_18726.1","6MFN|1|E+6MFN|1|C","6MFN|1|E+6MFN|1|C"
"NR_4.0_01949.9","36LM|1|A+36LM|1|B","36LM|1|A+36LM|1|B,9OL3|1|A+9OL3|1|B,9OL2|1|A+9OL2|1|B,7KUP|1|A+7KUP|1|B,7KUK|1|A+7KUK|1|B,7KUM|1|A+7KUM|1|B,5UED|1|A+5UED|1|B,6C8J|1|A+6C8J|1|B,8SWG|1|A+8SWG|1|B,7KUL|1|A+7KUL|1|B,36LE|1|C+36LE|1|D,6C8D|1|A+6C8D|1|B,36LE|1|A+36LE|1|B,6C8I|1|A+6C8I|1|B,5UEE|1|A+5UEE|1|B,7KUO|1|A+7KUO|1|B,6C8L|1|A+6C8L|1|B,6C8E|1|A+6C8E|1|B,6U8U|1|A+6U8U|1|B,36LC|1|A+36LC|1|B,6C8K|1|A+6C8K|1|B,6CAB|1|A+6CAB|1|B,5UEF|1|A+5UEF|1|B,5UEG|1|C+5UEG|1|D,5UEG|1|A+5UEG|1|B,6OWL|1|A"
"NR_4.0_10568.1","6MKN|1|X","6MKN|1|X"
"NR_4.0_66570.1","6MPI|1|X+6MPI|1|W","6MPI|1|X+6MPI|1|W"
"NR_4.0_11942.1","6MSF|1|S","6MSF|1|S"
"NR_4.0_04229.1","9NH5|1|Z+9NH5|1|Y","9NH5|1|Z+9NH5|1|Y,9NH6|1|Z+9NH6|1|Y,6V4X|1|Z+6V4X|1|Y,9NB1|1|Z+9NB1|1|Y,9N96|1|Z+9N96|1|Y"
"NR_4.0_43149.2","6O7I|1|H+6O7I|1|G","6O7I|1|H+6O7I|1|G,6MUS|1|H+6MUS|1|G"
"NR_4.0_14193.3","6V9B|1|B+6V9B|1|D","6V9B|1|B+6V9B|1|D,6V9D|1|B+6V9D|1|E"
"NR_4.0_16888.1","3J6B|1|e","3J6B|1|e"
"NR_4.0_98516.1","6MUT|1|H+6MUT|1|G","6MUT|1|H+6MUT|1|G"
"NR_4.0_99259.1","6VEM|1|A+6VEM|1|B","6VEM|1|A+6VEM|1|B"
"NR_4.0_60628.3","6MWN|1|B","6MWN|1|B,6MWN|1|A"
"NR_4.0_23334.2","6N1D|1|BMRN","6N1D|1|BMRN,6N1D|1|AMRN"
"NR_4.0_70719.3","6N2V|1|A","6N2V|1|A,6N2V|1|B"
"NR_4.0_97675.1","6N4O|1|C+6N4O|1|D","6N4O|1|C+6N4O|1|D"
"NR_4.0_52791.1","6VPC|1|A+6VPC|1|C+6VPC|1|D","6VPC|1|A+6VPC|1|C+6VPC|1|D"
"NR_4.0_39499.1","6VRC|1|B","6VRC|1|B"
"NR_4.0_19719.3","3ND4|1|A","3ND4|1|A,9MDY|1|A,9MDW|1|A,9MDX|1|A,9CSO|1|A,36LL|1|A,9CSP|1|A"
"NR_4.0_98106.2","6NDK|1|XY","6NDK|1|XY,6NDK|1|QY"
"NR_4.0_98886.1","6NE0|1|M+6NE0|1|N+6NE0|1|O","6NE0|1|M+6NE0|1|N+6NE0|1|O"
"NR_4.0_34877.3","6VWL|1|4","6VWL|1|4,6VWM|1|4,6VWN|1|4"
"NR_4.0_51454.3","6NOD|1|E","6NOD|1|E,6NOD|1|F,6NOD|1|D"
"NR_4.0_29604.3","6W2T|1|A","6W2T|1|A,6W2S|1|0"
"NR_4.0_58177.2","9OWY|1|C","9OWY|1|C,9OWX|1|C,9OWQ|1|C,9OWT|1|C,9OWN|1|C,9OWP|1|C,9OWW|1|C,9OWJ|1|C,9OWK|1|C,9OWO|1|C,9OWU|1|C,36UK|1|C"
"NR_4.0_01852.1","6W5C|1|B+6W5C|1|C+6W5C|1|D","6W5C|1|B+6W5C|1|C+6W5C|1|D"
"NR_4.0_10197.1","6W64|1|B+6W64|1|C","6W64|1|B+6W64|1|C"
"NR_4.0_09615.1","6NSH|1|XV","6NSH|1|XV"
"NR_4.0_69798.2","6NUE|1|H","6NUE|1|H,6NUD|1|H"
"NR_4.0_26205.2","8D2L|1|B+8D2L|1|T+8D2L|1|D+8D2L|1|X","8D2L|1|B+8D2L|1|T+8D2L|1|D+8D2L|1|X,8D2K|1|B+8D2K|1|T+8D2K|1|D+8D2K|1|X,8D2O|1|B+8D2O|1|X+8D2O|1|D+8D2O|1|T,8D2P|1|B+8D2P|1|T,8D2Q|1|B+8D2Q|1|X+8D2Q|1|D+8D2Q|1|T,8D2N|1|B+8D2N|1|X+8D2N|1|D,6WBR|1|B+6WBR|1|C+6WBR|1|D,6WC0|1|B+6WC0|1|C+6WC0|1|D,9AR5|1|B+9AR5|1|X+9AR5|1|D"
"NR_4.0_72654.1","6NUD|1|U","6NUD|1|U"
"NR_4.0_62735.1","36UK|1|E","36UK|1|E"
"NR_4.0_61996.1","6NUT|1|D","6NUT|1|D"
"NR_4.0_58704.3","6O16|1|C","6O16|1|C,6O16|1|D"
"NR_4.0_69769.1","6WDR|1|2","6WDR|1|2"
"NR_4.0_86185.3","6O1L|1|O","6O1L|1|O,6O1M|1|O,6O1M|1|P,6O1K|1|P,6O1K|1|O,6O1L|1|P"
"NR_4.0_36552.1","6O1O|1|N+6O1O|1|M","6O1O|1|N+6O1O|1|M"
"NR_4.0_24514.4","9N3I|1|A","9N3I|1|A,9N3J|1|A"
"NR_4.0_37355.1","6WOO|1|3","6WOO|1|3"
"NR_4.0_99139.1","37SO|1|A","37SO|1|A"
"NR_4.0_45442.1","397D|1|A+397D|1|B","397D|1|A+397D|1|B"
"NR_4.0_46617.1","6WYB|1|B+6WYB|1|C","6WYB|1|B+6WYB|1|C"
"NR_4.0_23880.1","6X7F|1|7+6X7F|1|5+6X7F|1|6","6X7F|1|7+6X7F|1|5+6X7F|1|6"
"NR_4.0_10909.1","6XA1|1|Bv","6XA1|1|Bv"
"NR_4.0_77646.1","6XBU|1|E+6XBU|1|F","6XBU|1|E+6XBU|1|F"
"NR_4.0_51758.5","7RDY|1|T+7RDY|1|P","7RDY|1|T+7RDY|1|P,7KRN|1|T+7KRN|1|P,7KRO|1|T+7KRO|1|P,7RDX|1|T+7RDX|1|P,7RE0|1|T+7RE0|1|P,7RDZ|1|T+7RDZ|1|P,7RE1|1|T+7RE1|1|P,7RE3|1|T+7RE3|1|P,6XEZ|1|T+6XEZ|1|P,7RE2|1|T+7RE2|1|P,7RE3|1|U+7RE3|1|Q,7KRP|1|T+7KRP|1|P"
"NR_4.0_58214.1","6O8W|1|v","6O8W|1|v"
"NR_4.0_39323.1","3ADL|1|B+3ADL|1|C","3ADL|1|B+3ADL|1|C"
"NR_4.0_23187.3","3AGV|1|S","3AGV|1|S,3AGV|1|U"
"NR_4.0_49161.3","6XJQ|1|A","6XJQ|1|A,6XJW|1|A,6XJQ|1|B,6XJW|1|B,6XJY|1|A,6XJZ|1|B,6XJY|1|B,6XJZ|1|A"
"NR_4.0_75304.1","3AHU|1|X","3AHU|1|X"
"NR_4.0_94195.3","6XLW|1|B","6XLW|1|B,6XLV|1|B,6XLX|1|B"
"NR_4.0_73186.1","6OGY|1|N","6OGY|1|N"
"NR_4.0_56041.3","3AMU|1|B","3AMU|1|B,3AMT|1|B"
"NR_4.0_80225.1","6OL3|1|C","6OL3|1|C"
"NR_4.0_61960.3","6XN3|1|R+6XN3|1|T","6XN3|1|R+6XN3|1|T,6XN7|1|R+6XN7|1|T"
"NR_4.0_75747.1","3AVT|1|T","3AVT|1|T"
"NR_4.0_47956.1","6XN4|1|R+6XN4|1|T","6XN4|1|R+6XN4|1|T"
"NR_4.0_26115.1","3AVV|1|T+3AVV|1|G","3AVV|1|T+3AVV|1|G"
"NR_4.0_51980.1","3AVX|1|T+3AVX|1|G","3AVX|1|T+3AVX|1|G"
"NR_4.0_58576.1","3AVY|1|T","3AVY|1|T"
"NR_4.0_83188.1","6OON|1|B","6OON|1|B"
"NR_4.0_62149.3","3B31|1|A+3B31|1|B","3B31|1|A+3B31|1|B,3MJA|1|B+3MJA|1|C,3MJ3|1|B+3MJ3|1|C,3MJB|1|A+3MJB|1|B"
"NR_4.0_13203.2","3BBM|1|B+3BBM|1|C+3BBM|1|A","3BBM|1|B+3BBM|1|C+3BBM|1|A,3B5S|1|B+3B5S|1|C+3B5S|1|A,3B5A|1|B+3B5A|1|C+3B5A|1|A,3BBK|1|B+3BBK|1|C+3BBK|1|A,3BBI|1|B+3BBI|1|C+3BBI|1|A,3B5F|1|B+3B5F|1|C+3B5F|1|A,3B91|1|B+3B91|1|C+3B91|1|A,3B58|1|B+3B58|1|C+3B58|1|A,4G6P|1|B+4G6P|1|C+4G6P|1|A,4G6S|1|B+4G6S|1|C+4G6S|1|A,3CR1|1|B+3CR1|1|C+3CR1|1|A,3I2Q|1|B+3I2Q|1|C+3I2Q|1|A,3CQS|1|B+3CQS|1|C+3CQS|1|A,3I2U|1|B+3I2U|1|C+3I2U|1|A,3I2R|1|B+3I2R|1|C+3I2R|1|A,3I2S|1|B+3I2S|1|C+3I2S|1|A"
"NR_4.0_04836.3","6P4G|1|1","6P4G|1|1,6P5I|1|1,6P4H|1|1,6P5J|1|1,6P5K|1|1"
"NR_4.0_05788.1","6P71|1|I","6P71|1|I"
"NR_4.0_46403.3","3BNN|1|C+3BNN|1|D","3BNN|1|C+3BNN|1|D,3BNN|1|A+3BNN|1|B,3BNO|1|A+3BNO|1|B,3BNO|1|C+3BNO|1|D,3BNP|1|A+3BNP|1|B"
"NR_4.0_57595.2","6VBW|1|K+6VBW|1|L","6VBW|1|K+6VBW|1|L,6PIJ|1|1+6PIJ|1|2+6PIJ|1|3,6V9Q|1|K,6PIF|1|1,6PIG|1|1"
"NR_4.0_24721.3","6PPP|1|A","6PPP|1|A,6PPP|1|I"
"NR_4.0_18600.1","6PPQ|1|H","6PPQ|1|H"
"NR_4.0_97847.3","6PUN|1|B","6PUN|1|B,6PUN|1|D"
"NR_4.0_14870.1","3BOY|1|D","3BOY|1|D"
"NR_4.0_32950.1","6PZQ|1|I+6PZQ|1|J","6PZQ|1|I+6PZQ|1|J"
"NR_4.0_64844.3","3BSO|1|T+3BSO|1|P","3BSO|1|T+3BSO|1|P,3BSN|1|T+3BSN|1|P,3H5X|1|T+3H5X|1|P,3H5Y|1|T+3H5Y|1|P"
"NR_4.0_06388.3","6C6K|1|F","6C6K|1|F,6C6K|1|E"
"NR_4.0_97269.1","6Q95|1|4","6Q95|1|4"
"NR_4.0_25919.1","6CF2|1|G","6CF2|1|G"
"NR_4.0_81466.2","3BSU|1|D+3BSU|1|E","3BSU|1|D+3BSU|1|E,3BSU|1|I+3BSU|1|J,4WKJ|1|A+4WKJ|1|B,4WKJ|1|C+4WKJ|1|F,4WKJ|1|G+4WKJ|1|H,4WKJ|1|D+4WKJ|1|E"
"NR_4.0_54715.3","7Q4K|1|D2","7Q4K|1|D2,6Q97|1|8"
"NR_4.0_08930.1","6Q9A|1|4","6Q9A|1|4"
"NR_4.0_79079.1","6QCS|1|M","6QCS|1|M"
"NR_4.0_91544.3","3BSX|1|C","3BSX|1|C,3BSX|1|D"
"NR_4.0_85701.1","6QDV|1|E","6QDV|1|E"
"NR_4.0_51674.3","3BT7|1|D","3BT7|1|D,3BT7|1|C"
"NR_4.0_35054.12","9C6J|1|A","9C6J|1|A,9QU7|1|A,9C6I|1|A,3IGI|1|A,8OLV|1|A,5J02|1|A+5J02|1|B,4Y1O|1|A,4Y1O|1|B,4FAR|1|A,4E8N|1|A,6T3S|1|A,8OLY|1|A,4FAX|1|A,4FAU|1|A,8OLS|1|A,4FAW|1|A,5J01|1|A,4FB0|1|A,4E8Q|1|A,4E8K|1|A,4E8P|1|A,6T3R|1|A,4E8T|1|A,8RUI|1|A,8RUJ|1|A,6T3N|1|A,3EOH|1|A,8RUM|1|A,8RUL|1|A,4FAQ|1|A,4Y1N|1|B,4Y1N|1|A,4E8R|1|A,8OLZ|1|A,6T3K|1|A,3G78|1|A,8RUN|1|A,8OLW|1|A,4E8M|1|A,9QU6|1|A,9G4J|1|A,4DS6|1|A,9QTJ|1|1,3EOG|1|A,3BWP|1|A,8OM0|1|A,4E8V|1|A"
"NR_4.0_75310.1","6CU1|1|A","6CU1|1|A"
"NR_4.0_98268.3","6CZR|1|1a","6CZR|1|1a,6CZR|1|2a"
"NR_4.0_79100.1","6D12|1|C","6D12|1|C"
"NR_4.0_84648.1","6D90|1|4","6D90|1|4"
"NR_4.0_59317.3","6DB8|1|R","6DB8|1|R,6DB9|1|R"
"NR_4.0_14959.3","6DCB|1|B","6DCB|1|B,6DCC|1|B"
"NR_4.0_69040.1","6QN3|1|B+6QN3|1|A","6QN3|1|B+6QN3|1|A"
"NR_4.0_38306.1","6DCL|1|C","6DCL|1|C"
"NR_4.0_43614.1","6QX3|1|G","6QX3|1|G"
"NR_4.0_51377.4","6WRU|1|2","6WRU|1|2,6WQN|1|2,6WQQ|1|2,7TTW|1|2,6WRS|1|2,6DDG|1|2,6DDD|1|2,7TTU|1|2"
"NR_4.0_73703.3","6R6G|1|2","6R6G|1|2,6R6P|1|2,6R5Q|1|2,6R7Q|1|2"
"NR_4.0_24366.3","6R6P|1|3","6R6P|1|3,6R5Q|1|3,6R6G|1|3,6R7Q|1|3"
"NR_4.0_98802.3","6DLR|1|A","6DLR|1|A,6DLT|1|A,6DLS|1|A,6DLQ|1|A,6DNR|1|A"
"NR_4.0_67005.1","6R6G|1|4","6R6G|1|4"
"NR_4.0_53745.6","8AAF|1|x","8AAF|1|x,8AGT|1|y,7ZW0|1|sl,8AGV|1|x,8AGT|1|x,8AGV|1|y,8AGU|1|y,8AAF|1|y,8AGX|1|y,8AGZ|1|y,8AGW|1|y,8AGZ|1|x,6R84|1|B,8AGW|1|x,6R87|1|B,8AGX|1|x,9BDN|1|TIRN,9BDP|1|TIRN,9OFV|1|y,9OFV|1|x,9UTW|1|A"
"NR_4.0_85531.1","6DNH|1|E","6DNH|1|E"
"NR_4.0_41425.1","6DTD|1|C","6DTD|1|C"
"NR_4.0_51124.1","6DU4|1|B","6DU4|1|B"
"NR_4.0_89968.1","6DVK|1|H","6DVK|1|H"
"NR_4.0_81112.1","6E7L|1|A","6E7L|1|A"
"NR_4.0_67948.1","6R9M|1|B","6R9M|1|B"
"NR_4.0_19332.1","6R9P|1|B","6R9P|1|B"
"NR_4.0_71760.1","6RA4|1|L+6RA4|1|M","6RA4|1|L+6RA4|1|M"
"NR_4.0_46216.1","3CGS|1|B+3CGS|1|A","3CGS|1|B+3CGS|1|A"
"NR_4.0_96160.1","3CJZ|1|A+3CJZ|1|B","3CJZ|1|A+3CJZ|1|B"
"NR_4.0_49553.3","3CUL|1|C","3CUL|1|C,3CUL|1|D,3CUN|1|C,3CUN|1|D"
"NR_4.0_27521.1","6E9E|1|B","6E9E|1|B"
"NR_4.0_07366.1","6EEN|1|F","6EEN|1|F"
"NR_4.0_33460.8","7B0Y|1|a+7B0Y|1|P+7B0Y|1|N+7B0Y|1|T","7B0Y|1|a+7B0Y|1|P+7B0Y|1|N+7B0Y|1|T,9QEQ|1|a+9QEQ|1|P+9QEQ|1|N+9QEQ|1|T,6QX9|1|1+6QX9|1|2+6QX9|1|6+6QX9|1|I,7VPX|1|L+7VPX|1|K"
"NR_4.0_18559.1","6EEN|1|H","6EEN|1|H"
"NR_4.0_98718.2","6RJG|1|D+6RJG|1|E+6RJG|1|G","6RJG|1|D+6RJG|1|E+6RJG|1|G,6RJD|1|D+6RJD|1|E+6RJD|1|G,6RJ9|1|D+6RJ9|1|E,6RJA|1|D+6RJA|1|E,6RJA|1|G+6RJA|1|H"
"NR_4.0_04923.1","6ENJ|1|v","6ENJ|1|v"
"NR_4.0_88906.3","3CZ3|1|G+3CZ3|1|H","3CZ3|1|G+3CZ3|1|H,3CZ3|1|E+3CZ3|1|F"
"NR_4.0_98916.1","3CZW|1|X","3CZW|1|X"
"NR_4.0_77670.1","6RM3|1|L70","6RM3|1|L70"
"NR_4.0_22479.3","3D0U|1|A","3D0U|1|A,3D0X|1|A,4ERL|1|A,4ERJ|1|A"
"NR_4.0_81641.3","6F4G|1|C","6F4G|1|C,6F4G|1|F"
"NR_4.0_84022.3","6RR7|1|D+6RR7|1|E","6RR7|1|D+6RR7|1|E,7NHC|1|D,7NHA|1|D,7NHX|1|F,7NI0|1|D,8R60|1|D"
"NR_4.0_56099.3","6F4H|1|B","6F4H|1|B,6F4H|1|F"
"NR_4.0_67685.3","3D2S|1|E","3D2S|1|E,3D2S|1|G"
"NR_4.0_64766.1","6F4H|1|D","6F4H|1|D"
"NR_4.0_35553.3","3D2S|1|F","3D2S|1|F,3D2S|1|H"
"NR_4.0_03690.1","6FPQ|1|B","6FPQ|1|B"
"NR_4.0_77521.1","6RR7|1|F","6RR7|1|F"
"NR_4.0_76733.1","3DD2|1|B","3DD2|1|B"
"NR_4.0_66418.1","6FQ3|1|B","6FQ3|1|B"
"NR_4.0_19855.1","6FQR|1|C","6FQR|1|C"
"NR_4.0_29848.3","3DIL|1|A","3DIL|1|A,3DIX|1|A,3DIR|1|A,3DIY|1|A,3DIQ|1|A,3DIG|1|X,3DIO|1|X,3DJ2|1|A,3DIS|1|A,3DIM|1|A,3DIZ|1|A,3DJ0|1|A"
"NR_4.0_59005.1","6FUW|1|D","6FUW|1|D"
"NR_4.0_33534.4","7BKP|1|X+7BKP|1|Z","7BKP|1|X+7BKP|1|Z,6G19|1|X+6G19|1|Y,6GKM|1|X+6GKM|1|Y"
"NR_4.0_91756.3","6S8B|1|V+6S8B|1|U","6S8B|1|V+6S8B|1|U,6SHB|1|V+6SHB|1|U,6S91|1|V+6S91|1|U,6S8E|1|V+6S8E|1|U,6SH8|1|V+6SH8|1|U,6SIC|1|V+6SIC|1|U,6S6B|1|V"
"NR_4.0_19467.1","6G3B|1|C+6G3B|1|D","6G3B|1|C+6G3B|1|D"
"NR_4.0_81569.1","6G90|1|1+6G90|1|2+6G90|1|I","6G90|1|1+6G90|1|2+6G90|1|I"
"NR_4.0_58167.3","3E5C|1|A","3E5C|1|A,3E5F|1|A,3E5E|1|A"
"NR_4.0_75086.1","6SGA|1|CA","6SGA|1|CA"
"NR_4.0_06055.1","6SJD|1|D","6SJD|1|D"
"NR_4.0_45040.3","3EPH|1|E","3EPH|1|E,3EPK|1|E,3EPH|1|F,3EPK|1|F,3EPJ|1|E,3EPJ|1|F,3EPL|1|F,3EPL|1|E"
"NR_4.0_55002.3","6SKG|1|BA","6SKG|1|BA,6TH6|1|BA,6SKF|1|BA"
"NR_4.0_62752.1","3EQT|1|C+3EQT|1|D","3EQT|1|C+3EQT|1|D"
"NR_4.0_08417.6","8RWG|1|A","8RWG|1|A,9Q42|1|A,9Q40|1|A,9Q43|1|A,9Q44|1|A,7UNW|1|A,7UNV|1|A,7UNU|1|A,7UNR|1|A,6SPB|1|A,6SPF|1|A,8CD1|1|A,6SPG|1|A,6SPD|1|A"
"NR_4.0_07227.3","3ERC|1|F","3ERC|1|F,3ERC|1|E"
"NR_4.0_40973.1","3ERC|1|G","3ERC|1|G"
"NR_4.0_64727.6","8RWG|1|C","8RWG|1|C,9Q44|1|B,9Q40|1|B,9Q42|1|B,9Q43|1|B,7UNW|1|B,7UNV|1|B,7UNU|1|B,6SPB|1|B,7UNR|1|B,8CD1|1|B,6SPG|1|B,6SPD|1|B,6SPF|1|B"
"NR_4.0_15144.1","3FHT|1|D","3FHT|1|D"
"NR_4.0_55153.1","3FS0|1|B+3FS0|1|A","3FS0|1|B+3FS0|1|A"
"NR_4.0_25813.1","3FTF|1|C+3FTF|1|D","3FTF|1|C+3FTF|1|D"
"NR_4.0_48702.4","6GC5|1|E","6GC5|1|E,6GC5|1|F,6GC5|1|H"
"NR_4.0_49451.1","3G9Y|1|C","3G9Y|1|C"
"NR_4.0_45842.1","6GD2|1|D","6GD2|1|D"
"NR_4.0_65669.5","7UNW|1|a","7UNW|1|a,7UNV|1|a,7UNU|1|a,7UNR|1|a,8CD1|1|a,6SPC|1|a,6SPE|1|a,8RWG|1|B,6SPG|1|a,6SPF|1|a"
"NR_4.0_45934.1","6GFW|1|R","6GFW|1|R"
"NR_4.0_70808.1","6GOV|1|R+6GOV|1|K+6GOV|1|L","6GOV|1|R+6GOV|1|K+6GOV|1|L"
"NR_4.0_44617.3","6STY|1|C","6STY|1|C,6STY|1|F"
"NR_4.0_70863.3","6SVS|1|A","6SVS|1|A,6SVS|1|B"
"NR_4.0_96091.9","9KDT|1|L5+9KDT|1|L8","9KDT|1|L5+9KDT|1|L8,7CPU|1|L5+7CPU|1|L8,9KDW|1|L5+9KDW|1|L8,9H4N|1|A2+9H4N|1|C2,9KDU|1|L5+9KDU|1|L8,7CPV|1|L5+7CPV|1|L8,9QQP|1|A2+9QQP|1|C2,9QOH|1|A2+9QOH|1|C2,9QWT|1|A2+9QWT|1|C2,7LS2|1|A2+7LS2|1|C2,9QQL|1|A2+9QQL|1|C2,9KDV|1|L5+9KDV|1|L8,6SWA|1|q+6SWA|1|r,9QZP|1|A2+9QZP|1|C2,9QSA|1|A2+9QSA|1|C2,7LS1|1|A2+7LS1|1|C2"
"NR_4.0_81896.4","3GLP|1|A+3GLP|1|B","3GLP|1|A+3GLP|1|B,3GLP|1|C+3GLP|1|D,3GLP|1|E"
"NR_4.0_24663.1","3GS5|1|C","3GS5|1|C"
"NR_4.0_38006.1","3HAX|1|E+3HAX|1|F","3HAX|1|E+3HAX|1|F"
"NR_4.0_63291.1","6GVY|1|C+6GVY|1|B","6GVY|1|C+6GVY|1|B"
"NR_4.0_13447.3","6H0R|1|A","6H0R|1|A,6H0R|1|B"
"NR_4.0_21609.9","9H4N|1|B2","9H4N|1|B2,9KDW|1|L7,9KDT|1|L7,7CPU|1|L7,9QQP|1|B2,7CPV|1|L7,9QOH|1|B2,9KDU|1|L7,9QWT|1|B2,9QQL|1|B2,7LS2|1|B2,9KDV|1|L7,6SWA|1|s,9QZP|1|B2,9QSA|1|B2,7LS1|1|B2"
"NR_4.0_84781.1","6H25|1|R","6H25|1|R"
"NR_4.0_60226.1","6H5Q|1|R","6H5Q|1|R"
"NR_4.0_52030.3","6H9H|1|D","6H9H|1|D,6H9I|1|C,6H9I|1|E"
"NR_4.0_23301.1","3HSB|1|X","3HSB|1|X"
"NR_4.0_57792.1","6HA8|1|x","6HA8|1|x"
"NR_4.0_51748.3","3I62|1|B","3I62|1|B,3I61|1|B,3I5Y|1|B,3I5X|1|B"
"NR_4.0_62468.2","6HCF|1|w3","6HCF|1|w3"
"NR_4.0_01806.1","3IAB|1|R","3IAB|1|R"
"NR_4.0_07301.1","6HCT|1|A+6HCT|1|B","6HCT|1|A+6HCT|1|B"
"NR_4.0_18881.1","6SWD|1|2","6SWD|1|2"
"NR_4.0_70081.1","3IBK|1|B","3IBK|1|B"
"NR_4.0_42813.5","6YXY|1|AA","6YXY|1|AA,7AOI|1|AA,6HIX|1|AA"
"NR_4.0_43894.1","6SWE|1|2","6SWE|1|2"
"NR_4.0_17498.3","3ICQ|1|E","3ICQ|1|E,3ICQ|1|D"
"NR_4.0_48564.3","6SX2|1|C+6SX2|1|D","6SX2|1|C+6SX2|1|D,6SX0|1|C+6SX0|1|D"
"NR_4.0_65401.1","3IEV|1|D","3IEV|1|D"
"NR_4.0_50897.1","8ONY|1|8","8ONY|1|8,6SXO|1|L8,9GJ6|1|8"
"NR_4.0_65081.1","6SY6|1|D","6SY6|1|D"
"NR_4.0_68616.1","6HYU|1|B","6HYU|1|B"
"NR_4.0_27410.1","6SZV|1|M+6SZV|1|R","6SZV|1|M+6SZV|1|R"
"NR_4.0_58324.3","6I3P|1|F","6I3P|1|F,6I3P|1|H,6I3P|1|E,6I3P|1|G"
"NR_4.0_96736.1","6T0S|1|V+6T0S|1|M","6T0S|1|V+6T0S|1|M"
"NR_4.0_58564.3","3IVK|1|M","3IVK|1|M,3IVK|1|C"
"NR_4.0_96274.4","6T4Q|1|7","6T4Q|1|7,6T7I|1|7,6Q8Y|1|m"
"NR_4.0_40309.3","6T0W|1|V","6T0W|1|V,6T2C|1|V"
"NR_4.0_66984.3","3IVN|1|A","3IVN|1|A,3IVN|1|B"
"NR_4.0_16963.1","6T7I|1|5","6T7I|1|5"
"NR_4.0_25458.3","3IWN|1|A","3IWN|1|A,3IWN|1|B"
"NR_4.0_40208.1","3J06|1|R","3J06|1|R"
"NR_4.0_21434.1","6THN|1|A","6THN|1|A"
"NR_4.0_15094.1","6IA2|1|A+6IA2|1|B","6IA2|1|A+6IA2|1|B"
"NR_4.0_24985.3","6TQA|1|F","6TQA|1|F,6TQA|1|G,6TQA|1|E,6TQA|1|H"
"NR_4.0_57272.1","6ID1|1|H+6ID1|1|F","6ID1|1|H+6ID1|1|F"
"NR_4.0_29032.3","7B3D|1|T+7B3D|1|P","7B3D|1|T+7B3D|1|P,7B3B|1|T+7B3B|1|P"
"NR_4.0_82743.2","7M57|1|ZZ","7M57|1|ZZ,7M57|1|a,7M57|1|RR,7M57|1|dd"
"NR_4.0_31915.1","7B3C|1|T+7B3C|1|P","7B3C|1|T+7B3C|1|P"
"NR_4.0_08327.3","435D|1|C+435D|1|D","435D|1|C+435D|1|D,435D|1|A+435D|1|B"
"NR_4.0_12110.3","7NUQ|1|C","7NUQ|1|C,7BG6|1|C,7NUN|1|C"
"NR_4.0_38728.1","7M5O|1|B","7M5O|1|B"
"NR_4.0_19513.1","438D|1|A+438D|1|B","438D|1|A+438D|1|B"
"NR_4.0_31728.3","7MJW|1|G","7MJW|1|G,7MJW|1|M,7MJX|1|M,7MJX|1|D"
"NR_4.0_65501.1","7MJY|1|M","7MJY|1|M"
"NR_4.0_99878.1","7ML4|1|P","7ML4|1|P"
"NR_4.0_01253.1","7MLW|1|F","7MLW|1|F"
"NR_4.0_30553.1","7MQA|1|L0","7MQA|1|L0"
"NR_4.0_36640.2","8QPE|1|4+8QPE|1|6","8QPE|1|4+8QPE|1|6,8QOZ|1|4+8QOZ|1|6,8Q7N|1|4+8Q7N|1|6,8QPB|1|4+8QPB|1|6,8QPA|1|4+8QPA|1|6+8QPA|1|z,6QX9|1|4+6QX9|1|2+6QX9|1|6,8QP8|1|4+8QP8|1|6,6QW6|1|4+6QW6|1|6,6AHD|1|I+6AHD|1|H+6AHD|1|F+6AHD|1|G,8H6L|1|4A+8H6L|1|2A+8H6L|1|A+8H6L|1|6A,8H6K|1|4A+8H6K|1|2A+8H6K|1|A+8H6K|1|6A,8H6E|1|4A+8H6E|1|2A+8H6E|1|A+8H6E|1|6A,8H6J|1|4A+8H6J|1|2A+8H6J|1|6A"
"NR_4.0_95786.3","7KWG|1|A","7KWG|1|A,7BGD|1|A"
"NR_4.0_68756.1","7BHP|1|B","7BHP|1|B"
"NR_4.0_62395.1","7BZF|1|F+7BZF|1|G","7BZF|1|F+7BZF|1|G"
"NR_4.0_26439.3","7C06|1|C","7C06|1|C,7C06|1|R,7C06|1|F,7C06|1|I,7C08|1|U,7C06|1|U,7C08|1|L,7C06|1|L,7C08|1|C,7C08|1|F,7C08|1|R"
"NR_4.0_40535.1","3JCS|1|3","3JCS|1|3"
"NR_4.0_03414.1","3JCS|1|6","3JCS|1|6"
"NR_4.0_79353.3","6NF8|1|A","6NF8|1|A,6NEQ|1|A"
"NR_4.0_03625.1","7C07|1|1","7C07|1|1"
"NR_4.0_50890.4","3JXQ|1|A+3JXQ|1|B","3JXQ|1|A+3JXQ|1|B,3JXR|1|A+3JXR|1|B,3JXR|1|K"
"NR_4.0_60411.3","7MSF|1|R","7MSF|1|R,7MSF|1|S"
"NR_4.0_19099.3","3K0J|1|E","3K0J|1|E,3K0J|1|F"
"NR_4.0_63119.1","7C07|1|I","7C07|1|I"
"NR_4.0_16515.4","7N06|1|G","7N06|1|G,7N06|1|H,7N06|1|I,8QRN|1|6,7N06|1|L,7N06|1|J,7N06|1|K,7N33|1|H,7N33|1|I,7N33|1|G,7N33|1|J,7N33|1|L,7N33|1|K"
"NR_4.0_92727.3","3K49|1|F","3K49|1|F,3K49|1|D,3K49|1|B"
"NR_4.0_02802.1","7C07|1|X","7C07|1|X"
"NR_4.0_80069.1","7C08|1|I","7C08|1|I"
"NR_4.0_88912.1","7C2K|1|F+7C2K|1|G","7C2K|1|F+7C2K|1|G"
"NR_4.0_25162.3","3K5Q|1|B","3K5Q|1|B,7S02|1|B"
"NR_4.0_93862.1","7C7A|1|R","7C7A|1|R"
"NR_4.0_02457.3","9J9H|1|B","9J9H|1|B,9J9I|1|B,9BUQ|1|AB,9BUS|1|AB,9BUP|1|AB,5UMD|1|B,3J79|1|B,9BUT|1|AB,9BUU|1|AB"
"NR_4.0_84036.3","3QGB|1|B","3QGB|1|B,3K5Y|1|B"
"NR_4.0_43688.1","7CGF|1|B","7CGF|1|B"
"NR_4.0_26816.1","3K5Z|1|B","3K5Z|1|B"
"NR_4.0_85762.1","3K62|1|B","3K62|1|B"
"NR_4.0_98426.1","7CGI|1|B","7CGI|1|B"
"NR_4.0_74559.1","7N0C|1|T+7N0C|1|D","7N0C|1|T+7N0C|1|D"
"NR_4.0_79254.3","3KFU|1|L","3KFU|1|L,3KFU|1|K,3KFU|1|N,3KFU|1|M"
"NR_4.0_25251.1","7CGL|1|B","7CGL|1|B"
"NR_4.0_51105.9","9KDT|1|S2","9KDT|1|S2,9QQP|1|m2,9KDW|1|S2,7CPU|1|S2,9KDU|1|S2,9QWT|1|m2,7LS2|1|m2,9QOH|1|m2,7CPV|1|S2,9QQL|1|m2,9KDV|1|S2,9H4N|1|m2,9QSA|1|m2,9QZP|1|m2,7LS1|1|m2"
"NR_4.0_18038.1","7N2V|1|Pt","7N2V|1|Pt"
"NR_4.0_56855.3","3KNA|1|B+3KNA|1|C","3KNA|1|B+3KNA|1|C,3KMS|1|B+3KMS|1|C,4IQX|1|B+4IQX|1|C,3KLV|1|B+3KLV|1|C"
"NR_4.0_58276.3","9J9H|1|j","9J9H|1|j,9J9I|1|j,9BUQ|1|SA,9BUS|1|SA,9BUP|1|SA,9BUT|1|SA,9BUU|1|SA,6OKK|1|A,3J7A|1|A"
"NR_4.0_35816.1","3KMQ|1|B+3KMQ|1|C","3KMQ|1|B+3KMQ|1|C"
"NR_4.0_01810.1","3KS8|1|E+3KS8|1|F","3KS8|1|E+3KS8|1|F"
"NR_4.0_61877.5","7R6Q|1|6","7R6Q|1|6,7R7A|1|6,7NAC|1|6,7UOO|1|6,7U0H|1|6,7V08|1|6"
"NR_4.0_35088.1","3LOA|1|B+3LOA|1|A","3LOA|1|B+3LOA|1|A"
"NR_4.0_61988.3","3OG8|1|C+3OG8|1|D","3OG8|1|C+3OG8|1|D,3LRN|1|C+3LRN|1|D"
"NR_4.0_44340.1","3LRR|1|C+3LRR|1|D","3LRR|1|C+3LRR|1|D"
"NR_4.0_35122.3","7R72|1|1","7R72|1|1,7NAD|1|1"
"NR_4.0_32018.3","7R72|1|2","7R72|1|2,7NAD|1|2"
"NR_4.0_36824.1","7NAF|1|1","7NAF|1|1"
"NR_4.0_11127.3","7CXM|1|J+7CXM|1|I","7CXM|1|J+7CXM|1|I,7CXN|1|J+7CXN|1|I"
"NR_4.0_94716.1","7NGA|1|X+7NGA|1|Y","7NGA|1|X+7NGA|1|Y"
"NR_4.0_83547.1","3J7R|1|S6","3J7R|1|S6"
"NR_4.0_33509.1","3MDI|1|C","3MDI|1|C"
"NR_4.0_58396.3","7CXM|1|L","7CXM|1|L,7CXN|1|L"
"NR_4.0_33458.1","3MIJ|1|A","3MIJ|1|A"
"NR_4.0_46784.1","7CYQ|1|J+7CYQ|1|I","7CYQ|1|J+7CYQ|1|I"
"NR_4.0_88566.1","3MOJ|1|A","3MOJ|1|A"
"NR_4.0_11638.1","7NHL|1|D","7NHL|1|D"
"NR_4.0_22038.3","7BAH|1|C+7BAH|1|D","7BAH|1|C+7BAH|1|D,3NCU|1|C+3NCU|1|D,7BAI|1|C+7BAI|1|D,7BAI|1|V"
"NR_4.0_87074.2","7D3J|1|B+7D3J|1|C+7D3J|1|D","7D3J|1|B+7D3J|1|C+7D3J|1|D,7D2L|1|B+7D2L|1|C+7D2L|1|D"
"NR_4.0_00559.1","7D7V|1|A","7D7V|1|A"
"NR_4.0_29649.1","3ND3|1|A","3ND3|1|A"
"NR_4.0_97629.1","3NL0|1|B+3NL0|1|C","3NL0|1|B+3NL0|1|C"
"NR_4.0_01601.1","7D8C|1|C","7D8C|1|C"
"NR_4.0_69142.1","3NMR|1|B","3NMR|1|B"
"NR_4.0_61969.1","7NHN|1|a","7NHN|1|a"
"NR_4.0_76885.2","7NSJ|1|AV","7NSJ|1|AV,7NSJ|1|AY"
"NR_4.0_42633.1","3NNA|1|B","3NNA|1|B"
"NR_4.0_39307.1","7NT5|1|N","7NT5|1|N"
"NR_4.0_51631.1","3NNH|1|E","3NNH|1|E"
"NR_4.0_20988.1","7NWG|1|q3","7NWG|1|q3"
"NR_4.0_83027.3","3NPQ|1|A","3NPQ|1|A,3NPQ|1|C,3NPQ|1|B,3NPN|1|A"
"NR_4.0_30824.1","7DD3|1|G","7DD3|1|G"
"NR_4.0_02522.1","7NWI|1|K","7NWI|1|K"
"NR_4.0_31876.1","7DFH|1|T+7DFH|1|P","7DFH|1|T+7DFH|1|P"
"NR_4.0_50588.3","3NVI|1|E","3NVI|1|E,3NVI|1|F"
"NR_4.0_56532.3","7DLZ|1|Y","7DLZ|1|Y,7DWH|1|Y,7DLZ|1|X,7DWH|1|X"
"NR_4.0_91077.1","7O0G|1|E+7O0G|1|F","7O0G|1|E+7O0G|1|F"
"NR_4.0_30567.1","3NVK|1|G","3NVK|1|G"
"NR_4.0_29461.1","7O1C|1|B7","7O1C|1|B7"
"NR_4.0_90447.1","7DMQ|1|B+7DMQ|1|C","7DMQ|1|B+7DMQ|1|C"
"NR_4.0_53884.3","3O7V|1|A","3O7V|1|A,3O3I|1|A,3O6E|1|A"
"NR_4.0_21052.1","7DOK|1|T+7DOK|1|P","7DOK|1|T+7DOK|1|P"
"NR_4.0_22108.3","7O7Z|1|AT","7O7Z|1|AT,7O7Y|1|AT"
"NR_4.0_24522.1","7DTE|1|F+7DTE|1|G","7DTE|1|F+7DTE|1|G"
"NR_4.0_37888.1","7O7Z|1|AH","7O7Z|1|AH"
"NR_4.0_05398.1","7DVQ|1|F+7DVQ|1|H+7DVQ|1|G","7DVQ|1|F+7DVQ|1|H+7DVQ|1|G,9XU3|1|6+9XU3|1|1+9XU3|1|2,9XTT|1|6+9XTT|1|1+9XTT|1|2"
"NR_4.0_06465.1","7O81|1|AJ","7O81|1|AJ"
"NR_4.0_66387.3","3OK4|1|N","3OK4|1|N,3OK4|1|D,3OK4|1|L,3OK4|1|Z,3OK4|1|4,3OK4|1|X,3OK4|1|V,3OK4|1|P,3OK4|1|F,3OK4|1|H,3OK4|1|J,3OK4|1|R,3OK4|1|T,3OK4|1|2,3OK4|1|B,3OK2|1|B,3OK2|1|D,3OK2|1|F"
"NR_4.0_84656.3","7OAX|1|A","7OAX|1|A,7OAX|1|D,7OAX|1|C,7OAX|1|B,7OAV|1|D,7OA3|1|A,7OAV|1|A,7OAV|1|B,7OAV|1|C,7OA3|1|B,7OAW|1|A,7OAW|1|D,7OAW|1|B,7OAW|1|C"
"NR_4.0_99760.2","7EAG|1|C+7EAG|1|D","7EAG|1|C+7EAG|1|D,7EAG|1|E+7EAG|1|F,7EAG|1|A+7EAG|1|B"
"NR_4.0_61445.1","7OB9|1|R+7OB9|1|S+7OB9|1|T","7OB9|1|R+7OB9|1|S+7OB9|1|T"
"NR_4.0_10157.186","8B0X|1|b","8B0X|1|b,9Q87|1|b,9GHE|1|b,8BIL|1|1,8BIM|1|1,9T0Y|1|b,9T6M|1|b,7K00|1|b,28UH|1|b,9TQA|1|b,8CGD|1|b,9TMI|1|b,9SYH|1|b,9TNL|1|b,28UI|1|b,9GHB|1|b,8BGE|1|1,8G6Y|1|b,28UJ|1|b,28UM|1|b,9GHA|1|b,9JPP|1|b,9Q3R|1|B,9PIJ|1|b,28UK|1|b,9GHD|1|b,8BHL|1|1,30QZ|1|b,8FTO|1|b,9GHF|1|b,9B4Z|1|BB,8BHP|1|1,9D89|1|E,8E30|1|J,8BF7|1|1,9Q3Q|1|B,9B51|1|BB,9N2B|1|5,7N1P|1|5,9N2C|1|5,9PII|1|b,8W51|1|B,7Z20|1|a,8HSP|1|b,8E49|1|J,8EMM|1|b,7N2V|1|5,9JPM|1|b,7LVK|1|J,9PIH|1|b,7S1I|1|J,8G6W|1|b,9RBF|1|b,7N2U|1|5,8YUP|1|b,5J7L|1|DB,7S1H|1|J,8HTZ|1|b,8YUQ|1|b,9B50|1|BB,7S1G|1|J,8G6X|1|b,8IFB|1|b,9JQ2|1|b,28UN|1|b,9WNQ|1|a,8YUS|1|b,7UG7|1|5,9H0L|1|b,28UL|1|b,7YLA|1|J,5J8A|1|DB,9CG6|1|b,9AX8|1|X,9CG5|1|b,8E46|1|J,8E42|1|J,8EKC|1|B,8E3O|1|J,5JC9|1|DB,8RPZ|1|B,8RQ2|1|B,8RQ0|1|B,8E41|1|J,9GXX|1|b,7N2C|1|5,11FV|1|J,9R3A|1|b,7ZTA|1|05S1,8E44|1|J,6YS3|1|a,8CGV|1|b,7ZP8|1|a,8BH4|1|1,9O2Y|1|b,9AX7|1|b,8ZFG|1|b,9HYM|1|a,5MDV|1|3,4YBB|1|DB,8ZEJ|1|a,8E45|1|J,8G7P|1|B,7P3K|1|b,8ZTU|1|b,8CEU|1|b,8YUR|1|b,8HU1|1|b,6PCR|1|J,8G7R|1|B,8CGK|1|b,8SYL|1|B,8YUO|1|b,7OIZ|1|b,8FZH|1|B,8E43|1|J,8CAM|1|b,9SLG|1|b,7N31|1|5,5H5U|1|B,8E3M|1|J,9GHC|1|b,8ZTV|1|b,9TEZ|1|b,8EIU|1|b,5NWY|1|O,9SS4|1|D3,9WNR|1|a,7ST2|1|2,8E33|1|J,7Y7G|1|b,9CG7|1|b,9TEW|1|b,9SS5|1|D3,7S1K|1|J,9SS6|1|D3,8FZJ|1|B,9TEX|1|b,8BGH|1|1,8RPY|1|B,8FZE|1|B,5MDZ|1|3,30RA|1|b,6QDW|1|a,6ORE|1|3,6I7V|1|DB,5J91|1|DB,6PC5|1|J,5IT8|1|DB,7ZOD|1|a,8J1Z|1|b,8PHJ|1|b,8ZFI|1|a,8BHN|1|1,7Y7F|1|b,6PJ6|1|J,7Q4K|1|BB,8BHJ|1|1,9O2X|1|b,9IOT|1|B,9HUS|1|a,7Y7E|1|b,6PCT|1|J,8G7Q|1|B,8IFC|1|b,5WFS|1|B,5J88|1|DB,11BQ|1|b,6PC7|1|J,9T5X|1|b,8G7S|1|B,8FZD|1|B,6S0K|1|B,4WOI|1|BB,7ST6|1|2,6SZS|1|B,8FZI|1|B,8E48|1|J,4WF1|1|BB,4WOI|1|CB,4U27|1|BB,8FZG|1|B,9JPO|1|b,7Y7H|1|b,7D6Z|1|B,11EL|1|b,6PC6|1|J,6WD0|1|2,6XZB|1|B2,5WDT|1|B,6PCS|1|J,6LKQ|1|u,4V9P|1|CB,7BL4|1|B,5WE4|1|B,7M5D|1|3,6XZA|1|B2,9HUQ|1|a,9TEY|1|b,9NLH|1|R2,9NL5|1|R2,8VWQ|1|3,8E36|1|J,9RTU|1|B,9ZTL|1|b,4V9P|1|EB,4V9O|1|AB,4V9P|1|GB,6PCQ|1|J,8URM|1|3,4V9O|1|CB,8FZF|1|B,4U24|1|BB,4WWW|1|RB,6PC8|1|J,4U26|1|BB,6WDE|1|2,5J7L|1|CB,7N30|1|5,4V7T|1|BB,4V6C|1|BB,8W2N|1|3,4V9P|1|AB,4V9D|1|CB,4U1U|1|BB,7K53|1|2,8E32|1|J,7Y7C|1|b,9MKK|1|b,4V9O|1|EB,7NSO|1|B,7SSO|1|2,7NBU|1|b,7OTC|1|B,5J8A|1|CB,9NLF|1|R2,4U25|1|BB,7OJ0|1|b,7SSN|1|2,9T2N|1|b,5UYM|1|02,9NL6|1|R2,6ENU|1|B,5JC9|1|CB,5MGP|1|B,9T2J|1|b,9MQ4|1|4,7NSQ|1|B,9W0N|1|2,7K54|1|2,6PCH|1|J,4V7U|1|BB,9T2O|1|b,7K55|1|2,9XFL|1|J,9T2P|1|b,9NLQ|1|R2,4U20|1|BB,9GFT|1|O,7SSD|1|2,6H4N|1|B,4V52|1|BA,5WE6|1|B,9NL7|1|R2,5GAE|1|B,7ST7|1|2,4V52|1|DA,7BV8|1|B,5U9G|1|02,9T2S|1|b,5WF0|1|B,7ZQ5|1|a,7LV0|1|2,9T8O|1|b,7K50|1|2,9T8Q|1|b,7K52|1|2,9QSJ|1|b,9HA6|1|B,9I3L|1|a,8UXB|1|3,9T2M|1|b,8VKV|1|d,6WDD|1|2,9T2R|1|b,9Y79|1|d,6Y69|1|B,9T8M|1|b,6WDG|1|2,8E47|1|J,4V7V|1|BB,5U9F|1|02,9T8L|1|b,9RTV|1|B,9NLS|1|R2,5WFK|1|B,4V9C|1|DB,7ZQ6|1|a,10QM|1|J,4V50|1|DA,4U1V|1|BB,7JT1|1|2,6Q9A|1|3,7CPJ|1|B,9T2Q|1|b,5LZD|1|B,4V57|1|BA,4V57|1|DA,8UZ3|1|3,8VUP|1|3,6I7V|1|CB,6WD1|1|2,6WDF|1|2,4V54|1|BA,9NLE|1|R2,5GAD|1|B,9T8S|1|b,5IQR|1|3,9T8K|1|b,4V64|1|DA,4V64|1|BA,7Y7D|1|b,5LZE|1|B,6BY1|1|CB,6OG7|1|2,4V85|1|BB,4V54|1|DA,4V7S|1|BB,5GAG|1|B,9H3Z|1|B,9T2K|1|b,6OFX|1|2,5GAH|1|B,9T8R|1|b,9T2L|1|b,9T8P|1|b,8UQL|1|d,7K51|1|2,5J88|1|CB,9RFW|1|b,7B5K|1|B,9HY6|1|a,8URY|1|d,6BU8|1|02,4V53|1|BA,5UYL|1|02,8E3L|1|J,8UTJ|1|3,8FIZ|1|BC,8UX8|1|3,9GGR|1|O,7JT2|1|2,9T8T|1|b,9NLJ|1|R2,4V53|1|DA,6WD2|1|2,9NJV|1|R2,5NP6|1|Z,6OGI|1|2,6WDM|1|2,6WD5|1|2,6WD3|1|2,8UZG|1|3,4YBB|1|CB,6ORL|1|3,5KPW|1|28,4WF1|1|DB,4V6D|1|BB,6QUL|1|B,5KPX|1|28,4V56|1|DA,6OM6|1|3,6WD4|1|2,9NLB|1|R2,6WDK|1|2,6WD6|1|2,4V9D|1|DB,8E35|1|J,4V55|1|BA,5KPS|1|29,6BY1|1|DB,6WDL|1|2,30RB|1|b,4V50|1|BA,6WD9|1|2,6WDJ|1|2,5IT8|1|CB,4V4Q|1|BA,4V9O|1|GB,7JSZ|1|2,6ENF|1|B,4V56|1|BA,8VSA|1|5S,5O2R|1|B,5UYK|1|02,6OT3|1|3,7SSW|1|2,9QQQ|1|b,4V55|1|DA,9T8N|1|b,6WD8|1|2,5J91|1|CB,6WDA|1|2,6OSK|1|3,5UYQ|1|02,9NKL|1|R2,8T5D|1|A,4U25|1|DB,4V89|1|BB,4V6E|1|BB,4U1U|1|DB,5UYP|1|02,7JSW|1|2,4V4Q|1|DA,4U27|1|DB,6OGF|1|2,9T1E|1|b,4U1V|1|DB,6OSQ|1|3,7JT3|1|2,3JBV|1|a,6WYV|1|J,6VWL|1|3,6WD7|1|2,9JMK|1|B,6GBZ|1|B,5KCR|1|1B,8V03|1|3,7SSL|1|2,6VWM|1|3,3JBU|1|a,4U26|1|DB,5UYN|1|02,3JCJ|1|0,6VWN|1|3,9T1H|1|b,3J9Z|1|LB,6I0Y|1|B,9NJF|1|R2,8VS9|1|5S,7JSS|1|2,9H3Y|1|B,9RJA|1|b,9T1J|1|b,4V7T|1|DB,9T1G|1|b,7SS9|1|2,4V6C|1|DB,8Y5L|1|2,7BL6|1|B,4U24|1|DB,4U20|1|DB,9T1F|1|b,6GC0|1|B,6GWT|1|B,6GC8|1|B,8VV4|1|3,7NSP|1|B,6WDI|1|2,9GFT|1|AW,9T1A|1|b,9T1I|1|b,9T1B|1|b,6GXM|1|B,6DNC|1|C,4WWW|1|YB,6O9J|1|A,6C4I|1|B,6GXO|1|B,6GXN|1|B,6OUO|1|3,6VYS|1|d,8C90|1|B,6WDB|1|2,7BL5|1|B,6ENJ|1|B,8Y5Q|1|2,6XDQ|1|d,8UQP|1|d,8T5H|1|A,8VOR|1|d,23WI|1|B,9T19|1|b,9GGR|1|AW,4V6D|1|DB,3JA1|1|LB,8G38|1|A,9H3V|1|B,4V7S|1|DB,4V9C|1|BB,7QG8|1|O,3J9Y|1|B,6O9K|1|X,6U48|1|CB,6X7K|1|d,8C8X|1|B,7QGN|1|O,4V6E|1|DB,4V7V|1|DB,8C8Z|1|B,5JU8|1|BB,8C94|1|B,4V7U|1|DB,5KCS|1|1B,9SRO|1|b,6X7F|1|d,8VOO|1|d,11DG|1|b,8C8Y|1|B,8G2U|1|A,8UR0|1|d,7BL3|1|B,9MOR|1|4,3J7Z|1|B,11GG|1|J,8G34|1|A,5JTE|1|BB,7BL2|1|B,9XFK|1|J,8G31|1|A,4V5B|1|CA,4V5B|1|AA,6X6T|1|d,4UY8|1|B,5U4I|1|B,3JCD|1|B,5L3P|1|B,9T1C|1|b,3JCE|1|B,5J5B|1|DB,4V4H|1|BA,4V4H|1|DA,5J5B|1|CB,5MDY|1|3,7TOS|1|5S,6Q97|1|3,8AYE|1|b,8QOA|1|b,8ANA|1|b,7QQ3|1|J,6XZ7|1|B,8R6C|1|b,8QBT|1|B,8AKN|1|b,7PJS|1|B,7O1A|1|BB,8R8M|1|b,9FBV|1|b,7S1J|1|J,7SA4|1|4,6YSS|1|B,7NWT|1|3,7O1C|1|BB,8ZFF|1|b,6TBV|1|05S1,6TC3|1|05S1,8P16|1|3,8P18|1|3,8QK7|1|3,8P17|1|3,8AM9|1|b,9VVI|1|b,7OT5|1|3,9XWO|1|b,5AFI|1|B,7O19|1|BB,6ZTP|1|BB,6ZTO|1|BB,6ZU1|1|BB,7OII|1|3,7OIF|1|3,8AP4|1|b,8B7Y|1|J,7NWW|1|3,6HRM|1|3,7AC7|1|3,8PKL|1|8,7PJV|1|B,6YSR|1|B,7PJY|1|B,5MDW|1|3,9GR1|1|b,7OIG|1|3,6YST|1|B,7ACJ|1|3,7ABZ|1|3,8R3V|1|82,8PEG|1|8,8A3L|1|b,7ACR|1|3,8RCL|1|82,6ZTJ|1|BB,8RCM|1|82,5LZA|1|B,6ZTM|1|BB,6YSU|1|B,7PJW|1|B,6ZTL|1|BB,6ZTN|1|BB"
"NR_4.0_30938.3","7OEA|1|E","7OEA|1|E,7OEB|1|E"
"NR_4.0_48488.2","3OL9|1|N+3OL9|1|O+3OL9|1|P","3OL9|1|N+3OL9|1|O+3OL9|1|P,3OL9|1|J+3OL9|1|K+3OL9|1|L,3OL9|1|F+3OL9|1|G,3OL9|1|B+3OL9|1|C,3OLB|1|N+3OLB|1|O,3OLB|1|J+3OLB|1|K,3OLB|1|F+3OLB|1|G,3OLB|1|B+3OLB|1|C,3OL6|1|B+3OL6|1|C,3OL6|1|F+3OL6|1|G,3OL6|1|N+3OL6|1|O,3OL6|1|J+3OL6|1|K,3OL8|1|B+3OL8|1|C,3OL8|1|F+3OL8|1|G,3OL8|1|J+3OL8|1|K,3OL7|1|J+3OL7|1|K,3OL7|1|B+3OL7|1|C,3OL7|1|N+3OL7|1|O,3OL8|1|N+3OL8|1|O,3OL7|1|F+3OL7|1|G,3OLA|1|B+3OLA|1|C,3OLA|1|F+3OLA|1|G,3OLA|1|N+3OLA|1|O,3OLA|1|J+3OLA|1|K"
"NR_4.0_36586.1","7OFW|1|C","7OFW|1|C"
"NR_4.0_19272.1","7OG0|1|D+7OG0|1|E","7OG0|1|D+7OG0|1|E"
"NR_4.0_77788.1","7OI3|1|B","7OI3|1|B"
"NR_4.0_05805.3","7ECP|1|C+7ECP|1|D","7ECP|1|C+7ECP|1|D,7ECP|1|A+7ECP|1|B"
"NR_4.0_23473.1","7OIZ|1|X","7OIZ|1|X"
"NR_4.0_73125.1","7EDT|1|A+7EDT|1|B","7EDT|1|A+7EDT|1|B"
"NR_4.0_85316.3","7OJL|1|D+7OJL|1|E","7OJL|1|D+7OJL|1|E,7OJN|1|D"
"NR_4.0_87898.1","7OJN|1|E","7OJN|1|E"
"NR_4.0_93493.10","8PV7|1|C1+8PV7|1|C2","8PV7|1|C1+8PV7|1|C2,8PVL|1|C1+8PVL|1|C2,9I78|1|L1+9I78|1|L2,8PV1|1|C1+8PV1|1|C2,9I1W|1|1+9I1W|1|4,8PVK|1|C1+8PVK|1|C2,8PV2|1|C1+8PV2|1|C2,8PV8|1|C1+8PV8|1|C2,8PV4|1|C1+8PV4|1|C2,8PV6|1|C1+8PV6|1|C2,8PV3|1|C1+8PV3|1|C2,8OO0|1|1+8OO0|1|4,7Z3N|1|1+7Z3N|1|4,7Z3O|1|1+7Z3O|1|4,8ONZ|1|1,8PV5|1|C1+8PV5|1|C2,7OLC|1|1+7OLC|1|4,7OLD|1|1+7OLD|1|4,8IA0|1|C1+8IA0|1|C2,8I9Z|1|C1+8I9Z|1|C2,8I9X|1|C1+8I9X|1|C2,8I9Y|1|C1+8I9Y|1|C2,8I9W|1|C1+8I9W|1|C2,8I9V|1|C1+8I9V|1|C2,8I9R|1|C1+8I9R|1|C2,8I9T|1|C1+8I9T|1|C2,8I9P|1|C1+8I9P|1|C2"
"NR_4.0_43624.3","7EIU|1|C","7EIU|1|C,7EIU|1|D"
"NR_4.0_39156.5","8GWK|1|J+8GWK|1|I","8GWK|1|J+8GWK|1|I,8GWM|1|J+8GWM|1|I,9IKZ|1|J+9IKZ|1|I,8GW1|1|J+8GW1|1|I,9UHT|1|J+9UHT|1|I"
"NR_4.0_73005.2","3OLB|1|L","3OLB|1|L,3OLB|1|P,3OL9|1|D,3OL9|1|H,3OL6|1|L,3OL6|1|P,4K4Z|1|P,3OLB|1|D,3OLB|1|H,4K4S|1|H,3OL7|1|L,4K4S|1|D,3OL7|1|P,4K4T|1|H,3OL6|1|D,4K4T|1|D,3OL7|1|D,3OL6|1|H,3OL7|1|H,3OL8|1|L,3OL8|1|P,3OL8|1|D,3OL8|1|H,4K4Y|1|P,4K4Y|1|D,3OLA|1|P,3OLA|1|L,3OLA|1|D,3OLA|1|H"
"NR_4.0_68426.1","7ELA|1|C","7ELA|1|C"
"NR_4.0_66641.1","7ELH|1|N+7ELH|1|O","7ELH|1|N+7ELH|1|O"
"NR_4.0_74244.4","7ELQ|1|B","7ELQ|1|B,7ELQ|1|A,7ELR|1|A,7ELR|1|B,7ELS|1|A,7ELP|1|A,8Q6N|1|A,7ELP|1|B,7ELS|1|B"
"NR_4.0_04304.3","8JFT|1|B","8JFT|1|B,8JG9|1|B,8JG9|1|E"
"NR_4.0_97707.1","6XQB|1|E+6XQB|1|F","6XQB|1|E+6XQB|1|F"
"NR_4.0_71281.1","7EU0|1|O+7EU0|1|Q+7EU0|1|N+7EU0|1|R","7EU0|1|O+7EU0|1|Q+7EU0|1|N+7EU0|1|R"
"NR_4.0_32185.3","3OXE|1|A","3OXE|1|A,3OXB|1|A,3OXB|1|B,3OXE|1|B,3OXD|1|A,3OXD|1|B,3OXM|1|A,3OWZ|1|A,3OXM|1|B,3OWI|1|A,3OWW|1|A,3OWI|1|B,3OWW|1|B,3OXJ|1|A,3OX0|1|A,3OXJ|1|B,3OX0|1|B,3OWZ|1|B"
"NR_4.0_55576.1","6XRQ|1|A","6XRQ|1|A"
"NR_4.0_19366.1","7F3I|1|B","7F3I|1|B"
"NR_4.0_15780.1","6XYW|1|1","6XYW|1|1"
"NR_4.0_41208.3","7F3J|1|B","7F3J|1|B,7F3J|1|F,7F3J|1|H"
"NR_4.0_63930.1","6XYW|1|3","6XYW|1|3"
"NR_4.0_59550.1","7F3K|1|B","7F3K|1|B"
"NR_4.0_89150.1","6Y2L|1|A4","6Y2L|1|A4"
"NR_4.0_19534.6","9H6Y|1|1","9H6Y|1|1,9H74|1|1,6YAN|1|1,6YAL|1|1,6YAM|1|1"
"NR_4.0_13014.3","3P22|1|A+3P22|1|B","3P22|1|A+3P22|1|B,3P22|1|E+3P22|1|F,3P22|1|C+3P22|1|D,3P22|1|G+3P22|1|H"
"NR_4.0_36867.1","3P49|1|A","3P49|1|A"
"NR_4.0_45688.1","9OZ9|1|1","9OZ9|1|1,9OZZ|1|1,9OZN|1|1,9P0E|1|1,7JIL|1|1"
"NR_4.0_27994.1","10ZT|1|A","10ZT|1|A"
"NR_4.0_49575.2","3P4C|1|A+3P4C|1|B","3P4C|1|A+3P4C|1|B,3P4B|1|C+3P4B|1|D,3P4B|1|A+3P4B|1|B,3P4B|1|E+3P4B|1|F"
"NR_4.0_90506.85","9PN5|1|A1+9PN5|1|A4","9PN5|1|A1+9PN5|1|A4,8CEH|1|AA+8CEH|1|CC,8CDR|1|AA+8CDR|1|CC,8T2Y|1|A1+8T2Y|1|A4,8PFR|1|A+8PFR|1|LD,7ZW0|1|LA+7ZW0|1|LD,8P8N|1|A+8P8N|1|LD,8EVT|1|A1+8EVT|1|A4,8P8U|1|A+8P8U|1|LD,8BN3|1|1+8BN3|1|4,8T2Z|1|A1+8T2Z|1|A4,8AGX|1|f+8AGX|1|i,8EVP|1|A1+8EVP|1|A4,8T2X|1|A1+8T2X|1|A4,8EWC|1|A1+8EWC|1|A4,8AAF|1|f+8AAF|1|i,8AGT|1|f+8AGT|1|i,8CGN|1|AA+8CGN|1|CC,8AGZ|1|f+8AGZ|1|i,8AGV|1|f+8AGV|1|i,6T4Q|1|C1+6T4Q|1|C3,8EVS|1|A1+8EVS|1|A4,8AGW|1|f+8AGW|1|i,7UQB|1|1+7UQB|1|2,8AGU|1|f+8AGU|1|i,8ZHC|1|LA+8ZHC|1|LC,8EVQ|1|A1+8EVQ|1|A4,8HFR|1|1e+8HFR|1|3n,9F9S|1|M1+9F9S|1|M2,7V08|1|1+7V08|1|2,7MPJ|1|A1+7MPJ|1|A4,8EWB|1|A1+8EWB|1|A4,7UOO|1|1+7UOO|1|2,7TOO|1|A25S+7TOO|1|A58S,7ZUX|1|5+7ZUX|1|3,7TOP|1|A25S+7TOP|1|A58S,9F9S|1|L1+9F9S|1|L2,7N8B|1|A1+7N8B|1|A4,6TB3|1|BQ+6TB3|1|BS,9DOV|1|A1+9DOV|1|A4,8EVR|1|A1+8EVR|1|A4,8P9A|1|AR+8P9A|1|AT,8CG8|1|AA+8CG8|1|CC,8P8M|1|A+8P8M|1|LD,8P9A|1|1+8P9A|1|4,9DP7|1|A1+9DP7|1|A4,7MPI|1|A1+7MPI|1|A4,6SNT|1|1+6SNT|1|3,8ZH3|1|LA+8ZH3|1|LC,7UQZ|1|1+7UQZ|1|2,8CF5|1|AA+8CF5|1|CC,8T30|1|A1+8T30|1|A4,8ZGY|1|LA+8ZGY|1|LC,7ZPQ|1|5+7ZPQ|1|3,5TBW|1|1+5TBW|1|4,8ZHB|1|LA+8ZHB|1|LC,5TBW|1|AR+5TBW|1|AT,8T3A|1|A1+8T3A|1|A4,8K82|1|C1+8K82|1|C3,9R9O|1|C1+9R9O|1|C3,8PNN|1|AR+8PNN|1|AT,4V88|1|A5+4V88|1|A8,4V88|1|A1+4V88|1|A4,8PNN|1|1+8PNN|1|4,8T3D|1|A1+8T3D|1|A4,8EUB|1|A1+8EUB|1|A4,6YLG|1|1+6YLG|1|2,8P4V|1|AR+8P4V|1|AT,8P4V|1|1+8P4V|1|4,6Q8Y|1|BQ+6Q8Y|1|BS,8ZGR|1|LA+8ZGR|1|LC,7AZY|1|E+7AZY|1|G,8K2D|1|C1+8K2D|1|C3,6XIR|1|1+6XIR|1|4,8P85|1|AR+8P85|1|AT,6T7I|1|C1+6T7I|1|C3,8P85|1|1+8P85|1|4,9R9P|1|C1+9R9P|1|C3,6TNU|1|BQ+6TNU|1|BS,6T7T|1|C1+6T7T|1|C3,8BIP|1|1+8BIP|1|C3,7OSA|1|25S+7OSA|1|58S,5I4L|1|5+5I4L|1|8,6RZZ|1|A+6RZZ|1|y,8UTI|1|A+8UTI|1|C,8T3E|1|A1+8T3E|1|A4,5I4L|1|1+5I4L|1|4,9OFV|1|f+9OFV|1|i,6Z6K|1|C1+6Z6K|1|C3,5MEI|1|AR+5MEI|1|AT,6QIK|1|A+6QIK|1|y,5MEI|1|1+5MEI|1|4,7U0H|1|1+7U0H|1|2,8T3F|1|A1+8T3F|1|A4,6HHQ|1|AR+6HHQ|1|AT,5OBM|1|5+5OBM|1|8,6HHQ|1|1+6HHQ|1|4,8T3B|1|A1+8T3B|1|A4,5OBM|1|1+5OBM|1|4,8UT0|1|A+8UT0|1|C,6N8O|1|A+6N8O|1|C,6WOO|1|5+6WOO|1|8,7BT6|1|1+7BT6|1|2,7RR5|1|C1+7RR5|1|C3,6YLH|1|1+6YLH|1|2,5LYB|1|5+5LYB|1|8,5NDV|1|1+5NDV|1|4,6R87|1|1+6R87|1|4,5ON6|1|1+5ON6|1|4,7B7D|1|LA+7B7D|1|LC,5LYB|1|1+5LYB|1|4,6M62|1|1+6M62|1|2,6N8M|1|A+6N8M|1|C,5ON6|1|AR+5ON6|1|AT,6R86|1|1+6R86|1|4,7ZS5|1|1+7ZS5|1|4,5NDV|1|5+5NDV|1|8,7R7A|1|1+7R7A|1|2,6S47|1|AA+6S47|1|AC,7BTB|1|1+7BTB|1|2,7OHQ|1|1+7OHQ|1|2,6N8J|1|1+6N8J|1|3,5NDW|1|5+5NDW|1|8,5NDW|1|1+5NDW|1|4,7NAC|1|1+7NAC|1|2,6QT0|1|A+6QT0|1|y,6N8L|1|1+6N8L|1|3,7OSM|1|25S+7OSM|1|58S,6Z6J|1|C1+6Z6J|1|C3,8Z70|1|A+8Z70|1|C,6N8K|1|1+6N8K|1|3,6R84|1|1+6R84|1|4,5M1J|1|14+5M1J|1|44,3JCT|1|1+3JCT|1|2,6RI5|1|A+6RI5|1|y,7UG6|1|1+7UG6|1|2,6SV4|1|YQ+6SV4|1|YS,6T83|1|1b+6T83|1|3b,7OF1|1|1+7OF1|1|2,5FCJ|1|5+5FCJ|1|8,8Y0U|1|C1+8Y0U|1|C3,7OH3|1|1+7OH3|1|2,5FCJ|1|1+5FCJ|1|4,5APO|1|5+5APO|1|8,7NRC|1|LA+7NRC|1|LC,6N8N|1|A+6N8N|1|C,8XU8|1|A+8XU8|1|C,8V87|1|1+8V87|1|2,5NDG|1|5+5NDG|1|8,8BJQ|1|1+8BJQ|1|C3,8V83|1|1+8V83|1|2,6SV4|1|ZQ+6SV4|1|ZS,5NDG|1|1+5NDG|1|4,6GQV|1|1+6GQV|1|4,6FT6|1|1+6FT6|1|2,5JUP|1|B+5JUP|1|C,6GQB|1|1+6GQB|1|4,6HD7|1|1+6HD7|1|4,6T83|1|Aa+6T83|1|Ca,7Z34|1|1+7Z34|1|3,10ZZ|1|1,5APN|1|5+5APN|1|8,10ZY|1|1,6OIG|1|5+6OIG|1|8,11AA|1|1+11AA|1|2,8BQX|1|BQ+8BQX|1|BS,6YLY|1|1+6YLY|1|3,5MC6|1|BQ+5MC6|1|BS,8T3C|1|A1+8T3C|1|A4,8YLR|1|A+8YLR|1|C,8BQD|1|BQ+8BQD|1|BS,8V84|1|1+8V84|1|2,6SV4|1|BQ+6SV4|1|BS,6ELZ|1|1+6ELZ|1|2,7OHX|1|1+7OHX|1|2,8YLD|1|A+8YLD|1|C,6YLX|1|1+6YLX|1|2,5TGM|1|1+5TGM|1|4,5TGM|1|5+5TGM|1|8,7OHU|1|1+7OHU|1|2,7OHV|1|1+7OHV|1|2,6EM1|1|1+6EM1|1|2,5JUT|1|B+5JUT|1|C,5H4P|1|1+5H4P|1|4,7OHW|1|1+7OHW|1|2,7OHY|1|1+7OHY|1|2,8Z71|1|A+8Z71|1|C,7OHP|1|1+7OHP|1|2,6C0F|1|1+6C0F|1|2,6EM3|1|1,5JUO|1|B+5JUO|1|C,9QJC|1|1,5Z3G|1|A+5Z3G|1|B,8E5T|1|1+8E5T|1|2,5GAK|1|1+5GAK|1|4,4V7R|1|B1+4V7R|1|B3,4V7R|1|D1+4V7R|1|D3,5DGV|1|5+5DGV|1|8,5DAT|1|5+5DAT|1|8,5DGV|1|1+5DGV|1|4,5DAT|1|1+5DAT|1|4,5DGE|1|5+5DGE|1|8,5DGF|1|5+5DGF|1|8,5DGF|1|1+5DGF|1|4,5DGE|1|1+5DGE|1|4,5DC3|1|5+5DC3|1|8,5TGA|1|5+5TGA|1|8,5TGA|1|1+5TGA|1|4,5DC3|1|1+5DC3|1|4,5FCI|1|5+5FCI|1|8,5FCI|1|1+5FCI|1|4,8CCS|1|AA+8CCS|1|CC,8CIV|1|AA+8CIV|1|CC,5JUU|1|B+5JUU|1|C,6S05|1|A+6S05|1|y,4U4R|1|1+4U4R|1|4,4U4R|1|5+4U4R|1|8,4U3U|1|5+4U3U|1|8,4U3U|1|1+4U3U|1|4,4U3M|1|1+4U3M|1|4,4U4Q|1|5+4U4Q|1|8,4U3M|1|5+4U3M|1|8,4U4U|1|1+4U4U|1|4,4U4Q|1|1+4U4Q|1|4,4U4U|1|5+4U4U|1|8,4U52|1|5+4U52|1|8,4U52|1|1+4U52|1|4,4U6F|1|1+4U6F|1|4,4U6F|1|5+4U6F|1|8,4U4N|1|5+4U4N|1|8,4U4N|1|1+4U4N|1|4,4U4Z|1|5+4U4Z|1|8,4U4Z|1|1+4U4Z|1|4,4U3N|1|5+4U3N|1|8,4U4Y|1|5+4U4Y|1|8,4U3N|1|1+4U3N|1|4,4U55|1|5+4U55|1|8,4U4Y|1|1+4U4Y|1|4,4U51|1|5+4U51|1|8,4U51|1|1+4U51|1|4,4U55|1|1+4U55|1|4,4U50|1|5+4U50|1|8,4U50|1|1+4U50|1|4,4U53|1|1+4U53|1|4,4U53|1|5+4U53|1|8,4U56|1|1+4U56|1|4,4U56|1|5+4U56|1|8,4U4O|1|5+4U4O|1|8,4U4O|1|1+4U4O|1|4,8CDL|1|AA+8CDL|1|CC,8CKU|1|AA+8CKU|1|CC,9F58|1|a+9F58|1|4,5T62|1|A+5T62|1|C,8CMJ|1|AA+8CMJ|1|CC,6QTZ|1|A+6QTZ|1|y"
"NR_4.0_16199.1","3P4D|1|A+3P4D|1|B","3P4D|1|A+3P4D|1|B"
"NR_4.0_52597.3","6YDP|1|AA","6YDP|1|AA"
"NR_4.0_35293.4","3P6Y|1|S","3P6Y|1|S,3P6Y|1|R,3P6Y|1|V,3P6Y|1|T,3P6Y|1|Q,3P6Y|1|U,3P6Y|1|W"
"NR_4.0_16664.3","6YFT|1|RR","6YFT|1|RR,6YFT|1|RE,6YFT|1|TG,6YFT|1|ST,6YFT|1|RH,6YFT|1|TF,6YFT|1|RL,6YFT|1|SF,6YFT|1|TC,6YFT|1|RX,6YFT|1|TD,6YFT|1|RG,6YFT|1|SA,6YFT|1|RV,6YFT|1|RT,6YFT|1|SJ,6YFT|1|TB,6YFT|1|SR,6YFT|1|SQ,6YFT|1|SV,6YFT|1|RS,6YFT|1|TH,6YFT|1|RQ,6YFT|1|RM,6YFT|1|RY,6YFT|1|SG,6YFT|1|TE,6YFT|1|RP,6YFT|1|TA,6YFT|1|SL,6YFT|1|RW,6YFT|1|RC,6YFT|1|SU,6YFT|1|SZ,6YFT|1|SE,6YFT|1|RJ,6YFT|1|RF,6YFT|1|RZ,6YFT|1|RK,6YFT|1|RO,6YFT|1|RD,6YFT|1|RU,6YFT|1|SO,6YFT|1|SX,6YFT|1|SS,6YFT|1|RA,6YFT|1|SP,6YFT|1|SI,6YFT|1|SW,6YFT|1|SB,6YFT|1|RB,6YFT|1|SY,6YFT|1|SD,6YFT|1|RN,6YFT|1|RI,6YFT|1|SH,6YFT|1|SK,6YFT|1|SM,6YFT|1|SN,6YFT|1|SC"
"NR_4.0_15037.1","3PF4|1|R","3PF4|1|R"
"NR_4.0_29875.1","7JJU|1|A+7JJU|1|B","7JJU|1|A+7JJU|1|B"
"NR_4.0_22156.1","3PKM|1|R","3PKM|1|R"
"NR_4.0_29733.1","7JNH|1|B+7JNH|1|A","7JNH|1|B+7JNH|1|A"
"NR_4.0_45061.1","7JRS|1|B+7JRS|1|A","7JRS|1|B+7JRS|1|A"
"NR_4.0_28437.1","7JSW|1|4","7JSW|1|4"
"NR_4.0_45441.4","6FYY|1|2","6FYY|1|2,8RW1|1|2,8S8D|1|2,8S8E|1|2,6FYX|1|2,3JAM|1|2,8S8H|1|2,8S8F|1|2,8S8G|1|2,3J80|1|2,3J81|1|2,8S8K|1|2,5IT7|1|2,6UZ7|1|2,5IT9|1|2,4V92|1|A2"
"NR_4.0_11762.6","7L6T|1|C","7L6T|1|C,7L6R|1|C,7JYY|1|F,7JZ0|1|F,7JYY|1|E,7JZ0|1|E"
"NR_4.0_25547.1","3PU0|1|R","3PU0|1|R"
"NR_4.0_10913.1","3Q0L|1|C","3Q0L|1|C"
"NR_4.0_48255.1","7K16|1|P","7K16|1|P"
"NR_4.0_54128.3","3Q0R|1|B","3Q0R|1|B,3Q0M|1|C,3Q0M|1|D"
"NR_4.0_16104.3","5BKN|1|T+5BKN|1|i","5BKN|1|T+5BKN|1|i"
"NR_4.0_08738.3","3Q0P|1|D","3Q0P|1|D,3Q0P|1|C"
"NR_4.0_97666.1","3Q0Q|1|B","3Q0Q|1|B"
"NR_4.0_27264.1","3Q2T|1|E","3Q2T|1|E"
"NR_4.0_65073.3","3Q3Z|1|V","3Q3Z|1|V,3Q3Z|1|A"
"NR_4.0_10014.3","3QGC|1|B","3QGC|1|B,3QG9|1|B"
"NR_4.0_56560.1","3QJJ|1|Q","3QJJ|1|Q"
"NR_4.0_34288.3","3QJL|1|R","3QJL|1|R,3QJL|1|X"
"NR_4.0_61711.1","3QJP|1|R","3QJP|1|R"
"NR_4.0_56450.1","3QRQ|1|B","3QRQ|1|B"
"NR_4.0_52157.1","7K5L|1|R","7K5L|1|R"
"NR_4.0_40400.3","3QSU|1|P","3QSU|1|P,3QSU|1|R"
"NR_4.0_17782.4","3R1C|1|Q+3R1C|1|R","3R1C|1|Q+3R1C|1|R,3R1C|1|T+3R1C|1|U,3R1C|1|M+3R1C|1|N,3R1C|1|A+3R1C|1|B,3R1C|1|E+3R1C|1|F,3R1C|1|O+3R1C|1|P,3R1C|1|i+3R1C|1|j,3R1C|1|g+3R1C|1|h,3R1C|1|V+3R1C|1|Z,3R1C|1|a+3R1C|1|b,3R1C|1|G+3R1C|1|H,3R1C|1|S+3R1C|1|Y"
"NR_4.0_63754.2","6YSI|1|6+6YSI|1|8","6YSI|1|6+6YSI|1|8,6YHS|1|6+6YHS|1|8"
"NR_4.0_60157.3","6YL5|1|I+6YL5|1|J","6YL5|1|I+6YL5|1|J,6YL5|1|E+6YL5|1|F,6YL5|1|A+6YL5|1|B,6YL5|1|K+6YL5|1|L,6YL5|1|G+6YL5|1|H,6YL5|1|C+6YL5|1|D"
"NR_4.0_22904.3","3R1C|1|K+3R1C|1|L","3R1C|1|K+3R1C|1|L,3R1C|1|I+3R1C|1|J,3R1C|1|W+3R1C|1|X,3R1C|1|c+3R1C|1|d,3R1C|1|e+3R1C|1|f,3R1C|1|C+3R1C|1|D"
"NR_4.0_57046.3","6YML|1|A+6YML|1|B","6YML|1|A+6YML|1|B,6YMM|1|A+6YMM|1|B,6YMM|1|C+6YMM|1|D,6YMK|1|A+6YMK|1|B,6YMJ|1|M+6YMJ|1|N,6YML|1|C+6YML|1|D,6YMK|1|F+6YMK|1|G,6YMI|1|F+6YMI|1|G,6YMI|1|A+6YMI|1|B,6YMK|1|M+6YMK|1|N,6YMI|1|M+6YMI|1|N,6YMJ|1|F+6YMJ|1|G,6YMJ|1|A+6YMJ|1|B,6YMK|1|O+6YMK|1|P,6YMK|1|C+6YMK|1|D,6YMJ|1|C+6YMJ|1|D,6YMK|1|I+6YMK|1|J,6YLB|1|M+6YLB|1|N,6YMI|1|C+6YMI|1|D,6YMJ|1|O+6YMJ|1|P,6YMJ|1|I+6YMJ|1|J,6YLB|1|I+6YLB|1|J,6YMI|1|I+6YMI|1|J,6YLB|1|A+6YLB|1|B,6YLB|1|F+6YLB|1|G,6YLB|1|C+6YLB|1|D,6YMI|1|O+6YMI|1|P,6YLB|1|O+6YLB|1|P"
"NR_4.0_95407.4","3R1D|1|A+3R1D|1|B","3R1D|1|A+3R1D|1|B,3R1D|1|C+3R1D|1|D,3R1D|1|E"
"NR_4.0_42371.1","7KHA|1|J","7KHA|1|J"
"NR_4.0_86424.3","3R2C|1|R","3R2C|1|R,3R2C|1|S"
"NR_4.0_12608.1","3R2D|1|R+3R2D|1|S","3R2D|1|R+3R2D|1|S"
"NR_4.0_38781.1","3R9W|1|B","3R9W|1|B"
"NR_4.0_71379.1","3RC8|1|E","3RC8|1|E"
"NR_4.0_68310.1","7KL3|1|B","7KL3|1|B"
"NR_4.0_27305.2","7KQN|1|E+7KQN|1|F+7KQN|1|I","7KQN|1|E+7KQN|1|F+7KQN|1|I,7KQN|1|B+7KQN|1|C+7KQN|1|J"
"NR_4.0_69465.1","7KUN|1|A+7KUN|1|B","7KUN|1|A+7KUN|1|B"
"NR_4.0_42729.1","7KX7|1|B","7KX7|1|B"
"NR_4.0_05013.1","7L1F|1|T+7L1F|1|P","7L1F|1|T+7L1F|1|P"
"NR_4.0_04166.3","6YMC|1|A","6YMC|1|A,6YMC|1|B"
"NR_4.0_73109.1","7LIU|1|X+7LIU|1|Y","7LIU|1|X+7LIU|1|Y"
"NR_4.0_65417.3","6YRQ|1|E","6YRQ|1|E,6YRQ|1|H,6YRQ|1|G,6YRQ|1|F,6YRB|1|C,6YRB|1|D"
"NR_4.0_85596.4","7UY6|1|B","7UY6|1|B,7LMA|1|B,7UY5|1|B,8GAP|1|B,7LMB|1|B"
"NR_4.0_50925.1","6YST|1|x","6YST|1|x"
"NR_4.0_04359.1","3S1M|1|R","3S1M|1|R"
"NR_4.0_88937.1","3S2H|1|R","3S2H|1|R"
"NR_4.0_38802.1","7LYF|1|A","7LYF|1|A"
"NR_4.0_41935.3","7MKY|1|A","7MKY|1|A,7LYJ|1|A"
"NR_4.0_99566.1","6YWE|1|bb","6YWE|1|bb"
"NR_4.0_81905.1","7LYS|1|B+7LYS|1|C+7LYS|1|D","7LYS|1|B+7LYS|1|C+7LYS|1|D"
"NR_4.0_01551.1","6YWY|1|bb","6YWY|1|bb"
"NR_4.0_08446.2","7M57|1|n+7M57|1|Y","7M57|1|n+7M57|1|Y,7M57|1|f+7M57|1|Q,7M57|1|o+7M57|1|Z,7M57|1|7,7M57|1|m+7M57|1|X,7M57|1|j+7M57|1|U,7M57|1|l+7M57|1|W,7M57|1|q+7M57|1|b,7M57|1|ll+7M57|1|UU,7M57|1|kk+7M57|1|TT,7M57|1|tt+7M57|1|ee,7M57|1|i+7M57|1|T,7M57|1|s+7M57|1|d,7M57|1|h+7M57|1|S,7M57|1|qq+7M57|1|bb,7M57|1|mm+7M57|1|VV,7M57|1|g+7M57|1|R,7M57|1|uu+7M57|1|ff,7M57|1|nn+7M57|1|WW,7M57|1|oo+7M57|1|YY,7M57|1|k+7M57|1|V,7M57|1|rr+7M57|1|cc,7M57|1|jj+7M57|1|SS,7M57|1|hh+7M57|1|QQ,7M57|1|p,7M57|1|e+7M57|1|P,7M57|1|r+7M57|1|c,7M57|1|x,7M57|1|vv+7M57|1|gg,7M57|1|yy,7M57|1|ii,7M57|1|3,7M57|1|pp,7M57|1|4,7M57|1|z,7M57|1|y,7M57|1|5,7M57|1|zz,7M57|1|2,7M57|1|ss,7M57|1|ww,7M57|1|t,7M57|1|1,7M57|1|6,7M57|1|u,7M57|1|8,7M57|1|xx,7M57|1|v,7M57|1|w,7M2T|1|p+7M2T|1|ss+7M2T|1|a+7M2T|1|dd,7M2T|1|nn+7M2T|1|V+7M2T|1|WW,7M2T|1|7,7M2T|1|j+7M2T|1|U,7M2T|1|l+7M2T|1|W,7M2T|1|mm+7M2T|1|VV,7M2T|1|o+7M2T|1|Z,7M2T|1|oo+7M2T|1|YY,7M2T|1|q+7M2T|1|b,7M2T|1|r+7M2T|1|c,7M2T|1|rr+7M2T|1|cc,7M2T|1|s+7M2T|1|d,7M2T|1|tt+7M2T|1|ee,7M2T|1|uu+7M2T|1|ff,7M2T|1|vv+7M2T|1|gg,7M2T|1|e+7M2T|1|P,7M2T|1|g+7M2T|1|R,7M2T|1|h+7M2T|1|S,7M2T|1|hh+7M2T|1|QQ,7M2T|1|i+7M2T|1|T,7M2T|1|jj+7M2T|1|SS,7M2T|1|kk+7M2T|1|TT,7M2T|1|ll+7M2T|1|UU,7M2T|1|m+7M2T|1|X,7M2T|1|n+7M2T|1|Y,7M2T|1|pp+7M2T|1|ZZ,7M2T|1|qq+7M2T|1|bb,7M2T|1|k,7M2T|1|1,7M2T|1|2,7M2T|1|3,7M2T|1|4,7M2T|1|5,7M2T|1|6,7M2T|1|8,7M2T|1|t,7M2T|1|u,7M2T|1|v,7M2T|1|w,7M2T|1|ww,7M2T|1|x,7M2T|1|xx,7M2T|1|y,7M2T|1|yy,7M2T|1|z,7M2T|1|zz"
"NR_4.0_04435.1","6YYM|1|B","6YYM|1|B"
"NR_4.0_08125.1","6Z1P|1|Ab+6Z1P|1|Aa","6Z1P|1|Ab+6Z1P|1|Aa"
"NR_4.0_14513.3","3SIU|1|F","3SIU|1|F,3SIU|1|C"
"NR_4.0_08043.3","6Z6G|1|U","6Z6G|1|U,6Z8K|1|C,6Z6B|1|UUU,6Z6B|1|BBB"
"NR_4.0_08155.3","3SIV|1|C+3SIV|1|F","3SIV|1|C+3SIV|1|F,3SIV|1|I+3SIV|1|L"
"NR_4.0_62516.1","3SJ2|1|A+3SJ2|1|B","3SJ2|1|A+3SJ2|1|B"
"NR_4.0_05610.3","6Z6B|1|HHH+6Z6B|1|XXX","6Z6B|1|HHH+6Z6B|1|XXX,6Z6B|1|CCC+6Z6B|1|DDD"
"NR_4.0_09297.6","8QPP|1|U","8QPP|1|U,7QV1|1|H,7O5B|1|U,8R55|1|U,3J9W|1|AX,7QV2|1|H,7QV2|1|x"
"NR_4.0_71217.8","9RPV|1|E5","9RPV|1|E5,6ZMI|1|CC,6ZME|1|CC,6ZMO|1|CC,6ZM7|1|CC,7QVP|1|CC,6ZVH|1|x,7XNX|1|CC,6Z6L|1|CC,6Z6N|1|CC"
"NR_4.0_68467.16","8SCB|1|2","8SCB|1|2,8P2K|1|AT,9QQA|1|AT,7TM3|1|q,7NWI|1|2,5LZZ|1|2,5LZV|1|2,5LZT|1|2,5LZS|1|2,7TUT|1|q,3JAH|1|2,6GZ5|1|Bv,3JAG|1|2,6FRK|1|2,3JAI|1|2,9QQB|1|AT,6HCF|1|23,6MTB|1|2,5LZW|1|2,6GZ4|1|Bv,8VFT|1|2,6GZ3|1|Bv,5LZU|1|2,5LZX|1|2,3JAJ|1|3,6T59|1|23,3JAN|1|3"
"NR_4.0_69011.5","6Z6M|1|CC","6Z6M|1|CC,9I2E|1|CC,9FQZ|1|CC,8Y0X|1|E"
"NR_4.0_66417.1","6Z8K|1|P+6Z8K|1|T","6Z8K|1|P+6Z8K|1|T"
"NR_4.0_22327.3","3SNP|1|D","3SNP|1|D,3SNP|1|C"
"NR_4.0_51156.3","3SQW|1|B","3SQW|1|B,3SQX|1|B"
"NR_4.0_03921.3","6ZDQ|1|C","6ZDQ|1|C,6ZDU|1|C,6ZDU|1|D"
"NR_4.0_49607.1","3SSF|1|A+3SSF|1|B","3SSF|1|A+3SSF|1|B"
"NR_4.0_08919.1","6ZJ3|1|LJ","6ZJ3|1|LJ"
"NR_4.0_45159.3","4J50|1|A+4J50|1|B","4J50|1|A+4J50|1|B,3SYW|1|A+3SYW|1|B,4YN6|1|A+4YN6|1|B"
"NR_4.0_32401.1","6ZJ3|1|LL","6ZJ3|1|LL"
"NR_4.0_79566.1","6ZJ3|1|LO","6ZJ3|1|LO"
"NR_4.0_01981.1","3T3O|1|B","3T3O|1|B"
"NR_4.0_34318.1","6ZM2|1|B","6ZM2|1|B"
"NR_4.0_66740.3","3T5N|1|C","3T5N|1|C,3T5Q|1|H,3T5Q|1|L"
"NR_4.0_18291.1","3T5Q|1|D","3T5Q|1|D"
"NR_4.0_79660.1","3T5Q|1|J","3T5Q|1|J"
"NR_4.0_32675.1","3TS2|1|V","3TS2|1|V"
"NR_4.0_73731.4","3U4M|1|B","3U4M|1|B,4QVI|1|B,4QG3|1|B,3UMY|1|B,3U56|1|B,5NPM|1|B"
"NR_4.0_93290.1","6ZMO|1|CB","6ZMO|1|CB"
"NR_4.0_58932.1","6ZQG|1|D4","6ZQG|1|D4"
"NR_4.0_80250.4","9ESI|1|5","9ESI|1|5,9S2G|1|5,9ESH|1|5,3JB9|1|C"
"NR_4.0_04288.8","6N6E|1|D","6N6E|1|D,9YNP|1|I,4G7O|1|I,4G7O|1|S,9YNQ|1|I,6L74|1|I,5X22|1|S,5X22|1|I,3UD3|1|A,5X21|1|I,9GZM|1|R,5UH6|1|I,3UD4|1|B,9GZN|1|R,8I88|1|L"
"NR_4.0_56778.1","6ZU5|1|L50","6ZU5|1|L50"
"NR_4.0_82907.1","6ZU5|1|S60","6ZU5|1|S60"
"NR_4.0_71120.3","9ESI|1|6+9ESI|1|2","9ESI|1|6+9ESI|1|2,9S2G|1|6+9S2G|1|2,9ESH|1|6+9ESH|1|2,3JB9|1|N+3JB9|1|P"
"NR_4.0_28858.1","6ZVK|1|E1","6ZVK|1|E1"
"NR_4.0_60024.1","6ZWW|1|D","6ZWW|1|D"
"NR_4.0_09916.1","3JBU|1|X","3JBU|1|X"
"NR_4.0_12236.1","6ZWW|1|H","6ZWW|1|H"
"NR_4.0_40124.3","6ZYM|1|Z","6ZYM|1|Z"
"NR_4.0_80025.4","7A5I|1|94","7A5I|1|94,7OI8|1|z,7OIA|1|z,7A5I|1|X,7A5I|1|99,7OID|1|z,7A5K|1|FE,7A5H|1|24,7A5J|1|x,7A5J|1|G,7A5K|1|24"
"NR_4.0_28506.1","3V6Y|1|B","3V6Y|1|B"
"NR_4.0_33378.1","3V74|1|B","3V74|1|B"
"NR_4.0_97214.1","3JBV|1|W","3JBV|1|W"
"NR_4.0_13002.1","3JCJ|1|4","3JCJ|1|4"
"NR_4.0_38286.5","6J6G|1|D","6J6G|1|D,7B9V|1|5,6BK8|1|5,6J6H|1|D,9DTR|1|5,7DCO|1|B,6J6N|1|D,6J6Q|1|D,5LJ3|1|U,5GM6|1|D,5GAM|1|U,5GMK|1|D,5Y88|1|B,5YLZ|1|B,5MPS|1|5,5ZWM|1|B,6EXN|1|5,5WSG|1|D,5GAN|1|U,5ZWO|1|B,3JCM|1|F,5GAP|1|U"
"NR_4.0_82984.3","4ENC|1|A","4ENC|1|A,4ENB|1|A,3VRS|1|A,4ENA|1|A,4EN5|1|A"
"NR_4.0_33390.3","7M2V|1|T+7M2V|1|k","7M2V|1|T+7M2V|1|k,7M2V|1|yy+7M2V|1|zz"
"NR_4.0_64573.1","7M3T|1|P","7M3T|1|P"
"NR_4.0_81333.1","3WBM|1|X+3WBM|1|Y","3WBM|1|X+3WBM|1|Y"
"NR_4.0_06997.1","7M3T|1|T","7M3T|1|T"
"NR_4.0_70891.1","7M3T|1|UU","7M3T|1|UU"
"NR_4.0_57657.1","3X1L|1|I+3X1L|1|J","3X1L|1|I+3X1L|1|J,9X25|1|A+9X25|1|K"
"NR_4.0_97545.1","7A9X|1|B","7A9X|1|B"
"NR_4.0_20406.1","7M3T|1|WW","7M3T|1|WW"
"NR_4.0_59796.2","3ZC0|1|N+3ZC0|1|O","3ZC0|1|N+3ZC0|1|O,3ZC0|1|M"
"NR_4.0_22035.1","7ABZ|1|4","7ABZ|1|4"
"NR_4.0_77116.1","7M3T|1|Y","7M3T|1|Y"
"NR_4.0_79533.3","3ZLA|1|I","3ZLA|1|I,3ZLA|1|J"
"NR_4.0_36650.5","7XWZ|1|C+7XWZ|1|D","7XWZ|1|C+7XWZ|1|D,7XWZ|1|E"
"NR_4.0_15098.1","7M3T|1|bb","7M3T|1|bb"
"NR_4.0_12677.1","402D|1|A+402D|1|B","402D|1|A+402D|1|B"
"NR_4.0_42738.1","7AIH|1|1","7AIH|1|1"
"NR_4.0_24679.1","7M3T|1|h","7M3T|1|h"
"NR_4.0_57688.3","409D|1|C+409D|1|D","409D|1|C+409D|1|D,409D|1|A+409D|1|B,409D|1|E+409D|1|F"
"NR_4.0_69305.1","7AM2|1|R1","7AM2|1|R1"
"NR_4.0_64211.1","7M3T|1|kk","7M3T|1|kk"
"NR_4.0_93407.1","7ANE|1|1","7ANE|1|1"
"NR_4.0_54924.1","7M3T|1|m","7M3T|1|m"
"NR_4.0_73286.32","9S2E|1|5","9S2E|1|5,8I0R|1|B+8I0R|1|G,8C6J|1|5,7QTT|1|e,6ZYM|1|5,8I0V|1|B+8I0V|1|G,8QOZ|1|5,7DVQ|1|B+7DVQ|1|G,8QPB|1|5,8RC0|1|5,8I0T|1|B,6QDV|1|5,6FF4|1|5,8Q7Q|1|5,7W59|1|B,8Q91|1|5,7W5A|1|B,8Q7N|1|5,9S2F|1|5,8QP8|1|5,8I0U|1|B,8QPE|1|5,8I0P|1|B+8I0P|1|G,6QX9|1|5,8RO2|1|5,8QPA|1|5,6ICZ|1|B,9FMD|1|5,8Q7V|1|5,8I0W|1|B,6ID0|1|B,6QW6|1|5,6ID1|1|B,8Q7W|1|5,7ABF|1|5,5XJC|1|B,6AHD|1|B,8H6L|1|5A,8H6K|1|5A,9XTT|1|5,9XU3|1|5,8H6E|1|5A,8H6J|1|5A,8Y6O|1|B"
"NR_4.0_67171.1","418D|1|A+418D|1|B","418D|1|A+418D|1|B"
"NR_4.0_70878.1","7AOR|1|2","7AOR|1|2"
"NR_4.0_67886.1","7M3T|1|qq","7M3T|1|qq"
"NR_4.0_92412.4","7AQC|1|P","7AQC|1|P,7AS8|1|2,7AQC|1|T,7OPE|1|2,9J5O|1|B,7AQD|1|T,7AS9|1|2,7ASA|1|2,8S1P|1|a,8S1U|1|a,8S1U|1|c"
"NR_4.0_99184.1","433D|1|A+433D|1|B","433D|1|A+433D|1|B"
"NR_4.0_04094.1","7M50|1|UU","7M50|1|UU"
"NR_4.0_59826.1","7M50|1|a","7M50|1|a"
"NR_4.0_17176.1","7M50|1|e","7M50|1|e"
"NR_4.0_59443.1","7M50|1|i+7M50|1|T","7M50|1|i+7M50|1|T"
"NR_4.0_72146.1","7M50|1|n+7M50|1|Y","7M50|1|n+7M50|1|Y"
"NR_4.0_11525.1","7R81|1|B1","7R81|1|B1"
"NR_4.0_22527.1","7R9F|1|B","7R9F|1|B"
"NR_4.0_09322.1","13FN|1|T","13FN|1|T"
"NR_4.0_86951.1","7RDQ|1|I","7RDQ|1|I"
"NR_4.0_24936.6","8PFQ|1|A+8PFQ|1|B","8PFQ|1|A+8PFQ|1|B,9YDI|1|A,6XUS|1|A,6XUR|1|A,8PFK|1|A,2Q1R|1|A,7LO9|1|C+7LO9|1|D,7LO9|1|A+7LO9|1|B,157D|1|A+157D|1|B"
"NR_4.0_38474.2","4NIA|1|a+4NIA|1|p","4NIA|1|a+4NIA|1|p,4NIA|1|c+4NIA|1|r,4NIA|1|d+4NIA|1|s,4NIA|1|S+4NIA|1|h,4NIA|1|W+4NIA|1|l,4NIA|1|Y+4NIA|1|n,4NIA|1|b+4NIA|1|q,4NIA|1|U+4NIA|1|j,4NIA|1|R+4NIA|1|g,4NIA|1|V+4NIA|1|k,4NIA|1|T+4NIA|1|i,4NIA|1|P+4NIA|1|e,4NIA|1|Q+4NIA|1|f,4NIA|1|Z+4NIA|1|o,4NIA|1|X+4NIA|1|m,1A34|1|B+1A34|1|C,4OQ9|1|T+4OQ9|1|i,4OQ9|1|R+4OQ9|1|g,4OQ9|1|a+4OQ9|1|p,4OQ9|1|U+4OQ9|1|j,4OQ9|1|c+4OQ9|1|r,4OQ9|1|S+4OQ9|1|h,4OQ9|1|Q+4OQ9|1|f,4OQ9|1|V+4OQ9|1|k,4OQ9|1|Y+4OQ9|1|n,4OQ9|1|W+4OQ9|1|l,4OQ9|1|Z+4OQ9|1|o,4OQ9|1|d+4OQ9|1|s,4OQ9|1|P+4OQ9|1|e,7M50|1|X+7M50|1|m,4OQ9|1|X+4OQ9|1|m,4OQ9|1|b+4OQ9|1|q,4OQ8|1|B+4OQ8|1|C"
"NR_4.0_73019.1","8ANE|1|R","8ANE|1|R"
"NR_4.0_96267.3","8APO|1|C2","8APO|1|C2,8APO|1|C1"
"NR_4.0_25250.1","8APO|1|C3","8APO|1|C3"
"NR_4.0_61330.1","8ASB|1|G","8ASB|1|G"
"NR_4.0_96179.1","7RYG|1|w","7RYG|1|w"
"NR_4.0_80994.3","8ASG|1|T","8ASG|1|T,8ASG|1|D"
"NR_4.0_69082.1","8ASG|1|P","8ASG|1|P"
"NR_4.0_84900.2","8WUS|1|B+8WUS|1|C+8WUS|1|F+8WUS|1|D","8WUS|1|B+8WUS|1|C+8WUS|1|F+8WUS|1|D,8YGJ|1|B+8YGJ|1|F+8YGJ|1|C+8YGJ|1|D,7S3H|1|R,7S36|1|R,7S38|1|R+7S38|1|N+7S38|1|T,8T6O|1|B,8G1I|1|B+8G1I|1|C+8G1I|1|D,7S37|1|R"
"NR_4.0_98689.1","8AUV|1|B","8AUV|1|B"
"NR_4.0_83131.1","8AXF|1|Q","8AXF|1|Q"
"NR_4.0_57351.1","7S3A|1|B","7S3A|1|B"
"NR_4.0_55974.1","7S3C|1|B","7S3C|1|B"
"NR_4.0_44690.3","8B2L|1|W2","8B2L|1|W2,8B2L|1|i2"
"NR_4.0_69478.2","7SBB|1|Z+7SBB|1|X","7SBB|1|Z+7SBB|1|X,7SBA|1|Z+7SBA|1|X+7SBA|1|Y"
"NR_4.0_83172.1","8B6Z|1|B","8B6Z|1|B"
"NR_4.0_51805.3","8ZMK|1|C","8ZMK|1|C"
"NR_4.0_40669.1","8B9I|1|C","8B9I|1|C"
"NR_4.0_62371.1","7SOP|1|B","7SOP|1|B"
"NR_4.0_62241.3","8BE0|1|V","8BE0|1|V,8BDR|1|V,8BF5|1|V"
"NR_4.0_77860.1","7SOU|1|B","7SOU|1|B"
"NR_4.0_38531.3","8EX9|1|B+8EX9|1|C+8EX9|1|D","8EX9|1|B+8EX9|1|C+8EX9|1|D,9YYH|1|B+9YYH|1|D,8BF8|1|B,8EXA|1|B+8EXA|1|C+8EXA|1|D,9YYG|1|B,8H1J|1|B+8H1J|1|C+8H1J|1|D"
"NR_4.0_26261.3","7SP1|1|Q","7SP1|1|Q,7SP1|1|P"
"NR_4.0_37215.1","7SS9|1|4","7SS9|1|4"
"NR_4.0_93060.1","7SWF|1|B+7SWF|1|D","7SWF|1|B+7SWF|1|D"
"NR_4.0_85111.1","8BF9|1|5+8BF9|1|8","8BF9|1|5+8BF9|1|8"
"NR_4.0_47854.1","7SXP|1|A","7SXP|1|A"
"NR_4.0_15672.1","8BHF|1|21","8BHF|1|21"
"NR_4.0_79242.3","8BSI|1|Lu","8BSI|1|Lu,8BTR|1|u,8BR8|1|Lu"
"NR_4.0_97963.3","8BTR|1|v","8BTR|1|v"
"NR_4.0_04846.1","8BTK|1|AH","8BTK|1|AH"
"NR_4.0_59420.1","8BUU|1|V","8BUU|1|V"
"NR_4.0_80237.3","7SZU|1|R","7SZU|1|R,7U0Y|1|R"
"NR_4.0_98455.1","8BVM|1|u","8BVM|1|u"
"NR_4.0_73392.3","7TJ2|1|G+7TJ2|1|H","7TJ2|1|G+7TJ2|1|H,7TQV|1|G+7TQV|1|H"
"NR_4.0_76648.1","1AV6|1|B","1AV6|1|B"
"NR_4.0_49530.1","7TNX|1|C+7TNX|1|B","7TNX|1|C+7TNX|1|B"
"NR_4.0_78372.8","6X1B|1|D","6X1B|1|D,6X1B|1|F,5K77|1|x,5K77|1|z,5K77|1|v,5K77|1|y,7VA6|1|C,5K77|1|w,6TRQ|1|F,6TRQ|1|E,5F6C|1|C,6I0T|1|B,1B2M|1|C,1B2M|1|D,1B2M|1|E"
"NR_4.0_95658.1","8C4V|1|P+8C4V|1|T","8C4V|1|P+8C4V|1|T"
"NR_4.0_52698.4","8DVU|1|B","8DVU|1|B,7TO2|1|B,8DVS|1|B,8DVR|1|B,7TO1|1|B,8SCZ|1|B"
"NR_4.0_58004.2","9FPY|1|U","9FPY|1|U,9FQ6|1|U,8C8H|1|U"
"NR_4.0_23790.1","8CBJ|1|2","8CBJ|1|2"
"NR_4.0_44224.1","7TOQ|1|MRNA","7TOQ|1|MRNA"
"NR_4.0_77785.2","8CBL|1|T","8CBL|1|T,9EY1|1|T"
"NR_4.0_54434.1","7TQB|1|A+7TQB|1|B","7TQB|1|A+7TQB|1|B"
"NR_4.0_44655.1","8CBM|1|T","8CBM|1|T"
"NR_4.0_01805.1","8CDU|1|B","8CDU|1|B"
"NR_4.0_03860.1","7TRA|1|R+7TRA|1|S+7TRA|1|T","7TRA|1|R+7TRA|1|S+7TRA|1|T"
"NR_4.0_09952.1","1B7F|1|Q","1B7F|1|Q"
"NR_4.0_89111.3","7U2J|1|1w","7U2J|1|1w,7U2I|1|1w,7U2H|1|1w,7U2J|1|2w,7U2I|1|2w,7U2H|1|2w,7U2H|1|1y,7U2J|1|1y,7U2J|1|2y,7U2H|1|2y,7U2I|1|1y,7U2I|1|2y"
"NR_4.0_65431.2","8CLM|1|A+8CLM|1|D","8CLM|1|A+8CLM|1|D,8CLM|1|C+8CLM|1|F,8CLM|1|B+8CLM|1|E"
"NR_4.0_25376.3","6PRV|1|A","6PRV|1|A,6PRV|1|B,6PRV|1|C,6PRV|1|D,1HC8|1|C,1HC8|1|D,1Y39|1|D,1Y39|1|C,1QA6|1|C,1QA6|1|D"
"NR_4.0_57955.4","1Q96|1|A","1Q96|1|A,1Q96|1|B,1Q96|1|C,1Q93|1|C,1Q93|1|A,1Q93|1|B,430D|1|A"
"NR_4.0_96772.1","7U4A|1|A","7U4A|1|A"
"NR_4.0_24191.8","9Q87|1|6","9Q87|1|6,7QIW|1|s,7QIZ|1|s,7K00|1|5,9R3A|1|5,9RBF|1|5,9T5X|1|5,1VY6|1|AW,11BQ|1|5,1VY6|1|CW,4A3G|1|P,11DG|1|5,4A3J|1|P,7NBU|1|W,3J9M|1|u,5MMI|1|z,11EL|1|5,6NU2|1|u,7A5K|1|u3,8AYE|1|5,8QOA|1|5"
"NR_4.0_24517.1","7U8B|1|A+7U8B|1|B","7U8B|1|A+7U8B|1|B"
"NR_4.0_26424.1","7UJ1|1|E","7UJ1|1|E"
"NR_4.0_85270.1","8CWO|1|Y","8CWO|1|Y"
"NR_4.0_55702.1","1C9S|1|W","1C9S|1|W"
"NR_4.0_09398.3","7UO5|1|B","7UO5|1|B,7UO2|1|B,7UO1|1|B,7UO0|1|B"
"NR_4.0_26371.1","8CX1|1|L","8CX1|1|L"
"NR_4.0_53157.1","1CSL|1|B+1CSL|1|A","1CSL|1|B+1CSL|1|A"
"NR_4.0_41767.1","8CX2|1|L","8CX2|1|L"
"NR_4.0_78670.3","1CVJ|1|N","1CVJ|1|N,1CVJ|1|O,1CVJ|1|S,1CVJ|1|P,1CVJ|1|T,1CVJ|1|R"
"NR_4.0_40854.1","7UO0|1|C","7UO0|1|C"
"NR_4.0_24216.3","8D29|1|C","8D29|1|C,8D29|1|R"
"NR_4.0_58300.4","7UO4|1|T+7UO4|1|P","7UO4|1|T+7UO4|1|P,7UO7|1|T+7UO7|1|P,9CGV|1|T+9CGV|1|P"
"NR_4.0_56838.1","8D29|1|F","8D29|1|F"
"NR_4.0_61542.1","8D49|1|B","8D49|1|B"
"NR_4.0_87059.1","1CVJ|1|Q","1CVJ|1|Q"
"NR_4.0_48777.6","4NKU|1|D","4NKU|1|D,9YMU|1|R,4NKU|1|H,8GWB|1|M,9CA4|1|G,1CWP|1|E"
"NR_4.0_77079.2","9JPP|1|V","9JPP|1|V,9DPL|1|C,9JQ2|1|V,9P7E|1|Et,9JPM|1|V,9P7D|1|Et,9P73|1|PE,9DPA|1|C,9P7C|1|Et,9P8B|1|Et,9JPO|1|V,9DPB|1|C,9P78|1|Et,9DOW|1|C,9B0Q|1|PE,9P7Y|1|Et,9P7A|1|Et,9P72|1|Et,9B0Q|1|pE,9P7K|1|Et,9P9H|1|Et,9B0S|1|pE,9P9I|1|Et,8D9K|1|C,9B0S|1|Et,9B0P|1|Et"
"NR_4.0_86784.1","11GG|1|C","11GG|1|C"
"NR_4.0_60807.3","7UQB|1|6","7UQB|1|6,7UQZ|1|6"
"NR_4.0_96800.3","7UR5|1|v","7UR5|1|v,7UR5|1|y,7URM|1|v,7UR5|1|w,7URI|1|y"
"NR_4.0_30746.1","11GJ|1|C+11GJ|1|B","11GJ|1|C+11GJ|1|B"
"NR_4.0_15685.1","1CWP|1|F","1CWP|1|F"
"NR_4.0_58325.1","11HD|1|Q+11HD|1|P","11HD|1|Q+11HD|1|P,11HC|1|R+11HC|1|S"
"NR_4.0_06650.51","8SCB|1|5+8SCB|1|8","8SCB|1|5+8SCB|1|8,7O7Z|1|B5+7O7Z|1|B8,8RJB|1|K+8RJB|1|v,11IQ|1|28+11IQ|1|58,8RJD|1|K+8RJD|1|v,8RJC|1|K+8RJC|1|v,9RHU|1|A3+9RHU|1|C3,8B6C|1|5+8B6C|1|8,8B5L|1|5+8B5L|1|8,9YQ0|1|5+9YQ0|1|8,9YQ1|1|5+9YQ1|1|8,9YPZ|1|5+9YPZ|1|8,8VVQ|1|WA+8VVQ|1|YA,9BDL|1|A28S+9BDL|1|A58S,9YPW|1|5+9YPW|1|8,9YPY|1|5+9YPY|1|8,9YPG|1|5+9YPG|1|8,8BPO|1|A1+8BPO|1|C1,9YPO|1|5+9YPO|1|8,9YPS|1|5+9YPS|1|8,9QQA|1|B5+9QQA|1|B8,9YPV|1|5+9YPV|1|8,8P2K|1|B5+8P2K|1|B8,7UCK|1|5+7UCK|1|8,9YPT|1|5+9YPT|1|8,11HV|1|28+11HV|1|58,7NWI|1|5+7NWI|1|8,7TOR|1|A28S+7TOR|1|A58S,8VVP|1|WA+8VVP|1|YA,11HE|1|28+11HE|1|58,9BDN|1|A28S+9BDN|1|A58S,7ZJX|1|L5+7ZJX|1|L8,9F1B|1|B5+9F1B|1|B8,9MR4|1|5+9MR4|1|8,7TM3|1|K+7TM3|1|v,11HG|1|28+11HG|1|58,6P5I|1|5+6P5I|1|8,9NDP|1|5+9NDP|1|8,8BHF|1|A2+8BHF|1|C2,7OBR|1|5+7OBR|1|8,7O81|1|B5+7O81|1|B8,11JJ|1|28+11JJ|1|58,6P5K|1|5+6P5K|1|8,7UCJ|1|5+7UCJ|1|8,6MTD|1|5+6MTD|1|8,7TOQ|1|A25S+7TOQ|1|A58S,6MTE|1|5+6MTE|1|8,9Q7Q|1|5+9Q7Q|1|8,6P5N|1|5+6P5N|1|8,6MTC|1|5+6MTC|1|8,6R5Q|1|5+6R5Q|1|8,9F1D|1|B5+9F1D|1|B8,7MDZ|1|5+7MDZ|1|8,8VVT|1|WA+8VVT|1|YA,5LZV|1|5+5LZV|1|8,11KH|1|28+11KH|1|58,5LZS|1|5+5LZS|1|8,6MTB|1|5+6MTB|1|8,9QQB|1|B5+9QQB|1|B8,5LZZ|1|5+5LZZ|1|8,6P5J|1|5+6P5J|1|8,7A01|1|e2+7A01|1|h2,6R6P|1|5+6R6P|1|8,8VVR|1|WA+8VVR|1|YA,8VVS|1|WA+8VVS|1|YA,7NWG|1|51+7NWG|1|81,7QWQ|1|5+7QWQ|1|8,8VFT|1|5+8VFT|1|8,6ZVK|1|e2+6ZVK|1|h2,6D90|1|5+6D90|1|8,7NFX|1|5+7NFX|1|8,7QWR|1|5+7QWR|1|8,5LZW|1|5+5LZW|1|8,7TUT|1|K+7TUT|1|v,5LZT|1|5+5LZT|1|8,6HCF|1|52+6HCF|1|82,9F1C|1|B5+9F1C|1|B8,9BDP|1|A28S+9BDP|1|A58S,8VVV|1|5+8VVV|1|8,6D9J|1|5+6D9J|1|8,6GZ5|1|A2+6GZ5|1|A3,6GZ4|1|A2+6GZ4|1|A3,5LZU|1|5+5LZU|1|8,6GZ3|1|A2+6GZ3|1|A3,6FRK|1|5+6FRK|1|8,3JAH|1|5+3JAH|1|8,6R6G|1|5+6R6G|1|8,5LZY|1|5+5LZY|1|8,3JAG|1|5+3JAG|1|8,6HCJ|1|51+6HCJ|1|81,6R7Q|1|5+6R7Q|1|8,3JAI|1|5+3JAI|1|8,8VVU|1|WA+8VVU|1|YA,5LZX|1|5+5LZX|1|8,3J92|1|5+3J92|1|8,7QWS|1|5+7QWS|1|8,6T59|1|54+6T59|1|84,3JAJ|1|5+3JAJ|1|8,3JAN|1|5+3JAN|1|8,7O7Y|1|B5+7O7Y|1|B8,7ZJW|1|L5+7ZJW|1|L8,7O80|1|B5+7O80|1|B8,6SGC|1|54+6SGC|1|84,8BTK|1|B5+8BTK|1|B8,7OYD|1|5+7OYD|1|8,9Q1S|1|5+9Q1S|1|8,9Q2P|1|5+9Q2P|1|8,9Q2M|1|5+9Q2M|1|8,9Q1Q|1|5+9Q1Q|1|8"
"NR_4.0_21736.11","6D30|1|C","6D30|1|C,6J7Z|1|C,3ER9|1|D,4NIA|1|3,4NIA|1|7,4NIA|1|4,5KAL|1|Y,24BW|1|C,4NIA|1|v,5KAL|1|Z,4NIA|1|u,4NIA|1|6,5NEW|1|C,4NIA|1|x,4NIA|1|1,4NIA|1|8,4NIA|1|5,4NIA|1|w,4NIA|1|t,4OQ9|1|7,4OQ9|1|4,4NIA|1|z,4OQ9|1|8,4OQ9|1|t,4NIA|1|y,4OQ9|1|y,4NIA|1|2,4OQ9|1|x,4OQ9|1|6,4OQ8|1|D,4OQ9|1|w,4OQ9|1|5,4OQ9|1|u,2VRT|1|E,4OQ9|1|z,4OQ9|1|2,4OQ9|1|v,4OQ9|1|3,2VRT|1|F,1DDL|1|E,9FIA|1|bH,4OQ9|1|1"
"NR_4.0_66606.1","7UU4|1|R","7UU4|1|R"
"NR_4.0_86874.1","7UVW|1|w","7UVW|1|w"
"NR_4.0_50248.6","7UXA|1|E","7UXA|1|E,8ISS|1|E,8HMY|1|T"
"NR_4.0_99785.1","7UZW|1|G","7UZW|1|G"
"NR_4.0_00721.3","7V01|1|G+7V01|1|U","7V01|1|G+7V01|1|U"
"NR_4.0_77411.1","7V2Z|1|B","7V2Z|1|B"
"NR_4.0_71188.5","4MSR|1|A+4MSR|1|B","4MSR|1|A+4MSR|1|B,5TDK|1|A+5TDK|1|B,6WY3|1|A+6WY3|1|B,6WY3|1|C+6WY3|1|D,5TDJ|1|A,6WY2|1|B+6WY2|1|C,4MSB|1|A+4MSB|1|B,4MSB|1|C+4MSB|1|D,5TDJ|1|B,6WY2|1|D+6WY2|1|E,4MSB|1|E+4MSB|1|F,4MS9|1|A,6WY2|1|A,6Z18|1|A+6Z18|1|B,100D|1|A+100D|1|B,161D|1|A+161D|1|B,394D|1|A+394D|1|B,393D|1|A+393D|1|B"
"NR_4.0_19536.3","8K9G|1|C","8K9G|1|C,7V6C|1|C+7V6C|1|D,8K9G|1|G,8IT0|1|G,8IT0|1|C,7V6C|1|E+7V6C|1|F"
"NR_4.0_82785.2","7V94|1|B+7V94|1|C+7V94|1|D","7V94|1|B+7V94|1|C+7V94|1|D,7V93|1|B"
"NR_4.0_87272.1","7V9A|1|R","7V9A|1|R"
"NR_4.0_88496.3","1ET4|1|A","1ET4|1|A,1ET4|1|C,1ET4|1|B,1ET4|1|D,1ET4|1|E,1DDY|1|C,1DDY|1|G,1DDY|1|A,1DDY|1|E"
"NR_4.0_73253.1","4F3T|1|R","4F3T|1|R,9YMD|1|B,10BE|1|B+10BE|1|C"
"NR_4.0_41768.1","7VFT|1|A","7VFT|1|A"
"NR_4.0_18996.3","1DI2|1|C+1DI2|1|D","1DI2|1|C+1DI2|1|D,1RC7|1|B+1RC7|1|C,1RC7|1|D+1RC7|1|E,1DI2|1|E,1DI2|1|G"
"NR_4.0_18685.1","7VG3|1|D+7VG3|1|C","7VG3|1|D+7VG3|1|C"
"NR_4.0_56726.173","8B0X|1|A","8B0X|1|A,9Q87|1|A,9GHE|1|A,8FTO|1|A,8BIM|1|2,8BIL|1|2,9Q3R|1|a,9Q3Q|1|a,9QQQ|1|A,8CGU|1|A,9TQA|1|A,9TMI|1|A,8BGE|1|2,9PIJ|1|A,8CEP|1|A,9GHD|1|A,8CGJ|1|A,28UI|1|A,28UH|1|A,7K00|1|A,9N2B|1|16,9GHF|1|A,9SX2|1|A,9GHB|1|A,9QSJ|1|A,9TNL|1|A,28UM|1|A,8CGR|1|A,8BHL|1|2,8EIU|1|A,28UK|1|A,9JPP|1|A,28UJ|1|A,9T6M|1|A,8BHP|1|2,9N2C|1|16,8CAI|1|A,9PII|1|A,7N1P|1|16,9B4Z|1|AA,8BF7|1|2,8HSP|1|A,9GHA|1|A,9B51|1|AA,8EMM|1|A,9SYH|1|A,9GUU|1|A,9XTC|1|A,9PIH|1|A,7S1I|1|C,8HTZ|1|A,9T0Y|1|A,7N2V|1|16,7S1G|1|C,9CG5|1|A,9CG6|1|A,9SRO|1|A,9GUT|1|A,9H0L|1|A,9FDA|1|B,9GUV|1|A,9JPM|1|A,9GXX|1|A,7S1H|1|C,9RBF|1|A,8YUO|1|A,7S1K|1|C,9AX7|1|A,8ZFG|1|A,9XTD|1|A,9H8G|1|A,8G7P|1|a,8IFB|1|A,5J7L|1|AA,8YUQ|1|A,9JQ2|1|A,9XTE|1|A,5MDV|1|2,5H5U|1|h,8EKC|1|a,8YUP|1|A,9R3A|1|A,9AX8|1|a,8ZTU|1|A,7ST2|1|3,30RA|1|A,8YUS|1|A,9WNQ|1|A,8ZTV|1|A,8FZH|1|a,28UN|1|A,7N31|1|16,8CF1|1|A,9O2Y|1|A,7N2U|1|16,9GUP|1|A,7UG7|1|16,5J8A|1|AA,9GHC|1|A,28UL|1|A,8G7R|1|a,9CG7|1|A,4YBB|1|AA,8CGI|1|A,9SS6|1|D1,5JC9|1|AA,5NWY|1|0,8SYL|1|a,9B50|1|AA,8HU1|1|A,7ZTA|1|16S1,8ZEJ|1|A,9TEX|1|A,8FZE|1|a,7OTC|1|a,9SLG|1|A,8PHJ|1|A,9FCO|1|B,7P3K|1|A,8CAZ|1|A,9TEW|1|A,8CF8|1|A,8FZD|1|a,8YUR|1|A,5WDT|1|a,8G6W|1|A,7Y7F|1|A,8BGH|1|2,9IOT|1|a,8G7Q|1|a,6SZS|1|a,5WFS|1|a,9FIB|1|B,8CA7|1|A,6ORE|1|2,7Y7G|1|A,5IT8|1|AA,7NSO|1|a,5WE4|1|a,8G7S|1|a,5J7L|1|BA,7Y7E|1|A,9G06|1|B,8BH4|1|2,9SS2|1|D1,9NL5|1|R3,8FZJ|1|a,5J8A|1|BA,5MDZ|1|2,8FZG|1|a,7ST6|1|3,4WOI|1|DA,4WOI|1|AA,7N2C|1|16,9GUQ|1|A,6WD0|1|3,7D6Z|1|f,8FZI|1|a,7OIZ|1|A,5J91|1|AA,5JC9|1|BA,7BOD|1|A,9NLH|1|R3,9JPO|1|A,8IFC|1|A,8VWQ|1|2,4V9P|1|FA,7Y7C|1|A,6WDE|1|3,7NAR|1|A,5UYM|1|A,9WNR|1|A,9RTU|1|a,8UQL|1|D,7NBU|1|A,9TEY|1|A,5MGP|1|a,4V9O|1|BA,8BHN|1|2,6X7K|1|D,4V9P|1|HA,6LKQ|1|s,8URM|1|2,7N30|1|16,6ENU|1|a,9NL6|1|R3,7Y7H|1|A,9ZTL|1|A,9SS1|1|D1,7Q4K|1|AA,7SSO|1|3,4V9P|1|DA,7M5D|1|2,8W2N|1|2,6OM6|1|2,7NSQ|1|a,11BQ|1|A,9GFT|1|0,6H4N|1|a,7OJ0|1|A,9GUW|1|A,7K53|1|3,5J88|1|AA,9GUX|1|A,4V9O|1|FA,4V9P|1|BA,7BOF|1|A,9T5X|1|A,5WE6|1|a,9W0N|1|3,7SSN|1|3,6WNW|1|3,4V52|1|CA,8BHJ|1|2,5U9G|1|A,6WDD|1|3,7BOH|1|A,4YBB|1|BA,9PZG|1|A,4V57|1|CA,6XZB|1|A1,4V9O|1|DA,8EYT|1|A,5U9F|1|A,7LV0|1|3,4V52|1|AA,7BOI|1|A,5IT8|1|BA,5LZD|1|a,9H9N|1|A,5WF0|1|a,7ST7|1|3,4V57|1|AA,4V6C|1|AA,9NLE|1|R3,7Y7D|1|A,5WFK|1|a,7JT1|1|3,8FZF|1|a,9Y79|1|D,9GFT|1|AA,4V54|1|CA,7K50|1|3,9SS0|1|D1,9NLF|1|R3,6I7V|1|AA,9GGR|1|0,9NL7|1|R3,9H9J|1|A,6X7F|1|D,9GUS|1|A,7AF8|1|1,4WWW|1|QA,7OE0|1|A,6Q9A|1|2,4V53|1|CA,8ZFI|1|A,9H9L|1|A,4U1U|1|AA,6Y69|1|a,9NLQ|1|R3,4V64|1|CA,4V7T|1|AA,8UTJ|1|2,9RTV|1|a,8URY|1|D,9DUL|1|A,7AF3|1|1,4V54|1|AA,6BU8|1|A,5LZE|1|a,5UYL|1|A,7CPJ|1|a,9MKK|1|A,9GGR|1|AA,6WDM|1|3,5IQR|1|2,8UX8|1|2,7AF5|1|1,6XZA|1|A1,5J88|1|BA,4V56|1|CA,5J91|1|BA,8GHU|1|a,7K55|1|3,9NLB|1|R3,4WF1|1|AA,7BOE|1|A,4V64|1|AA,8UXB|1|2,7JT2|1|3,4V53|1|AA,9MQ4|1|2,8EYQ|1|A,6WD2|1|3,7B5K|1|a,4V50|1|CA,8K4E|1|A,4U27|1|AA,6WD5|1|3,6WD3|1|3,9H9H|1|A,4V7S|1|AA,4V55|1|CA,4V56|1|AA,6OG7|1|3,8T5D|1|v,4V7V|1|AA,7NAX|1|A,7SSD|1|3,6WD4|1|3,7K54|1|3,9NJF|1|R3,6WDK|1|3,7OI0|1|A,6ENF|1|a,5KPW|1|26,9NLS|1|R3,4V9O|1|HA,6I7V|1|BA,5NP6|1|D,4U26|1|AA,6OFX|1|3,4V50|1|AA,4U1U|1|CA,6WDF|1|3,4V4Q|1|CA,6WDG|1|3,6OSK|1|2,6WNV|1|3,5KPS|1|27,5O2R|1|a,9NLJ|1|R3,7AFA|1|1,4V55|1|AA,4U24|1|AA,6WDJ|1|3,6WDL|1|3,6WD6|1|3,6ORL|1|2,5KPX|1|26,4U27|1|CA,6WD9|1|3,6BY1|1|AA,9NJV|1|R3,4U25|1|AA,6BY1|1|BA,5UYK|1|A,7JSZ|1|3,5UYQ|1|A,4V4Q|1|AA,6WD8|1|3,6OT3|1|2,8UZG|1|2,8FIZ|1|AA,7JSW|1|3,4V6C|1|CA,4V85|1|AA,9NKL|1|R3,6WDA|1|3,9MOR|1|2,4WWW|1|XA,8VSA|1|16S,5UYP|1|A,6OSQ|1|2,4V9D|1|AA,6VWL|1|1,5KCR|1|1a,9DUK|1|A,7K51|1|3,9H9M|1|1,6WD1|1|3,6WD7|1|3,7SSW|1|3,8VKV|1|D,6OGF|1|3,10FZ|1|A,6OGI|1|3,8UQP|1|D,4U25|1|CA,8UZ3|1|2,4WF1|1|CA,8G38|1|v,4V89|1|AA,4V9D|1|BA,7K52|1|3,6XDQ|1|D,4U20|1|AA,7NAS|1|A,4V7U|1|AA,9H9I|1|1,7QGN|1|0,4U26|1|CA,4V7T|1|CA,7NSP|1|a,8K3O|1|A,5UYN|1|A,7O5H|1|A,6OUO|1|2,7NAT|1|A,6VYS|1|D,8VOR|1|D,9RJA|1|A,8V03|1|2,4U1V|1|AA,7OE1|1|A,4U24|1|CA,7JSS|1|3,6GWT|1|a,8VV4|1|2,8VS9|1|16S,7SSL|1|3,4U1V|1|CA,8Y5L|1|3,3JCJ|1|g,6GXM|1|a,6VWM|1|1,4V6D|1|AA,7AFO|1|A,4V7S|1|CA,4U20|1|CA,6W77|1|A,8T5H|1|v,6GXO|1|a,4V6D|1|CA,6DNC|1|A,6W7N|1|A,6WDI|1|3,3JBV|1|A,8VUP|1|2,6O9J|1|a,6VWN|1|1,6WDB|1|3,6GXN|1|a,8Y5Q|1|3,4V6E|1|AA,4V7V|1|CA,7JT3|1|3,7NAU|1|A,3J9Z|1|SA,6ENJ|1|a,7AFI|1|A,6NQB|1|A,30RB|1|A,7QG8|1|0,6C4I|1|a,6W7W|1|2,5JU8|1|AA,7SS9|1|3,3J9Y|1|a,4V7U|1|CA,6W6K|1|A,9O2X|1|A,7AFD|1|1,4V6E|1|CA,4V9C|1|CA,8VOO|1|D,6O9K|1|a,3JBU|1|A,5KCS|1|1a,3JA1|1|SA,4V9C|1|AA,8G2U|1|v,6W7M|1|A,7AFH|1|1,23WI|1|a,5U4J|1|a,8G34|1|v,5U4I|1|a,8UR0|1|D,5JTE|1|AA,8G31|1|v,6X6T|1|D,7AFN|1|1,9H9K|1|1,3JCD|1|a,4V5B|1|BA,5L3P|1|a,4V5B|1|DA,3JCE|1|a,5J5B|1|AA,4V4H|1|CA,4V4H|1|AA,5J5B|1|BA,5MDY|1|2,7TOS|1|16S,6Q97|1|2,8AYE|1|A,8QOA|1|A,8QBT|1|i,8R6C|1|A,8AKN|1|B,9FBV|1|A,8R8M|1|A,7S1J|1|C,7O1A|1|AA,7SA4|1|2,6YSS|1|a,7NWT|1|2,6TC3|1|16S1,6TBV|1|16S1,8QK7|1|2,8P16|1|2,8P18|1|2,8P17|1|2,8ZFF|1|A,8AM9|1|B,9VVI|1|A,5AFI|1|a,7OT5|1|2,9XWO|1|A,7O1C|1|AA,7OIF|1|2,7OII|1|2,8B7Y|1|C,7NWW|1|2,7O19|1|AA,7AC7|1|2,8PKL|1|A,7PJV|1|a,7PJY|1|a,6YSR|1|a,6ZTP|1|AA,6ZU1|1|AA,6ZTO|1|AA,6YST|1|a,7ABZ|1|2,7OIG|1|2,7ACJ|1|2,9GR1|1|A,8R3V|1|A1,8R3V|1|A2,8PEG|1|A,5MDW|1|2,8A3L|1|A,7ACR|1|2,8RCL|1|A1,8RCL|1|A2,8RCM|1|A1,8RCM|1|A2,5LZA|1|a,6ZTM|1|AA,6ZTJ|1|AA,6YSU|1|a,7BOG|1|A,7PJW|1|a,7PJS|1|a,6ZTL|1|AA,6ZTN|1|AA"
"NR_4.0_18395.1","7VKL|1|B","7VKL|1|B"
"NR_4.0_14653.1","1DQF|1|B+1DQF|1|A","1DQF|1|B+1DQF|1|A"
"NR_4.0_92884.1","7VTI|1|B","7VTI|1|B"
"NR_4.0_73165.5","4PRF|1|B","4PRF|1|B,2OJ3|1|B,1VC0|1|B,1SJF|1|B,1VC6|1|B,1VC5|1|B,1SJ4|1|R,1VBZ|1|B,1SJ3|1|R,2OIH|1|B,1VBY|1|B,1VBX|1|B,1DRZ|1|B"
"NR_4.0_13386.1","7VW3|1|B+7VW3|1|C+7VW3|1|D","7VW3|1|B+7VW3|1|C+7VW3|1|D"
"NR_4.0_15429.6","9I78|1|L3","9I78|1|L3,9I1W|1|3,8OO0|1|3,7Z3N|1|3,7Z3O|1|3,7OLC|1|3,7OLD|1|3"
"NR_4.0_49381.1","7WAH|1|R+7WAH|1|D","7WAH|1|R+7WAH|1|D"
"NR_4.0_77832.2","7OMA|1|E+7OMA|1|F","7OMA|1|E+7OMA|1|F,7OMA|1|I+7OMA|1|J,7OMA|1|G+7OMA|1|H,7OMA|1|L+7OMA|1|K"
"NR_4.0_10891.1","7WB1|1|D+7WB1|1|B+7WB1|1|C","7WB1|1|D+7WB1|1|B+7WB1|1|C"
"NR_4.0_27023.3","3LQX|1|B","3LQX|1|B,1HQ1|1|B,2PXE|1|B,2PXD|1|B,2PXT|1|B,2PXB|1|B,2PXF|1|B,2PXL|1|B,2PXP|1|B,2PXV|1|B,2PXK|1|B,2PXU|1|B,2PXQ|1|B,1DUL|1|B"
"NR_4.0_09100.3","7ONU|1|T","7ONU|1|T,8RR1|1|T,8RR4|1|T"
"NR_4.0_66424.1","7WKP|1|B","7WKP|1|B"
"NR_4.0_07107.1","7WNU|1|C","7WNU|1|C"
"NR_4.0_06181.4","7P6Z|1|3","7P6Z|1|3,8P7X|1|3,8P8B|1|3,7OOD|1|3,8P7Y|1|3"
"NR_4.0_59140.2","7WV3|1|E+7WV3|1|F","7WV3|1|E+7WV3|1|F,7WV4|1|E+7WV4|1|F"
"NR_4.0_01712.2","7WVE|1|E+7WVE|1|F","7WVE|1|E+7WVE|1|F,7WV5|1|E+7WV5|1|F,7WVF|1|E+7WVF|1|F,7WVJ|1|E+7WVJ|1|F"
"NR_4.0_76981.1","7WWU|1|M","7WWU|1|M"
"NR_4.0_12982.1","7X34|1|3","7X34|1|3"
"NR_4.0_69209.3","7ORN|1|H+7ORN|1|T","7ORN|1|H+7ORN|1|T,7ORK|1|H+7ORK|1|T,7ORO|1|H+7ORO|1|S,7ORL|1|H+7ORL|1|T,7ORJ|1|H+7ORJ|1|T,7ORM|1|H,7ORI|1|H"
"NR_4.0_31299.1","7ORJ|1|P","7ORJ|1|P"
"NR_4.0_71484.1","7ORL|1|P","7ORL|1|P"
"NR_4.0_02718.1","7X7R|1|J+7X7R|1|C","7X7R|1|J+7X7R|1|C"
"NR_4.0_65987.4","9JKD|1|B+9JKD|1|C","9JKD|1|B+9JKD|1|C,7XD9|1|N+7XD9|1|O,7XD9|1|B+7XD9|1|C,7XD9|1|H+7XD9|1|I,7XD9|1|E+7XD9|1|F,7XD9|1|K+7XD9|1|L,7XD9|1|Q+7XD9|1|R,7XD8|1|B+7XD8|1|C,7XD8|1|E+7XD8|1|F,7XD8|1|N+7XD8|1|O,7XD8|1|K+7XD8|1|L,7XD8|1|H+7XD8|1|I,7XD8|1|Q+7XD8|1|R"
"NR_4.0_25020.1","7OUO|1|AAA+7OUO|1|BBB","7OUO|1|AAA+7OUO|1|BBB"
"NR_4.0_16055.2","7QQP|1|A+7QQP|1|C+7QQP|1|D","7QQP|1|A+7QQP|1|C+7QQP|1|D,7QQR|1|A+7QQR|1|C+7QQR|1|D,7QR7|1|A+7QR7|1|C+7QR7|1|D,7QQO|1|A+7QQO|1|C+7QQO|1|D,7QQQ|1|A+7QQQ|1|C+7QQQ|1|D,7OX9|1|A+7OX9|1|C+7OX9|1|D"
"NR_4.0_11741.3","7OYB|1|22","7OYB|1|22,7OYA|1|22"
"NR_4.0_77089.3","9N3Y|1|I+9N3Y|1|J+9N3Y|1|K","9N3Y|1|I+9N3Y|1|J+9N3Y|1|K,9N3Z|1|I+9N3Z|1|J+9N3Z|1|K,7XG0|1|I+7XG0|1|J+7XG0|1|K,7XG2|1|I+7XG2|1|K+7XG2|1|J,7XG3|1|I+7XG3|1|K+7XG3|1|J,7XG4|1|I+7XG4|1|K"
"NR_4.0_40894.3","7OYB|1|51+7OYB|1|81","7OYB|1|51+7OYB|1|81,7OYA|1|51+7OYA|1|81"
"NR_4.0_43536.3","7OYB|1|71","7OYB|1|71,7OYA|1|71"
"NR_4.0_63356.1","7OYC|1|22","7OYC|1|22"
"NR_4.0_83897.1","7XG1|1|H","7XG1|1|H"
"NR_4.0_49345.1","7OYC|1|71","7OYC|1|71"
"NR_4.0_64498.1","7XPL|1|G+7XPL|1|H+7XPL|1|I+7XPL|1|J","7XPL|1|G+7XPL|1|H+7XPL|1|I+7XPL|1|J"
"NR_4.0_87221.4","7XSP|1|D+7XSP|1|A","7XSP|1|D+7XSP|1|A,7XSR|1|D+7XSR|1|A,7XSS|1|D+7XSS|1|A,7XSO|1|D,7XSQ|1|D"
"NR_4.0_49938.1","7XUE|1|R+7XUE|1|A+7XUE|1|B","7XUE|1|R+7XUE|1|A+7XUE|1|B"
"NR_4.0_78287.1","7XW2|1|C","7XW2|1|C"
"NR_4.0_31445.3","7Y2P|1|A+7Y2P|1|B","7Y2P|1|A+7Y2P|1|B,7Y2B|1|S"
"NR_4.0_58684.3","8JDJ|1|B","8JDJ|1|B,8JDK|1|B,7Y7E|1|V,7Y7F|1|V,8JDJ|1|C,7Y7C|1|V,8JDK|1|C,7Y7D|1|V"
"NR_4.0_33017.1","7P3K|1|X","7P3K|1|X"
"NR_4.0_67153.1","7P6Z|1|Y","7P6Z|1|Y"
"NR_4.0_74768.1","7PD3|1|B","7PD3|1|B"
"NR_4.0_57309.3","7Y7G|1|V","7Y7G|1|V,8JDL|1|B,7Y7H|1|V,8JDM|1|C"
"NR_4.0_20717.1","7PKT|1|0","7PKT|1|0"
"NR_4.0_04447.1","7PKT|1|7+7PKT|1|8+7PKT|1|3+7PKT|1|5+7PKT|1|4+7PKT|1|6+7PKT|1|2","7PKT|1|7+7PKT|1|8+7PKT|1|3+7PKT|1|5+7PKT|1|4+7PKT|1|6+7PKT|1|2"
"NR_4.0_67617.3","7Y7P|1|C+7Y7P|1|D","7Y7P|1|C+7Y7P|1|D,7Y7P|1|E+7Y7P|1|J"
"NR_4.0_35958.3","7Y7Q|1|C+7Y7Q|1|D","7Y7Q|1|C+7Y7Q|1|D,7Y7Q|1|E"
"NR_4.0_83324.3","7Y82|1|B+7Y82|1|C","7Y82|1|B+7Y82|1|C,7Y81|1|B+7Y81|1|C,7Y84|1|B,7Y85|1|B+7Y85|1|C,7Y80|1|B,7Y83|1|B+7Y83|1|C"
"NR_4.0_17943.1","7PLI|1|G","7PLI|1|G"
"NR_4.0_96836.1","7Y8P|1|A+7Y8P|1|B","7Y8P|1|A+7Y8P|1|B"
"NR_4.0_41171.3","7YEW|1|B","7YEW|1|B,7YEW|1|D"
"NR_4.0_74642.1","7PUA|1|CA","7PUA|1|CA"
"NR_4.0_11027.1","7YEX|1|B","7YEX|1|B"
"NR_4.0_60443.6","7PWO|1|2","7PWO|1|2,8FVY|1|2,7PWF|1|2,8G4I|1|2,8G4S|1|2,8BSI|1|St,8BRM|1|St,8BR8|1|St,8BTR|1|St"
"NR_4.0_95689.1","7YFE|1|M","7YFE|1|M"
"NR_4.0_23345.1","7YFE|1|T","7YFE|1|T"
"NR_4.0_30534.1","7YFX|1|B","7YFX|1|B"
"NR_4.0_19474.1","7YG6|1|B","7YG6|1|B"
"NR_4.0_93580.2","7YGC|1|A","7YGC|1|A,7YGD|1|A,7YG8|1|A"
"NR_4.0_28773.1","7YGD|1|B","7YGD|1|B"
"NR_4.0_16029.1","7YHS|1|M+7YHS|1|N+7YHS|1|O","7YHS|1|M+7YHS|1|N+7YHS|1|O"
"NR_4.0_67629.4","8FRU|1|3","8FRU|1|3,7PWO|1|3,7PWG|1|3,8BTR|1|LE,8BSI|1|LE,8BR8|1|LE,8BRM|1|LE"
"NR_4.0_20218.1","7YOJ|1|B+7YOJ|1|D+7YOJ|1|C","7YOJ|1|B+7YOJ|1|D+7YOJ|1|C"
"NR_4.0_99332.3","7YR7|1|A","7YR7|1|A"
"NR_4.0_79448.1","7PWO|1|w2","7PWO|1|w2"
"NR_4.0_43130.3","7Z42|1|V","7Z42|1|V,7Z42|1|H"
"NR_4.0_50956.1","7Z43|1|MaM","7Z43|1|MaM"
"NR_4.0_29450.1","7ZJW|1|I","7ZJW|1|I"
"NR_4.0_53010.1","11IQ|1|ES","11IQ|1|ES,11HV|1|ES,11HE|1|ES,11HG|1|ES,11JJ|1|ES,11KH|1|ES"
"NR_4.0_13922.3","7ZOL|1|C","7ZOL|1|C,7ZOQ|1|C"
"NR_4.0_29679.1","7ZRZ|1|ZN1","7ZRZ|1|ZN1"
"NR_4.0_21280.52","7O7Z|1|A2","7O7Z|1|A2,8SCB|1|9,9RHU|1|A1,9YPZ|1|9,9YQ1|1|9,9YQ0|1|9,7JQB|1|A,9YPY|1|9,9YPW|1|9,7UCK|1|9,8VVQ|1|ZA,9QQA|1|A2,9H6Y|1|2,9YPG|1|9,9BDL|1|A18S,8P03|1|2,9YPO|1|9,9YPS|1|9,9YPV|1|9,7NWI|1|9,8P2K|1|A2,9YPT|1|9,9H74|1|2,8VVP|1|ZA,11IQ|1|18,6W2T|1|a,9BDN|1|A18S,9F1B|1|A2,6P4H|1|2,7ZJX|1|S2,6P4G|1|2,8P09|1|2,7TOR|1|A18S,7O81|1|A2,7SYS|1|2,6W2S|1|A,9NDP|1|K,6MTC|1|9,6MTD|1|9,7UCJ|1|9,9MR4|1|K,6P5I|1|2,9F1D|1|A2,6P5N|1|2,7SYW|1|2,5LZV|1|9,6MTE|1|9,9QQB|1|A2,7JQC|1|A,8BHF|1|A3,6YAL|1|2,6MTB|1|9,6P5K|1|2,7SYQ|1|2,5LZZ|1|9,6D90|1|2,5LZS|1|9,6YAN|1|2,6ZVK|1|K3,8VVR|1|ZA,7NWG|1|A2,6HCF|1|A1,7SYR|1|2,9F1C|1|A2,8VVS|1|ZA,7SYX|1|2,5LZW|1|9,5LZT|1|9,7SYN|1|2,6R5Q|1|K,7MDZ|1|9,7SYV|1|2,6D9J|1|2,9BDP|1|A18S,3JAH|1|9,8VVT|1|ZA,6R6P|1|K,11HG|1|18,8VFT|1|9,6GZ5|1|B1,6GZ4|1|B1,5LZU|1|9,7SYP|1|2,3JAG|1|9,6P5J|1|2,8SUP|1|2,6GZ3|1|B1,5LZY|1|9,11JJ|1|18,7TOQ|1|A18S,6YAM|1|2,3JAI|1|9,9C8K|1|1+9C8K|1|2,8VVV|1|9,6R6G|1|K,11KH|1|18,7A01|1|K3,5FLX|1|1,6HCJ|1|A2,6R7Q|1|K,9OGY|1|2,5LZX|1|9,8VVU|1|ZA,3JAJ|1|S2,3JAN|1|S2,7O7Y|1|A2,7ZJW|1|S2,7O80|1|A2,6SGC|1|A1,8BTK|1|A2,7OYD|1|9,9Q2P|1|9,9Q1S|1|9,9Q1Q|1|9"
"NR_4.0_56916.1","7ZTA|1|ETR1","7ZTA|1|ETR1"
"NR_4.0_38557.4","8A22|1|A1","8A22|1|A1,8APN|1|A1,8APO|1|A1"
"NR_4.0_20184.2","8A22|1|A7+8A22|1|A8+8A22|1|A3+8A22|1|A2+8A22|1|A6","8A22|1|A7+8A22|1|A8+8A22|1|A3+8A22|1|A2+8A22|1|A6,8APN|1|A7+8APN|1|A8+8APN|1|A3+8APN|1|A2+8APN|1|A6,8APO|1|A7+8APO|1|A8+8APO|1|A3+8APO|1|A2+8APO|1|A6"
"NR_4.0_59085.2","8APN|1|B3+8APN|1|B4+8APN|1|B2+8APN|1|B1","8APN|1|B3+8APN|1|B4+8APN|1|B2+8APN|1|B1,8A22|1|B3+8A22|1|B4+8A22|1|B2+8A22|1|B1,8APO|1|B3+8APO|1|B4+8APO|1|B2+8APO|1|B1"
"NR_4.0_82920.5","9FXO|1|L1+9FXO|1|L2+9FXO|1|L4+9FXO|1|L7","9FXO|1|L1+9FXO|1|L2+9FXO|1|L4+9FXO|1|L7,8QIE|1|1+8QIE|1|2+8QIE|1|4+8QIE|1|7,8A98|1|1+8A98|1|2+8A98|1|4+8A98|1|7,9HL9|1|L1+9HL9|1|L2+9HL9|1|L4+9HL9|1|L7,8OVJ|1|1+8OVJ|1|2+8OVJ|1|4+8OVJ|1|7,8RXX|1|L1+8RXX|1|L2+8RXX|1|L4+8RXX|1|L7,8QHU|1|1+8QHU|1|2+8QHU|1|4+8QHU|1|7,8RXH|1|L1+8RXH|1|L2+8RXH|1|L4+8RXH|1|L7,8A3W|1|1+8A3W|1|2+8A3W|1|7"
"NR_4.0_47136.1","8A3W|1|4","8A3W|1|4"
"NR_4.0_46846.6","9FXO|1|L6","9FXO|1|L6,9HL9|1|L6,8QIE|1|6,8A98|1|6,8OVJ|1|6,8RXX|1|L6,8A3W|1|6,8RXH|1|L6,8QHU|1|6"
"NR_4.0_46927.6","9FXO|1|S1","9FXO|1|S1,8A98|1|S1,8QIE|1|S1,8OVJ|1|S1,8RXX|1|S1,9HL9|1|S1,8QHU|1|S1,8A3W|1|S1,8RXH|1|S1"
"NR_4.0_47650.3","7Q80|1|E+7Q80|1|F+7Q80|1|D","7Q80|1|E+7Q80|1|F+7Q80|1|D,7Q7Z|1|E+7Q7Z|1|F+7Q7Z|1|D"
"NR_4.0_39468.3","7QCA|1|L50","7QCA|1|L50"
"NR_4.0_62666.3","7QCA|1|S60","7QCA|1|S60"
"NR_4.0_79907.2","8ABY|1|R+8ABY|1|N+8ABY|1|T","8ABY|1|R+8ABY|1|N+8ABY|1|T"
"NR_4.0_67642.1","7QEP|1|1","7QEP|1|1"
"NR_4.0_35010.6","8G7R|1|w","8G7R|1|w,8HSP|1|X,8G7S|1|x,8G7S|1|y,8HU1|1|X,8G7P|1|y,8G7R|1|y,9YLU|1|J,8G7Q|1|y,8AKN|1|Z,8R6C|1|Y,8R8M|1|Y"
"NR_4.0_41328.1","7QEP|1|3","7QEP|1|3"
"NR_4.0_44680.1","7QGG|1|v","7QGG|1|v"
"NR_4.0_18709.1","7QI4|1|Aw","7QI4|1|Aw"
"NR_4.0_35536.1","9S7C|1|Ax","9S7C|1|Ax,7QI6|1|Ax,9S7E|1|Ax,9S7D|1|Ax,9S7B|1|Ax"
"NR_4.0_19868.2","8R6C|1|Z","8R6C|1|Z,8AM9|1|8"
"NR_4.0_15912.3","8AMI|1|A+8AMI|1|B","8AMI|1|A+8AMI|1|B,8AMG|1|G+8AMG|1|H,8AMG|1|E+8AMG|1|F,8AMG|1|A+8AMG|1|B,8AMG|1|C+8AMG|1|D,8AMG|1|I+8AMG|1|J,8AMM|1|I+8AMM|1|J,8AMM|1|G+8AMM|1|H,8AMG|1|K+8AMG|1|L,8AMM|1|E+8AMM|1|F,8AMM|1|A+8AMM|1|B,8AMM|1|K+8AMM|1|L,8AMM|1|C+8AMM|1|D,8AMM|1|O+8AMM|1|P,8AMM|1|M+8AMM|1|N,8AMJ|1|A+8AMJ|1|B,8AMM|1|Y+8AMM|1|Z,8AMM|1|Q+8AMM|1|R,8AMM|1|S+8AMM|1|T,8AMM|1|U+8AMM|1|V,8AMM|1|c+8AMM|1|d,8AMM|1|a+8AMM|1|b,8AMN|1|A+8AMN|1|B,8AMN|1|C+8AMN|1|D,8AMN|1|E+8AMN|1|F,8AMN|1|G+8AMN|1|H,8AMN|1|I+8AMN|1|J,8AMN|1|K+8AMN|1|L,8AMN|1|M+8AMN|1|N,8AMN|1|O+8AMN|1|P,8AMN|1|Q+8AMN|1|R,8AMN|1|S+8AMN|1|T,8AMN|1|U+8AMN|1|V,8AMN|1|Y+8AMN|1|Z,8AMN|1|a+8AMN|1|b,8AMN|1|c+8AMN|1|d,8AMK|1|A+8AMK|1|B,8AMK|1|C+8AMK|1|D,8AMK|1|E+8AMK|1|F,8AMK|1|G+8AMK|1|H,8AMK|1|I+8AMK|1|J,8AMK|1|K+8AMK|1|L,8AMK|1|M+8AMK|1|N,8AMK|1|O+8AMK|1|P,8AMK|1|Q+8AMK|1|R,8AMK|1|S+8AMK|1|T,8AMK|1|U+8AMK|1|V,8AMK|1|Y+8AMK|1|Z,8AMK|1|a+8AMK|1|b,8AMK|1|c+8AMK|1|d,8AML|1|C+8AML|1|D,8AML|1|E+8AML|1|F,8AML|1|G+8AML|1|H,8AML|1|I+8AML|1|J,8AML|1|K+8AML|1|L,8AML|1|M+8AML|1|N,8AML|1|O+8AML|1|P,8AML|1|Q+8AML|1|R,8AML|1|S+8AML|1|T,8AML|1|U+8AML|1|V,8AML|1|Y+8AML|1|Z,8AML|1|a+8AML|1|b,8AML|1|c+8AML|1|d,8AML|1|A+8AML|1|B"
"NR_4.0_83502.3","7QIY|1|Q+7QIY|1|R","7QIY|1|Q+7QIY|1|R,7QIZ|1|aA+7QIZ|1|bA"
"NR_4.0_79027.2","7QQX|1|A+7QQX|1|C+7QQX|1|D","7QQX|1|A+7QQX|1|C+7QQX|1|D,7QQS|1|A+7QQS|1|C+7QQS|1|D,7QQU|1|A+7QQU|1|C+7QQU|1|D,7QQT|1|A+7QQT|1|C+7QQT|1|D,7QQW|1|A+7QQW|1|C+7QQW|1|D,7QQZ|1|A+7QQZ|1|C+7QQZ|1|D,7QR5|1|A+7QR5|1|C+7QR5|1|D,7QQV|1|A+7QQV|1|C+7QQV|1|D"
"NR_4.0_82540.3","7QR3|1|C","7QR3|1|C,7QR3|1|D"
"NR_4.0_07720.1","7QR4|1|B","7QR4|1|B"
"NR_4.0_71850.1","7QTL|1|R+7QTL|1|M","7QTL|1|R+7QTL|1|M"
"NR_4.0_56519.1","11IC|1|B+11IC|1|C","11IC|1|B+11IC|1|C,11HX|1|B+11HX|1|C,11HU|1|B+11HU|1|D,11HR|1|B+11HR|1|D"
"NR_4.0_65991.1","7QUA|1|A","7QUA|1|A"
"NR_4.0_23957.1","7QVP|1|A5","7QVP|1|A5"
"NR_4.0_47538.1","11ZJ|1|B+11ZJ|1|C","11ZJ|1|B+11ZJ|1|C"
"NR_4.0_31974.1","7R2K|1|U","7R2K|1|U"
"NR_4.0_05306.1","7R6Q|1|1+7R6Q|1|2","7R6Q|1|1+7R6Q|1|2"
"NR_4.0_93470.1","7R81|1|A1+7R81|1|C1","7R81|1|A1+7R81|1|C1"
"NR_4.0_91378.1","8K4E|1|V","8K4E|1|V"
"NR_4.0_15126.1","8WX0|1|D","8WX0|1|D"
"NR_4.0_38888.1","8WX0|1|F","8WX0|1|F"
"NR_4.0_12691.2","8KAL|1|A+8KAL|1|C+8KAL|1|D","8KAL|1|A+8KAL|1|C+8KAL|1|D,8KAL|1|E+8KAL|1|H,8KAK|1|A+8KAK|1|C+8KAK|1|D,8KAK|1|E+8KAK|1|G+8KAK|1|H,8KAG|1|A+8KAG|1|C,8KAM|1|A+8KAM|1|C+8KAM|1|D"
"NR_4.0_21420.1","8WZC|1|D","8WZC|1|D"
"NR_4.0_82398.3","8X0S|1|B","8X0S|1|B,8X0S|1|A"
"NR_4.0_51569.1","8X5D|1|O","8X5D|1|O"
"NR_4.0_67348.2","8KAJ|1|I+8KAJ|1|A+8KAJ|1|C+8KAJ|1|D","8KAJ|1|I+8KAJ|1|A+8KAJ|1|C+8KAJ|1|D,8KAH|1|I+8KAH|1|A+8KAH|1|C+8KAH|1|D,8KAJ|1|J+8KAJ|1|E+8KAJ|1|G+8KAJ|1|H,8KAH|1|J+8KAH|1|E+8KAH|1|G+8KAH|1|H,8KAI|1|I+8KAI|1|A+8KAI|1|C+8KAI|1|D,8KAI|1|J+8KAI|1|E+8KAI|1|G"
"NR_4.0_50369.2","8XTS|1|A","8XTS|1|A,8XTP|1|B+8XTP|1|A,8X9M|1|A,8XTQ|1|A,8X9N|1|A,8X9O|1|A,8X9L|1|A,8XTR|1|B+8XTR|1|A,8X9Q|1|A,8X9K|1|A"
"NR_4.0_32544.1","1LNT|1|A+1LNT|1|B","1LNT|1|A+1LNT|1|B"
"NR_4.0_87543.3","8KBD|1|O","8KBD|1|O,8KBD|1|N,8KBD|1|Q,8KBD|1|P"
"NR_4.0_21737.3","8KD9|1|N","8KD9|1|N,8KD9|1|T,8KD9|1|M,8KDA|1|T,8KDA|1|M,8KDA|1|N,8KD9|1|P,8KDA|1|O,8KD9|1|O,8KDA|1|P"
"NR_4.0_26955.3","8XC1|1|E+8XC1|1|F","8XC1|1|E+8XC1|1|F,8XC1|1|C+8XC1|1|D"
"NR_4.0_16955.2","8XCH|1|W+8XCH|1|X","8XCH|1|W+8XCH|1|X,8XCH|1|G+8XCH|1|H"
"NR_4.0_93578.2","8XCH|1|e+8XCH|1|f","8XCH|1|e+8XCH|1|f,8XCH|1|O+8XCH|1|P"
"NR_4.0_75631.1","8XI2|1|B","8XI2|1|B"
"NR_4.0_84031.1","8XJW|1|C+8XJW|1|B","8XJW|1|C+8XJW|1|B"
"NR_4.0_91735.4","8KEB|1|A","8KEB|1|A,8KED|1|A,8KHH|1|A,8KHH|1|B,8Z8Q|1|B,8Z8Q|1|A"
"NR_4.0_28885.1","8XPO|1|A","8XPO|1|A"
"NR_4.0_81068.3","1M8W|1|C","1M8W|1|C,1M8X|1|C"
"NR_4.0_24204.1","8XPP|1|B+8XPP|1|C","8XPP|1|B+8XPP|1|C"
"NR_4.0_48641.3","1M8X|1|D","1M8X|1|D,1M8W|1|D"
"NR_4.0_41547.3","8XZL|1|A","8XZL|1|A,8XZP|1|A,8XZQ|1|A,8XZM|1|A,8XZN|1|A,8XZO|1|A,8XZR|1|A,8XZE|1|A,8XZW|1|A,8XZK|1|A"
"NR_4.0_40126.1","1M8W|1|E","1M8W|1|E"
"NR_4.0_02218.1","8KGF|1|G","8KGF|1|G"
"NR_4.0_81175.3","1M8Y|1|D","1M8Y|1|D,1M8Y|1|C"
"NR_4.0_82140.3","1MDG|1|A","1MDG|1|A,1N7A|1|A,1N7A|1|B,1N7A|1|C,1N7A|1|D,1N7A|1|E,1N7A|1|F,1N7A|1|G,1N7A|1|H,1N7B|1|A,1N7B|1|B,1N7B|1|C,1N7B|1|D,1N7B|1|E,1N7B|1|F,1N7B|1|G,1N7B|1|H"
"NR_4.0_11916.1","8OIV|1|D","8OIV|1|D"
"NR_4.0_62575.1","8ONZ|1|2","8ONZ|1|2"
"NR_4.0_57231.1","8Y03|1|G","8Y03|1|G"
"NR_4.0_45672.1","1FG0|1|B","1FG0|1|B"
"NR_4.0_52843.1","1FIX|1|A+1FIX|1|B","1FIX|1|A+1FIX|1|B"
"NR_4.0_14518.3","1FUF|1|A+1FUF|1|B","1FUF|1|A+1FUF|1|B,1IK5|1|A+1IK5|1|B"
"NR_4.0_11158.1","8OPP|1|D","8OPP|1|D"
"NR_4.0_50004.1","1FXL|1|B","1FXL|1|B"
"NR_4.0_36944.1","8OPT|1|D","8OPT|1|D"
"NR_4.0_40657.1","1G1X|1|J+1G1X|1|I","1G1X|1|J+1G1X|1|I"
"NR_4.0_62345.3","8OVE|1|AB","8OVE|1|AB,8OVA|1|AB"
"NR_4.0_40184.3","8Y0B|1|B+8Y0B|1|C+8Y0B|1|D","8Y0B|1|B+8Y0B|1|C+8Y0B|1|D,8Y0C|1|B+8Y0C|1|C+8Y0C|1|D"
"NR_4.0_36794.1","1G2J|1|A","1G2J|1|A"
"NR_4.0_30437.3","8OVE|1|BE","8OVE|1|BE,8OVA|1|BE"
"NR_4.0_72185.1","8Y0D|1|B+8Y0D|1|C","8Y0D|1|B+8Y0D|1|C"
"NR_4.0_83923.3","8OVE|1|BF","8OVE|1|BF,8OVA|1|BF"
"NR_4.0_92712.1","8Y2O|1|C","8Y2O|1|C"
"NR_4.0_15384.3","8OVE|1|BG","8OVE|1|BG,8OVA|1|BG"
"NR_4.0_64081.2","8Y9N|1|B+8Y9N|1|C+8Y9N|1|D","8Y9N|1|B+8Y9N|1|C+8Y9N|1|D,8Y9M|1|B+8Y9M|1|C+8Y9M|1|D,8Y9L|1|B"
"NR_4.0_30449.3","8OVE|1|BH","8OVE|1|BH,8OVA|1|BH"
"NR_4.0_62367.3","1MJI|1|D","1MJI|1|D,1MJI|1|C"
"NR_4.0_66287.2","8OZI|1|K+8OZI|1|L","8OZI|1|K+8OZI|1|L,8OZI|1|N+8OZI|1|P,8OZI|1|M+8OZI|1|O,8OZG|1|O+8OZG|1|Q,8OZI|1|I+8OZI|1|J,8OZG|1|K+8OZG|1|L,8OZD|1|I+8OZD|1|J,8OZG|1|N+8OZG|1|P,8OZF|1|K+8OZF|1|L,8OZF|1|O+8OZF|1|Q,8OZD|1|F+8OZD|1|E,8OZG|1|I+8OZG|1|J,8OZF|1|N+8OZF|1|P,8OZF|1|I+8OZF|1|J,8OZ6|1|K+8OZ6|1|L,8OZ6|1|M+8OZ6|1|O,8OZ6|1|I+8OZ6|1|J,8OZ6|1|N"
"NR_4.0_97503.1","8YDC|1|A+8YDC|1|B","8YDC|1|A+8YDC|1|B"
"NR_4.0_74924.30","3PEY|1|B","3PEY|1|B,3PEW|1|B,5ELX|1|B,4ALP|1|E,5SZE|1|C,2HYI|1|F,3O8C|1|C,6G2K|1|R,2HYI|1|L,6M7D|1|B,6WRE|1|D,5BTE|1|D,5BTE|1|C,3EX7|1|J,3EX7|1|F,3PF5|1|R,6I0U|1|B,8RDV|1|Y,3O8R|1|C,7EXA|1|B,5Z9W|1|R,7SOW|1|B,5ZSA|1|C,5ZSA|1|D,7F1M|1|S,7F1M|1|R,8CBW|1|1,7YPW|1|R,7EWQ|1|B,7ZNJ|1|j,7ZNJ|1|O,6CAP|1|Y,7ZNJ|1|J,7DUI|1|Y,7ZNJ|1|o,7ZNJ|1|e,7ZNJ|1|E,9FIA|1|bV,7DUL|1|Y,4NL3|1|Z,4Y91|1|O,7QDZ|1|E,8VFT|1|w,4Y91|1|N,6CAS|1|Y,6CAR|1|Y,4V6E|1|AW,1N33|1|Z,7NSJ|1|AX,4NL3|1|R,3PF5|1|S,1N34|1|Z,7YR8|1|R,6PPN|1|A,6PPN|1|I,7DUK|1|Y,7DUG|1|Y,7DUH|1|Y,7DUJ|1|Y"
"NR_4.0_12006.1","8YHA|1|C+8YHA|1|T","8YHA|1|C+8YHA|1|T"
"NR_4.0_29085.3","1N78|1|C","1N78|1|C,1N78|1|D,2DXI|1|C,1N77|1|C,2DXI|1|D,2CV2|1|C,1N77|1|D,2CV2|1|D,2CV1|1|D,2CV0|1|C,2CV1|1|C,2CV0|1|D,1G59|1|B,1G59|1|D"
"NR_4.0_46684.1","8YHE|1|N+8YHE|1|M","8YHE|1|N+8YHE|1|M"
"NR_4.0_57016.3","8YNO|1|A+8YNO|1|B","8YNO|1|A+8YNO|1|B,8YNP|1|A+8YNP|1|B"
"NR_4.0_82475.3","8YUQ|1|X","8YUQ|1|X,8YUP|1|X,8YUS|1|X,8YUO|1|X,8YUR|1|X,8YUO|1|V"
"NR_4.0_82900.1","8YWH|1|B+8YWH|1|C+8YWH|1|D","8YWH|1|B+8YWH|1|C+8YWH|1|D"
"NR_4.0_57348.3","1GAX|1|D","1GAX|1|D,1GAX|1|C,1IVS|1|C,1IVS|1|D"
"NR_4.0_30665.2","8OZE|1|A+8OZE|1|B","8OZE|1|A+8OZE|1|B,8OZE|1|N+8OZE|1|P"
"NR_4.0_89651.3","8P0B|1|R","8P0B|1|R,8P0U|1|R"
"NR_4.0_39627.8","2R8S|1|R","2R8S|1|R,6D8O|1|B,6D8O|1|A,6BJX|1|A,6BJX|1|B,1HR2|1|B,6D8M|1|B,6D8M|1|A,1HR2|1|A,6D8L|1|A,6D8L|1|B,6D8N|1|B,6D8N|1|A,1X8W|1|A,1X8W|1|D,1X8W|1|B,1L8V|1|B,1L8V|1|A,1GID|1|B,1GID|1|A"
"NR_4.0_85495.3","8P0B|1|V","8P0B|1|V,8P0G|1|V+8P0G|1|R,8P0U|1|V"
"NR_4.0_44586.1","8Z1P|1|B","8Z1P|1|B"
"NR_4.0_71631.1","8P6P|1|3","8P6P|1|3"
"NR_4.0_03900.3","8Z4L|1|M+8Z4L|1|N","8Z4L|1|M+8Z4L|1|N,8Z9C|1|M+8Z9C|1|N,8Z99|1|M+8Z99|1|N,8Z4J|1|M+8Z4J|1|N,8Z9E|1|M+8Z9E|1|N"
"NR_4.0_17554.3","8Z85|1|D","8Z85|1|D,8Z90|1|D+8Z90|1|E,8Z8X|1|D+8Z8X|1|E,8Z8N|1|D,8Z9H|1|D,8Z97|1|D,8Z8J|1|D,8Z9R|1|D"
"NR_4.0_62528.3","5EEU|1|W","5EEU|1|W,5EEV|1|W,5EEX|1|W,5EEW|1|W,5EEY|1|W,5EEZ|1|W,5EF0|1|W,5EF1|1|W,1GTF|1|W,5EF2|1|W,5EF3|1|W"
"NR_4.0_38361.3","8Z85|1|E","8Z85|1|E,8Z9H|1|E,8Z97|1|E,8Z8N|1|E,8Z9R|1|E,8Z8J|1|E"
"NR_4.0_10129.1","8P8B|1|6","8P8B|1|6"
"NR_4.0_35213.1","8PEG|1|X","8PEG|1|X"
"NR_4.0_64594.1","8Z8U|1|A+8Z8U|1|B","8Z8U|1|A+8Z8U|1|B"
"NR_4.0_80227.2","8PJ6|1|7","8PJ6|1|7,8RG0|1|7"
"NR_4.0_25344.1","9HP9|1|C+9HP9|1|B","9HP9|1|C+9HP9|1|B,9H2M|1|C+9H2M|1|B,8PJ9|1|C+8PJ9|1|B+8PJ9|1|E,9H21|1|C+9H21|1|B,9Q85|1|C+9Q85|1|B,9HP8|1|C+9HP8|1|B,9H2G|1|C+9H2G|1|B"
"NR_4.0_10107.1","8Z98|1|D","8Z98|1|D"
"NR_4.0_61174.3","1H2C|1|R","1H2C|1|R,1H2D|1|S,1H2D|1|R"
"NR_4.0_12984.1","8Z9K|1|A+8Z9K|1|B","8Z9K|1|A+8Z9K|1|B"
"NR_4.0_90498.3","8PNP|1|V","8PNP|1|V,8PM0|1|V,8R3L|1|V+8R3L|1|R,8POH|1|V+8POH|1|R,8POH|1|U,8POH|1|S"
"NR_4.0_30440.2","8ZA4|1|F+8ZA4|1|E","8ZA4|1|F+8ZA4|1|E,8ZA4|1|B+8ZA4|1|A,8ZA4|1|D+8ZA4|1|C"
"NR_4.0_70210.2","1HMH|1|E+1HMH|1|F","1HMH|1|E+1HMH|1|F,1HMH|1|C+1HMH|1|D"
"NR_4.0_85541.1","8ZD0|1|B+8ZD0|1|C+8ZD0|1|D","8ZD0|1|B+8ZD0|1|C+8ZD0|1|D,9MB7|1|B+9MB7|1|C+9MB7|1|D,9MB6|1|B+9MB6|1|C+9MB6|1|D,8ZCZ|1|B+8ZCZ|1|C+8ZCZ|1|D,8ZDA|1|B+8ZDA|1|D+8ZDA|1|E+8ZDA|1|C"
"NR_4.0_31741.3","1HNW|1|X","1HNW|1|X,1HR0|1|X,1IBL|1|X,1HNZ|1|X,1IBK|1|X,1IBM|1|X"
"NR_4.0_01780.1","8PM4|1|B+8PM4|1|C+8PM4|1|D","8PM4|1|B+8PM4|1|C+8PM4|1|D"
"NR_4.0_31827.1","8PNQ|1|V+8PNQ|1|M","8PNQ|1|V+8PNQ|1|M"
"NR_4.0_73146.3","4KHP|1|X","4KHP|1|X,1HNX|1|X"
"NR_4.0_92778.1","1N1H|1|B","1N1H|1|B"
"NR_4.0_26041.2","8PT7|1|V+8PT7|1|S","8PT7|1|V+8PT7|1|S,8PSS|1|V+8PSS|1|S,8PSQ|1|V+8PSQ|1|S"
"NR_4.0_51736.2","8ZH3|1|Tb","8ZH3|1|Tb,8ZHB|1|Tb,8ZGY|1|Tb"
"NR_4.0_02914.1","1HYS|1|E+1HYS|1|F","1HYS|1|E+1HYS|1|F"
"NR_4.0_20841.1","1N33|1|Y","1N33|1|Y"
"NR_4.0_11290.1","1N38|1|C+1N38|1|B","1N38|1|C+1N38|1|B"
"NR_4.0_17405.11","7A0S|1|Y","7A0S|1|Y,4IOA|1|Y,4IO9|1|Y,5JVG|1|Y,5DM6|1|Y,4IOC|1|Y,5JVH|1|Y,7A0R|1|Y,4U67|1|Y,3PIO|1|Y,4WFN|1|Y,3PIP|1|Y,3DLL|1|Z,5DM7|1|Y,7A18|1|Y,1Y69|1|9,3JQ4|1|B,3FWO|1|B,2ZJR|1|Y,3CF5|1|Z,2ZJQ|1|Y,2ZJP|1|Z,1SM1|1|9,1NKW|1|9,1NWY|1|9,1XBP|1|9,1NWX|1|9"
"NR_4.0_49782.3","1I6U|1|C","1I6U|1|C,1I6U|1|D"
"NR_4.0_29885.3","8PVL|1|C3","8PVL|1|C3,8PV6|1|C3"
"NR_4.0_16044.1","1I9X|1|A+1I9X|1|B","1I9X|1|A+1I9X|1|B"
"NR_4.0_15857.2","9GAN|1|D","9GAN|1|D,9GAN|1|C,9GAP|1|D,9GAP|1|C"
"NR_4.0_05151.1","8Q5I|1|10+8Q5I|1|g","8Q5I|1|10+8Q5I|1|g"
"NR_4.0_53040.1","8QCF|1|N","8QCF|1|N"
"NR_4.0_00580.3","8QCQ|1|w","8QCQ|1|w,8QCQ|1|y"
"NR_4.0_34848.1","8QEQ|1|R","8QEQ|1|R"
"NR_4.0_08497.1","8DC2|1|B+8DC2|1|C+8DC2|1|D","8DC2|1|B+8DC2|1|C+8DC2|1|D"
"NR_4.0_37829.1","8DFA|1|L+8DFA|1|N","8DFA|1|L+8DFA|1|N"
"NR_4.0_93354.2","9EN6|1|CCC+9EN6|1|DDD","9EN6|1|CCC+9EN6|1|DDD,9EN6|1|AAA+9EN6|1|BBB,8QMH|1|C+8QMH|1|D,8QMI|1|C+8QMI|1|D,8QMI|1|A+8QMI|1|B"
"NR_4.0_46842.1","8DGA|1|F+8DGA|1|E","8DGA|1|F+8DGA|1|E"
"NR_4.0_26196.1","8DO6|1|J+8DO6|1|I","8DO6|1|J+8DO6|1|I"
"NR_4.0_47147.2","8QPE|1|z2","8QPE|1|z2"
"NR_4.0_07927.1","8DZJ|1|E+8DZJ|1|C+8DZJ|1|D","8DZJ|1|E+8DZJ|1|C+8DZJ|1|D"
"NR_4.0_74199.3","1NTA|1|A+1NTA|1|B","1NTA|1|A+1NTA|1|B,1NTB|1|A+1NTB|1|B"
"NR_4.0_38153.1","8R3K|1|V+8R3K|1|M","8R3K|1|V+8R3K|1|M"
"NR_4.0_07779.3","1NUV|1|A+1NUV|1|B","1NUV|1|A+1NUV|1|B,1NUV|1|G+1NUV|1|H,429D|1|A+429D|1|B,1NUJ|1|A+1NUJ|1|B,1NUJ|1|G+1NUJ|1|H"
"NR_4.0_37564.1","8DZK|1|O","8DZK|1|O"
"NR_4.0_65963.1","8R55|1|V","8R55|1|V"
"NR_4.0_55668.1","8E28|1|C","8E28|1|C"
"NR_4.0_39866.1","8R6Y|1|C","8R6Y|1|C"
"NR_4.0_52282.3","1J2B|1|C","1J2B|1|C,1J2B|1|D"
"NR_4.0_09201.1","8E2A|1|B","8E2A|1|B"
"NR_4.0_88987.11","7A0S|1|X","7A0S|1|X,4IOA|1|X,4IO9|1|X,5JVG|1|X,5DM6|1|X,4IOC|1|X,5JVH|1|X,7A0R|1|X,4U67|1|X,4WFN|1|X,3PIO|1|X,5DM7|1|X,3PIP|1|X,7A18|1|X,3DLL|1|X,1OND|1|0,2AAR|1|0,1Y69|1|0,3JQ4|1|A,3FWO|1|A,2ZJR|1|X,3CF5|1|X,2ZJQ|1|X,2OGM|1|0,2ZJP|1|X,2OGO|1|0,2OGN|1|0,1JZX|1|A,1NKW|1|0,1NWY|1|0,1NJP|1|0,1NWX|1|0,1J5A|1|A,1JZY|1|A,1K01|1|A,1NJM|1|0,1NJN|1|0,1NJO|1|0,1JZZ|1|A,1SM1|1|0,1Z58|1|2,1P9X|1|0,2D3O|1|0,1XBP|1|0,2O44|1|A,2O43|1|A,2O45|1|A"
"NR_4.0_65384.1","8E40|1|r+8E40|1|R","8E40|1|r+8E40|1|R"
"NR_4.0_52295.3","2ET8|1|A+2ET8|1|B","2ET8|1|A+2ET8|1|B,1O9M|1|A+1O9M|1|B,2F4U|1|A+2F4U|1|B"
"NR_4.0_29328.1","8EDJ|1|R","8EDJ|1|R"
"NR_4.0_03756.1","8R8M|1|Z","8R8M|1|Z"
"NR_4.0_79111.3","8EHQ|1|R+8EHQ|1|N+8EHQ|1|T","8EHQ|1|R+8EHQ|1|N+8EHQ|1|T,8EOF|1|R+8EOF|1|N+8EOF|1|T,8EXY|1|R+8EXY|1|N+8EXY|1|T"
"NR_4.0_85129.1","8RAN|1|P","8RAN|1|P"
"NR_4.0_55924.4","1OOA|1|C","1OOA|1|C,1OOA|1|D"
"NR_4.0_41403.3","8RC2|1|H+8RC2|1|I+8RC2|1|J","8RC2|1|H+8RC2|1|I+8RC2|1|J,8S35|1|H+8S35|1|I+8S35|1|J,8S37|1|H+8S37|1|I+8S37|1|J,8S36|1|H+8S36|1|I+8S36|1|J"
"NR_4.0_12080.3","3HGA|1|X","3HGA|1|X,1OSU|1|A"
"NR_4.0_67761.3","8EPK|1|F","8EPK|1|F,8EPK|1|E"
"NR_4.0_47370.3","1P6V|1|B","1P6V|1|B,1P6V|1|D"
"NR_4.0_78541.6","9AXU|1|2+9AXU|1|4","9AXU|1|2+9AXU|1|4,8EUG|1|1+8EUG|1|2,9PHC|1|B2+9PHC|1|B4,8EUI|1|1+8EUI|1|2,9AXV|1|B2+9AXV|1|B4,9AXT|1|B2+9AXT|1|B4,8ESQ|1|1+8ESQ|1|2,9RVU|1|B2+9RVU|1|B4,8ESR|1|1+8ESR|1|2,8EUY|1|1+8EUY|1|2,8EV3|1|1+8EV3|1|2,8ETJ|1|1+8ETJ|1|2,8ETH|1|1+8ETH|1|2,8EUP|1|1+8EUP|1|2,8ETC|1|1+8ETC|1|2,8ETG|1|1+8ETG|1|2,8ETI|1|1+8ETI|1|2"
"NR_4.0_70784.2","8RFJ|1|H+8RFJ|1|I+8RFJ|1|J","8RFJ|1|H+8RFJ|1|I+8RFJ|1|J,8RC3|1|H+8RC3|1|I+8RC3|1|J"
"NR_4.0_78269.4","8RD8|1|D8","8RD8|1|D8,8RDV|1|D8,8RDW|1|D8,9HC4|1|D8"
"NR_4.0_88664.4","8RD8|1|Z2","8RD8|1|Z2,8RDV|1|Z2,8RDW|1|Z2,9HC4|1|Z2"
"NR_4.0_60433.4","8RDV|1|iN","8RDV|1|iN,8RD8|1|iN,8RDW|1|iN,9HC4|1|iN"
"NR_4.0_10795.1","8RDV|1|V","8RDV|1|V"
"NR_4.0_57545.3","8RO0|1|5","8RO0|1|5,8RO1|1|5"
"NR_4.0_68958.2","8RO1|1|6+8RO1|1|2","8RO1|1|6+8RO1|1|2,8RO0|1|6+8RO0|1|2"
"NR_4.0_52392.1","8RO1|1|IN","8RO1|1|IN"
"NR_4.0_07539.3","8EUG|1|9","8EUG|1|9,8EUI|1|9"
"NR_4.0_75060.1","8RR3|1|T","8RR3|1|T"
"NR_4.0_85919.1","8EUY|1|6","8EUY|1|6"
"NR_4.0_03127.3","8RW1|1|3","8RW1|1|3,8S8D|1|3,8S8H|1|3,8S8G|1|3,8S8E|1|3,8S8F|1|3"
"NR_4.0_57362.1","8EVT|1|EC","8EVT|1|EC"
"NR_4.0_28159.1","8EY6|1|B","8EY6|1|B"
"NR_4.0_35822.1","8EY8|1|B","8EY8|1|B"
"NR_4.0_60852.1","8RXH|1|S2","8RXH|1|S2"
"NR_4.0_27345.1","8RZA|1|B","8RZA|1|B"
"NR_4.0_24974.3","1DUQ|1|B+1DUQ|1|A","1DUQ|1|B+1DUQ|1|A,1DUQ|1|D+1DUQ|1|C,1DUQ|1|F+1DUQ|1|E,1DUQ|1|H+1DUQ|1|G"
"NR_4.0_16041.4","8S8W|1|C","8S8W|1|C,8S8X|1|C"
"NR_4.0_77027.1","8S95|1|C","8S95|1|C"
"NR_4.0_43622.3","1E7K|1|C","1E7K|1|C,1E7K|1|D"
"NR_4.0_93791.2","8S9U|1|G+8S9U|1|F","8S9U|1|G+8S9U|1|F,8S9X|1|G+8S9X|1|F"
"NR_4.0_59804.1","1E8O|1|E","1E8O|1|E"
"NR_4.0_27004.2","8F3C|1|R+8F3C|1|A+8F3C|1|B","8F3C|1|R+8F3C|1|A+8F3C|1|B,8G00|1|R+8G00|1|A+8G00|1|B,8G2W|1|R+8G2W|1|A+8G2W|1|B"
"NR_4.0_80188.1","8S9V|1|G+8S9V|1|F","8S9V|1|G+8S9V|1|F"
"NR_4.0_94113.1","1EC6|1|C","1EC6|1|C"
"NR_4.0_18165.1","1EFO|1|B+1EFO|1|A","1EFO|1|B+1EFO|1|A"
"NR_4.0_00804.1","8SD0|1|B","8SD0|1|B"
"NR_4.0_37691.3","8FCJ|1|M+8FCJ|1|N+8FCJ|1|O","8FCJ|1|M+8FCJ|1|N+8FCJ|1|O,8FD3|1|M,8FD2|1|M"
"NR_4.0_05245.2","8SFL|1|B+8SFL|1|C+8SFL|1|D","8SFL|1|B+8SFL|1|C+8SFL|1|D,8SFO|1|B+8SFO|1|C+8SFO|1|D,8SFQ|1|B+8SFQ|1|C+8SFQ|1|D,8SFR|1|B+8SFR|1|C+8SFR|1|D,8SFP|1|B+8SFP|1|C+8SFP|1|D,8SFN|1|B+8SFN|1|C+8SFN|1|D,8SFI|1|B+8SFI|1|C+8SFI|1|D,8SFJ|1|B+8SFJ|1|C+8SFJ|1|D"
"NR_4.0_28163.3","8FEQ|1|AAA","8FEQ|1|AAA,8FEO|1|AAA"
"NR_4.0_25355.2","8FER|1|AAA+8FER|1|BBB","8FER|1|AAA+8FER|1|BBB,8FEP|1|AAA"
"NR_4.0_67965.1","8SH5|1|R","8SH5|1|R"
"NR_4.0_06910.1","8FFY|1|C","8FFY|1|C"
"NR_4.0_14748.1","8SNY|1|T","8SNY|1|T"
"NR_4.0_14235.3","8FJL|1|a1+8FJL|1|b1","8FJL|1|a1+8FJL|1|b1,8FJK|1|a1+8FJK|1|b1"
"NR_4.0_61337.3","8SQJ|1|O","8SQJ|1|O,8SQK|1|O"
"NR_4.0_45738.1","8FJK|1|a2+8FJK|1|b2","8FJK|1|a2+8FJK|1|b2"
"NR_4.0_15134.1","8SQJ|1|T+8SQJ|1|P","8SQJ|1|T+8SQJ|1|P"
"NR_4.0_64372.1","8SUP|1|3","8SUP|1|3"
"NR_4.0_79328.1","8FJK|1|a5+8FJK|1|b5","8FJK|1|a5+8FJK|1|b5"
"NR_4.0_03107.1","8FJL|1|a6+8FJL|1|b6","8FJL|1|a6+8FJL|1|b6"
"NR_4.0_56321.1","8SXL|1|A+8SXL|1|B","8SXL|1|A+8SXL|1|B"
"NR_4.0_24709.3","8SYK|1|A","8SYK|1|A,8SYK|1|C,8SYK|1|B,8SYK|1|D,8T5O|1|A,8TKK|1|A,8TKJ|1|A"
"NR_4.0_12669.3","4RKV|1|B","4RKV|1|B,4RKV|1|A,4RJ1|1|B,4RJ1|1|A,4RNE|1|B,4RNE|1|C,4RNE|1|E,4RNE|1|D,4RNE|1|A,4RNE|1|G,4RNE|1|F,4RNE|1|H,1J8G|1|A,1J8G|1|B,1J8G|1|C,1J8G|1|D"
"NR_4.0_89144.1","8T66|1|C","8T66|1|C"
"NR_4.0_13524.1","8FMW|1|A","8FMW|1|A"
"NR_4.0_45612.1","8TDV|1|K","8TDV|1|K"
"NR_4.0_65458.1","8TDW|1|K","8TDW|1|K"
"NR_4.0_32199.1","8TDZ|1|A","8TDZ|1|A"
"NR_4.0_36608.1","8FN6|1|g","8FN6|1|g"
"NR_4.0_61357.1","8TE2|1|A","8TE2|1|A"
"NR_4.0_41804.1","8FNC|1|m","8FNC|1|m"
"NR_4.0_94411.1","8THQ|1|R+8THQ|1|S","8THQ|1|R+8THQ|1|S"
"NR_4.0_16983.3","1J9H|1|A+1J9H|1|B","1J9H|1|A+1J9H|1|B,1J9H|1|C+1J9H|1|D"
"NR_4.0_03633.1","8FNF|1|m","8FNF|1|m"
"NR_4.0_26846.1","1JBR|1|C+1JBR|1|F","1JBR|1|C+1JBR|1|F"
"NR_4.0_08157.1","8FNI|1|m","8FNI|1|m"
"NR_4.0_49026.1","8TJV|1|A","8TJV|1|A"
"NR_4.0_19241.3","1JZV|1|B+1JZV|1|A","1JZV|1|B+1JZV|1|A,1JZV|1|D+1JZV|1|C"
"NR_4.0_72299.1","8FOM|1|QX","8FOM|1|QX"
"NR_4.0_94270.1","8TQX|1|A+8TQX|1|D","8TQX|1|A+8TQX|1|D"
"NR_4.0_36712.4","1ZL3|1|B","1ZL3|1|B,2AB4|1|B,1ZE2|1|C,1ZE2|1|D,1K8W|1|B"
"NR_4.0_23559.1","8FON|1|QX","8FON|1|QX"
"NR_4.0_46221.1","8TSV|1|C+8TSV|1|D","8TSV|1|C+8TSV|1|D"
"NR_4.0_86825.1","8FON|1|XY","8FON|1|XY"
"NR_4.0_53292.3","8U5Z|1|A","8U5Z|1|A,8U5Z|1|B,8U5T|1|B,8U5T|1|A,8U5Z|1|C,8U5R|1|A,8U5R|1|B,8U5T|1|C,8U5R|1|C"
"NR_4.0_02103.1","8FR8|1|v","8FR8|1|v"
"NR_4.0_24790.1","8FTM|1|C","8FTM|1|C"
"NR_4.0_32893.1","8FUK|1|1","8FUK|1|1"
"NR_4.0_57053.4","8FVY|1|g","8FVY|1|g,8G4I|1|g,8G4S|1|g"
"NR_4.0_17339.1","8FZA|1|A","8FZA|1|A"
"NR_4.0_27059.1","8FZR|1|R","8FZR|1|R"
"NR_4.0_51412.1","8G1S|1|R+8G1S|1|A+8G1S|1|B","8G1S|1|R+8G1S|1|A+8G1S|1|B"
"NR_4.0_61924.2","8G4W|1|R+8G4W|1|A+8G4W|1|B","8G4W|1|R+8G4W|1|A+8G4W|1|B,8G7E|1|R+8G7E|1|A+8G7E|1|B"
"NR_4.0_98999.1","8UD3|1|G+8UD3|1|H","8UD3|1|G+8UD3|1|H"
"NR_4.0_03986.3","1KD5|1|A+1KD5|1|B","1KD5|1|A+1KD5|1|B,1KD3|1|A+1KD3|1|B"
"NR_4.0_20039.3","8G6J|1|At","8G6J|1|At,8G60|1|At"
"NR_4.0_25599.1","8UD5|1|G+8UD5|1|H","8UD5|1|G+8UD5|1|H"
"NR_4.0_64635.1","1KD4|1|A+1KD4|1|B","1KD4|1|A+1KD4|1|B"
"NR_4.0_19500.1","8G6R|1|I+8G6R|1|J","8G6R|1|I+8G6R|1|J"
"NR_4.0_66812.3","8UIW|1|N","8UIW|1|N,8UIW|1|R,8UTA|1|R,8UTA|1|N"
"NR_4.0_90687.3","1KH6|1|A","1KH6|1|A"
"NR_4.0_76027.2","8G7T|1|X+8G7T|1|Y","8G7T|1|X+8G7T|1|Y,8G7V|1|X+8G7V|1|Y"
"NR_4.0_39058.1","8UMF|1|B+8UMF|1|C+8UMF|1|D+8UMF|1|E","8UMF|1|B+8UMF|1|C+8UMF|1|D+8UMF|1|E"
"NR_4.0_59529.1","8G7U|1|X+8G7U|1|Y","8G7U|1|X+8G7U|1|Y"
"NR_4.0_25327.1","8UO6|1|B","8UO6|1|B"
"NR_4.0_72393.1","8G9T|1|O","8G9T|1|O"
"NR_4.0_05063.2","8UQP|1|7+8UQP|1|5+8UQP|1|6","8UQP|1|7+8UQP|1|5+8UQP|1|6,8UQL|1|7+8UQL|1|5+8UQL|1|6,8UR0|1|7+8UR0|1|5+8UR0|1|6"
"NR_4.0_56361.1","8GKH|1|W+8GKH|1|T+8GKH|1|N","8GKH|1|W+8GKH|1|T+8GKH|1|N"
"NR_4.0_56375.1","8GS2|1|R+8GS2|1|D","8GS2|1|R+8GS2|1|D"
"NR_4.0_30380.1","8URY|1|7+8URY|1|5+8URY|1|6","8URY|1|7+8URY|1|5+8URY|1|6"
"NR_4.0_95119.5","9J1M|1|u","9J1M|1|u,9GUL|1|2,7PWO|1|E,4YZV|1|Z6,4YZV|1|Z7,8IP8|1|dl,8ZTV|1|Z,6S0K|1|2,1VY7|1|AW,3CD6|1|4,4LNT|1|Z8,5GAE|1|x,8ZTU|1|Z,4ZSN|1|Z6,3CMA|1|6,4LNT|1|Z6,4L47|1|Z8,1VY7|1|CW,4L47|1|Z6,9I1W|1|9,5GAG|1|2,1KQS|1|3,5GAD|1|2,7Y38|1|Z,1VVJ|1|Z8,5GAH|1|2,1VVJ|1|Z6,4TUA|1|Z5,4TUD|1|Z5,5LYB|1|A,4LFZ|1|Z6,4TUE|1|Z6,3J7Z|1|7,4LT8|1|Z8,4LT8|1|Z6,4TUB|1|Z6,4P70|1|Z6,4TUA|1|Z6,6N9E|1|1w,4TUB|1|Z5,5LYB|1|a,4TUD|1|Z6,4TUC|1|Z6,4TUE|1|Z5,4TUC|1|Z5,4LFZ|1|Z8,4P70|1|Z8,4L71|1|Z8,4L71|1|Z6,4V19|1|C,4LSK|1|Z8,4LEL|1|Z8,6N9E|1|2w,3CMA|1|5,4LSK|1|Z6,4LEL|1|Z6,5O60|1|2,7PWG|1|E,4V19|1|Z,8OIT|1|B7,8OIR|1|B7,5LZE|1|w,5LZD|1|w,4ZSN|1|Z7,8OIQ|1|B7,8OIN|1|B7,1VQO|1|4,1M90|1|5,1QVG|1|5,3CXC|1|4,1Q7Y|1|5,1QVG|1|4,1QVG|1|3,1Q86|1|5,3CME|1|6,1Q86|1|6,3CME|1|5,6OTR|1|ZA,6OTR|1|ZB,6OXI|1|ZA,8FOM|1|Z6,8FOM|1|Z8,8FON|1|Z6,8FON|1|Z8,6NDK|1|ZB,6OXA|1|ZA,6OXA|1|ZB,6NDK|1|ZA,6OXI|1|ZB"
"NR_4.0_98769.3","8H0I|1|X","8H0I|1|X,8H0I|1|Y"
"NR_4.0_80760.3","8UUA|1|B","8UUA|1|B,8UU4|1|B,8UU9|1|B,8UU5|1|B,8UU8|1|B,8UU7|1|B,8UU6|1|B"
"NR_4.0_76339.3","8H0S|1|X","8H0S|1|X,8H0S|1|Y"
"NR_4.0_36393.3","2IY5|1|T","2IY5|1|T,1EIY|1|C"
"NR_4.0_21822.3","8H1B|1|C","8H1B|1|C,8H1B|1|D"
"NR_4.0_92683.3","2G3S|1|I+2G3S|1|J","2G3S|1|I+2G3S|1|J,2G3S|1|G+2G3S|1|H,2G3S|1|C+2G3S|1|D,2G3S|1|A+2G3S|1|B,2G3S|1|E+2G3S|1|F"
"NR_4.0_12248.1","8H2H|1|B","8H2H|1|B"
"NR_4.0_57948.1","8H69|1|5+8H69|1|3","8H69|1|5+8H69|1|3"
"NR_4.0_85257.1","8H8E|1|G","8H8E|1|G"
"NR_4.0_36913.3","8HBA|1|B","8HBA|1|B,8HBA|1|A,8HB8|1|A"
"NR_4.0_53747.1","8UU9|1|w","8UU9|1|w"
"NR_4.0_27765.1","8UX4|1|AN","8UX4|1|AN"
"NR_4.0_70479.1","8HF1|1|H+8HF1|1|E","8HF1|1|H+8HF1|1|E"
"NR_4.0_56234.1","8UXA|1|AN","8UXA|1|AN"
"NR_4.0_73293.1","8HKE|1|C+8HKE|1|D","8HKE|1|C+8HKE|1|D"
"NR_4.0_02600.3","8UZ3|1|4","8UZ3|1|4,8UZG|1|4,8V03|1|4,8VUP|1|4"
"NR_4.0_81871.2","8UZB|1|B+8UZB|1|C+8UZB|1|D","8UZB|1|B+8UZB|1|C+8UZB|1|D,8UZA|1|B+8UZA|1|C+8UZA|1|D"
"NR_4.0_09738.7","8HKX|1|A16S","8HKX|1|A16S,8HL1|1|A16S"
"NR_4.0_46933.1","8V1H|1|A","8V1H|1|A"
"NR_4.0_08971.1","8HMZ|1|5+8HMZ|1|3","8HMZ|1|5+8HMZ|1|3"
"NR_4.0_74840.1","8VAH|1|G","8VAH|1|G"
"NR_4.0_08701.1","8HR5|1|C+8HR5|1|D+8HR5|1|E","8HR5|1|C+8HR5|1|D+8HR5|1|E"
"NR_4.0_05058.1","8VAK|1|D","8VAK|1|D"
"NR_4.0_79672.3","4V7M|1|AY","4V7M|1|AY,4V7M|1|CY"
"NR_4.0_94125.1","8VAK|1|F","8VAK|1|F"
"NR_4.0_74421.1","1F1T|1|A","1F1T|1|A"
"NR_4.0_21432.1","8VES|1|H","8VES|1|H"
"NR_4.0_59690.3","1F7U|1|B","1F7U|1|B,1F7V|1|B"
"NR_4.0_09220.1","8VIV|1|B","8VIV|1|B"
"NR_4.0_08337.1","1F8V|1|R","1F8V|1|R"
"NR_4.0_00650.1","8VJT|1|B","8VJT|1|B"
"NR_4.0_81631.1","8HUD|1|B+8HUD|1|C+8HUD|1|D","8HUD|1|B+8HUD|1|C+8HUD|1|D"
"NR_4.0_24723.2","8VM8|1|R","8VM8|1|R,9DCF|1|C"
"NR_4.0_01593.3","8VM9|1|R","8VM9|1|R,8VM9|1|C"
"NR_4.0_34093.3","8VMA|1|C","8VMA|1|C,8VMA|1|R"
"NR_4.0_60733.1","8VMB|1|R","8VMB|1|R"
"NR_4.0_29558.1","8VOR|1|7+8VOR|1|5+8VOR|1|6","8VOR|1|7+8VOR|1|5+8VOR|1|6"
"NR_4.0_16319.1","8VVD|1|B","8VVD|1|B"
"NR_4.0_97357.1","8I54|1|B","8I54|1|B"
"NR_4.0_01088.2","8VVQ|1|SA","8VVQ|1|SA,8VVP|1|SA,8VVR|1|SA,8VVS|1|SA,8VVU|1|SA"
"NR_4.0_95071.1","8IAZ|1|E+8IAZ|1|B+8IAZ|1|C","8IAZ|1|E+8IAZ|1|B+8IAZ|1|C"
"NR_4.0_49127.1","8IBZ|1|E","8IBZ|1|E"
"NR_4.0_63951.1","8IEW|1|B+8IEW|1|C","8IEW|1|B+8IEW|1|C"
"NR_4.0_60017.3","8VZ6|1|R","8VZ6|1|R,8VZ6|1|S"
"NR_4.0_09614.1","8W1O|1|M+8W1O|1|L","8W1O|1|M+8W1O|1|L"
"NR_4.0_37735.3","1L2X|1|A","1L2X|1|A,437D|1|A,1L3D|1|A"
"NR_4.0_98489.1","8IP0|1|F+8IP0|1|G+8IP0|1|E","8IP0|1|F+8IP0|1|G+8IP0|1|E"
"NR_4.0_65223.14","6Q1H|1|D","6Q1H|1|D,6Q1H|1|H,6P7P|1|F,6P7P|1|E,6P7P|1|D,7ZGV|1|D,7SOQ|1|B,7SOR|1|D,7SOR|1|B,8KBH|1|J,8KBH|1|L,6VM6|1|J,8KBH|1|K,6VM6|1|G,6WAN|1|K,8KBF|1|D,6WAN|1|H,6WAN|1|G,6WAN|1|L,6WAN|1|I,8KBF|1|C,6YWO|1|F,8TL0|1|F,8TL0|1|H,6WAN|1|J,6YWO|1|E,8TL0|1|E,8TL0|1|G,4OAU|1|A,6YWO|1|K,8TL0|1|M,6VM6|1|I,6VM6|1|H,8TL0|1|J,8KBC|1|O,6YWO|1|I,8KBC|1|N,8KBC|1|Q,8KBC|1|P,8Z4I|1|C,2A1R|1|C,3GPQ|1|E,2A1R|1|D,6M6V|1|F,3GPQ|1|F,6M6V|1|E,8TL0|1|N,6VM6|1|K,7QQK|1|G,7QQK|1|F,6O79|1|C,6M6V|1|G,7QQK|1|E,7QQK|1|H,6HYU|1|D,8ZWK|1|G,8ZWK|1|Q,6YBV|1|k,8ZWJ|1|F,8ZWJ|1|Q,1LAJ|1|R"
"NR_4.0_40127.1","8ITS|1|A","8ITS|1|A"
"NR_4.0_74724.2","8IYQ|1|O+8IYQ|1|F+8IYQ|1|S","8IYQ|1|O+8IYQ|1|F+8IYQ|1|S,8WMN|1|O+8WMN|1|F+8WMN|1|C+8WMN|1|N,8WMM|1|O+8WMM|1|F+8WMM|1|S,8WMM|1|D+8WMM|1|C+8WMM|1|Y,8WMH|1|O+8WMH|1|C+8WMH|1|E"
"NR_4.0_82450.1","8W2O|1|r","8W2O|1|r"
"NR_4.0_95980.2","8J1J|1|C+8J1J|1|D+8J1J|1|E","8J1J|1|C+8J1J|1|D+8J1J|1|E,8J3R|1|C+8J3R|1|D"
"NR_4.0_01008.3","8J62|1|X","8J62|1|X,8J62|1|Y"
"NR_4.0_22656.1","8W35|1|C","8W35|1|C"
"NR_4.0_17134.1","8J72|1|C","8J72|1|C"
"NR_4.0_36935.1","8WCE|1|G+8WCE|1|T","8WCE|1|G+8WCE|1|T"
"NR_4.0_41726.1","8JOZ|1|B","8JOZ|1|B"
"NR_4.0_17717.1","8WF8|1|B","8WF8|1|B"
"NR_4.0_26447.1","8WFA|1|B+8WFA|1|C","8WFA|1|B+8WFA|1|C"
"NR_4.0_13340.1","8JTJ|1|B+8JTJ|1|C+8JTJ|1|D","8JTJ|1|B+8JTJ|1|C+8JTJ|1|D"
"NR_4.0_85532.1","8WFX|1|O","8WFX|1|O"
"NR_4.0_62048.3","8JY0|1|B","8JY0|1|B,8JY0|1|D,8JY0|1|F"
"NR_4.0_25303.5","4V9F|1|9","4V9F|1|9,1S72|1|9,1YI2|1|9,1JJ2|1|9,1YIJ|1|9,1YHQ|1|9,3CCL|1|9,3CCU|1|9,3G71|1|9,3G6E|1|9,3CMA|1|9,1YJW|1|9,3CD6|1|9,3I56|1|9,3CCM|1|9,1YIT|1|9,1YJN|1|9,3CC4|1|9,3CC2|1|9,1YJ9|1|9,3CCV|1|9,2QEX|1|9,2OTL|1|9,1KQS|1|9,3CCQ|1|9,2OTJ|1|9,3CC7|1|9,3CCS|1|9,3I55|1|9,3G4S|1|9,3CCR|1|9,3OW2|1|9,3CCJ|1|9,2QA4|1|9,3CCE|1|9,1VQ8|1|9,1VQO|1|9,1VQK|1|9,1VQM|1|9,1VQL|1|9,1VQP|1|9,1VQ9|1|9,1VQ7|1|9,1VQN|1|9,1VQ4|1|9,1VQ6|1|9,3CME|1|9,1VQ5|1|9,1M90|1|B,3CPW|1|9,1QVG|1|9,3CXC|1|9,1Q81|1|B,1NJI|1|B,1Q86|1|B,1K73|1|B,1KC8|1|B,1Q82|1|B,1K9M|1|B,1KD1|1|B,1M1K|1|B,1K8A|1|B,1QVF|1|9,1Q7Y|1|B,1FFK|1|9,1N8R|1|B,1W2B|1|9"
"NR_4.0_76081.2","8K0P|1|A+8K0P|1|C","8K0P|1|A+8K0P|1|C,8K0R|1|A,8K0S|1|A+8K0S|1|C,8K0Q|1|A,8K0Q|1|C,8K0R|1|C"
"NR_4.0_58248.3","8WR4|1|N","8WR4|1|N,8WR4|1|O"
"NR_4.0_72878.2","8WRS|1|B","8WRS|1|B,8WS6|1|B+8WS6|1|C,8WS8|1|B+8WS8|1|C,8WS7|1|B+8WS7|1|C,8WRW|1|B+8WRW|1|C,8WS5|1|B+8WS5|1|C,8WS9|1|B"
"NR_4.0_36451.3","8K0Y|1|A","8K0Y|1|A,8K0Y|1|B,8K30|1|A,8K30|1|B"
"NR_4.0_41189.1","8K15|1|C","8K15|1|C"
"NR_4.0_22285.2","8K22|1|P+8K22|1|Q+8K22|1|R","8K22|1|P+8K22|1|Q+8K22|1|R,8K24|1|P+8K24|1|Q+8K24|1|R,8K24|1|p+8K24|1|q+8K24|1|r,8K23|1|P+8K23|1|Q+8K23|1|R,8K23|1|p+8K23|1|q+8K23|1|r,8K29|1|P+8K29|1|Q+8K29|1|R,8K27|1|P+8K27|1|Q+8K27|1|R"
"NR_4.0_31106.2","8WT6|1|F+8WT6|1|E+8WT6|1|I+8WT6|1|J+8WT6|1|G+8WT6|1|H","8WT6|1|F+8WT6|1|E+8WT6|1|I+8WT6|1|J+8WT6|1|G+8WT6|1|H,8WT9|1|F+8WT9|1|E+8WT9|1|G+8WT9|1|J+8WT9|1|H+8WT9|1|I,8WT7|1|F+8WT7|1|I+8WT7|1|J"
"NR_4.0_36522.2","8V1I|1|B","8V1I|1|B,8V1I|1|A,8K2Z|1|A,8K2Z|1|B"
"NR_4.0_70757.1","8K34|1|C","8K34|1|C"
"NR_4.0_68700.2","9I05|1|RD","9I05|1|RD,9G6K|1|lL"
"NR_4.0_51970.1","9G6K|1|lN+9G6K|1|l5+9G6K|1|lD","9G6K|1|lN+9G6K|1|l5+9G6K|1|lD"
"NR_4.0_49328.1","9G6K|1|lP","9G6K|1|lP"
"NR_4.0_72452.1","9G6K|1|lR","9G6K|1|lR"
"NR_4.0_03388.1","9M9E|1|I","9M9E|1|I"
"NR_4.0_68194.1","9G6K|1|lT","9G6K|1|lT"
"NR_4.0_69226.2","9MDS|1|A+9MDS|1|B+9MDS|1|C+9MDS|1|D","9MDS|1|A+9MDS|1|B+9MDS|1|C+9MDS|1|D,9MDS|1|E+9MDS|1|F+9MDS|1|G+9MDS|1|H"
"NR_4.0_03773.1","9G6K|1|lV","9G6K|1|lV"
"NR_4.0_60936.1","9MKT|1|B","9MKT|1|B"
"NR_4.0_57507.1","9G6K|1|lY","9G6K|1|lY"
"NR_4.0_23299.3","9G8N|1|X","9G8N|1|X"
"NR_4.0_88421.1","9NDP|1|2","9NDP|1|2,9MR4|1|2"
"NR_4.0_12464.2","9MTS|1|1x","9MTS|1|1x,9MTQ|1|1x,9MTP|1|1x,9MTQ|1|2x,9MTS|1|2x,9MTP|1|2x,9MTR|1|1x,9MTT|1|1x,9MTT|1|2x,9MTR|1|2x"
"NR_4.0_58206.1","9GAQ|1|C","9GAQ|1|C"
"NR_4.0_29240.3","9GAT|1|M","9GAT|1|M,9GAS|1|C"
"NR_4.0_92665.1","9MTY|1|C+9MTY|1|D+9MTY|1|E+9MTY|1|F+9MTY|1|G","9MTY|1|C+9MTY|1|D+9MTY|1|E+9MTY|1|F+9MTY|1|G"
"NR_4.0_40807.3","9GAT|1|O","9GAT|1|O,9GAS|1|D,9GAT|1|P"
"NR_4.0_97823.2","9MW6|1|B+9MW6|1|C","9MW6|1|B+9MW6|1|C,9MX5|1|B+9MX5|1|C,9MW8|1|B+9MW8|1|C"
"NR_4.0_71072.1","9MX3|1|B+9MX3|1|C","9MX3|1|B+9MX3|1|C"
"NR_4.0_43136.1","9N7B|1|L2","9N7B|1|L2,9N7A|1|L2"
"NR_4.0_63369.1","9N9Q|1|c+9N9Q|1|a+9N9Q|1|b","9N9Q|1|c+9N9Q|1|a+9N9Q|1|b,9N9C|1|c,9N9M|1|c+9N9M|1|a+9N9M|1|b,9N9O|1|c+9N9O|1|a+9N9O|1|b"
"NR_4.0_07247.1","9GAT|1|N","9GAT|1|N"
"NR_4.0_31238.1","9NA7|1|B","9NA7|1|B,9NA7|1|A,9NA1|1|B,9NA1|1|A"
"NR_4.0_78432.2","9GMS|1|E","9GMS|1|E,9GMT|1|E"
"NR_4.0_91183.1","9GMW|1|T","9GMW|1|T"
"NR_4.0_57346.1","9NAK|1|A","9NAK|1|A"
"NR_4.0_72921.1","9GS9|1|1+9GS9|1|2+9GS9|1|3","9GS9|1|1+9GS9|1|2+9GS9|1|3"
"NR_4.0_23330.1","9NAM|1|A","9NAM|1|A,9NAP|1|A"
"NR_4.0_81347.1","9NAS|1|A+9NAS|1|C","9NAS|1|A+9NAS|1|C,9NAS|1|B+9NAS|1|D"
"NR_4.0_15101.1","9NBH|1|B+9NBH|1|D","9NBH|1|B+9NBH|1|D,9NBH|1|A+9NBH|1|C,9NDD|1|C+9NDD|1|A,9NDD|1|D+9NDD|1|B,9NBC|1|A"
"NR_4.0_52091.1","9TI5|1|D","9TI5|1|D,9H0L|1|Y,9TI6|1|D,9GXX|1|Y,9TI9|1|D,9TI7|1|D"
"NR_4.0_10080.1","9GY4|1|G","9GY4|1|G"
"NR_4.0_08555.1","9NF8|1|C","9NF8|1|C"
"NR_4.0_08860.1","9NHC|1|C+9NHC|1|B","9NHC|1|C+9NHC|1|B"
"NR_4.0_18144.1","9NJF|1|M","9NJF|1|M"
"NR_4.0_04285.2","9H3G|1|C3","9H3G|1|C3,9H6I|1|C3,9HMW|1|C3,9HES|1|C3,9SCU|1|6"
"NR_4.0_17273.1","9NLN|1|C","9NLN|1|C,9NLN|1|R"
"NR_4.0_49540.2","9NLV|1|L","9NLV|1|L,9NLV|1|K,9NLV|1|I,9NLV|1|G,9NLV|1|J,9NLV|1|H,9NLX|1|H,9NLX|1|G,9NLX|1|I"
"NR_4.0_10020.1","9NO4|1|N","9NO4|1|N"
"NR_4.0_39274.1","9H3G|1|i2","9H3G|1|i2,9H6I|1|2,9HES|1|2,9HMW|1|i2"
"NR_4.0_54090.1","9NPU|1|T+9NPU|1|P+9NPU|1|D","9NPU|1|T+9NPU|1|P+9NPU|1|D"
"NR_4.0_97540.1","9NPY|1|i","9NPY|1|i"
"NR_4.0_35444.1","9H45|1|Q","9H45|1|Q"
"NR_4.0_85511.1","9ZNG|1|1","9ZNG|1|1,9ZNF|1|1,9NTA|1|BA,9ZNI|1|1,9NRI|1|BA,9O17|1|BA,9OU7|1|BA,9OU7|1|CA"
"NR_4.0_97544.1","9H90|1|a","9H90|1|a"
"NR_4.0_05565.1","9H91|1|B","9H91|1|B"
"NR_4.0_88518.1","9ZNG|1|2","9ZNG|1|2,9ZNF|1|2,9NTA|1|BB,9ZNI|1|2,9O17|1|BB,9NRI|1|BB,9OU7|1|CB,9OU7|1|BB"
"NR_4.0_50708.1","9HBV|1|N","9HBV|1|N"
"NR_4.0_21502.2","9HBW|1|Q","9HBW|1|Q,9HBW|1|P"
"NR_4.0_40955.1","9NUF|1|Z","9NUF|1|Z"
"NR_4.0_17480.2","9HBZ|1|I","9HBZ|1|I,9HBZ|1|F,9HBZ|1|J"
"NR_4.0_94554.1","9NYY|1|C","9NYY|1|C"
"NR_4.0_13580.1","9HBZ|1|K","9HBZ|1|K"
"NR_4.0_06283.1","9HFL|1|R","9HFL|1|R"
"NR_4.0_13877.1","9HIG|1|W","9HIG|1|W"
"NR_4.0_60200.1","9HIG|1|a","9HIG|1|a"
"NR_4.0_65118.1","9HL9|1|S3","9HL9|1|S3"
"NR_4.0_40786.1","9HLZ|1|t","9HLZ|1|t"
"NR_4.0_86360.1","9HM4|1|B+9HM4|1|C","9HM4|1|B+9HM4|1|C,9HM5|1|B+9HM5|1|C"
"NR_4.0_96898.1","9HM4|1|D","9HM4|1|D,9XWO|1|5"
"NR_4.0_71215.1","9HM5|1|D","9HM5|1|D"
"NR_4.0_98959.1","9HN7|1|C","9HN7|1|C"
"NR_4.0_23250.1","9HQV|1|SH","9HQV|1|SH"
"NR_4.0_98560.1","9HQV|1|SQ","9HQV|1|SQ"
"NR_4.0_79761.1","9HQV|1|TP","9HQV|1|TP"
"NR_4.0_44054.1","9HRF|1|A","9HRF|1|A,9HRG|1|D,9HRG|1|B,9HRG|1|C,9HRG|1|A,9HRD|1|A,9HRD|1|C,9HRD|1|B,9HRD|1|D"
"NR_4.0_48208.1","8ZHB|1|Ta","8ZHB|1|Ta"
"NR_4.0_16931.1","8ZHC|1|mR","8ZHC|1|mR"
"NR_4.0_27490.1","9HYM|1|X","9HYM|1|X"
"NR_4.0_53845.2","8ZMI|1|C","8ZMI|1|C,8ZMJ|1|C"
"NR_4.0_74554.1","9I05|1|RE","9I05|1|RE"
"NR_4.0_13351.3","9JXS|1|A+9JXS|1|M+9JXS|1|N","9JXS|1|A+9JXS|1|M+9JXS|1|N,8ZP7|1|A+8ZP7|1|M,8ZP9|1|A+8ZP9|1|M"
"NR_4.0_41794.1","9I05|1|RG+9I05|1|RA","9I05|1|RG+9I05|1|RA"
"NR_4.0_04850.1","9I05|1|RP","9I05|1|RP"
"NR_4.0_80448.1","9I05|1|Rg","9I05|1|Rg"
"NR_4.0_43131.1","8ZXF|1|Q","8ZXF|1|Q,8ZXF|1|R,8ZXE|1|Q,8ZXE|1|R"
"NR_4.0_11734.1","9S3B|1|CM","9S3B|1|CM,9S3C|1|CM,9S3D|1|CM,9I2D|1|CM,9QLQ|1|CM,9QLO|1|CM,9QLP|1|CM"
"NR_4.0_50912.3","9AR4|1|B+9AR4|1|C+9AR4|1|D+9AR4|1|P+9AR4|1|X","9AR4|1|B+9AR4|1|C+9AR4|1|D+9AR4|1|P+9AR4|1|X,9AR7|1|B+9AR7|1|C,9AR6|1|B+9AR6|1|P+9AR6|1|D,9BS6|1|B+9BS6|1|D+9BS6|1|C+9BS6|1|P"
"NR_4.0_61184.3","9ASI|1|R+9ASI|1|T","9ASI|1|R+9ASI|1|T,9ASH|1|R+9ASH|1|T"
"NR_4.0_25446.3","9ASM|1|E","9ASM|1|E,9ASQ|1|E"
"NR_4.0_24902.1","9ASN|1|E","9ASN|1|E"
"NR_4.0_36569.1","9ASP|1|E","9ASP|1|E"
"NR_4.0_38505.3","9AUS|1|R","9AUS|1|R,9AUS|1|C"
"NR_4.0_45897.2","9AVR|1|B","9AVR|1|B,9DTS|1|X,9DTS|1|Z"
"NR_4.0_18178.1","9I5T|1|A","9I5T|1|A,9I5V|1|A,9I5X|1|A"
"NR_4.0_52185.5","9AXU|1|3","9AXU|1|3,9PHC|1|B3,9AXT|1|B3,9AXV|1|B3,9RVU|1|B3"
"NR_4.0_57270.1","9I5V|1|a","9I5V|1|a,9I5X|1|a"
"NR_4.0_37203.1","9I8Y|1|E+9I8Y|1|C+9I8Y|1|D","9I8Y|1|E+9I8Y|1|C+9I8Y|1|D"
"NR_4.0_50499.1","9IAM|1|P","9IAM|1|P,9IAM|1|O,9IAM|1|Q,9IAM|1|T,9IAM|1|R,9IAJ|1|O,9IAJ|1|S,9IAJ|1|U,9IAJ|1|Q,9IAJ|1|P,9IAJ|1|T,9IAJ|1|R"
"NR_4.0_68854.1","9AXV|1|Sn","9AXV|1|Sn"
"NR_4.0_85152.2","9P8B|1|Pt","9P8B|1|Pt,9PBE|1|Pt,9P7O|1|Pt,9P72|1|Pt,9P7K|1|Pt,9P7Y|1|Pt,9P7N|1|Pt,9P6Z|1|Pt,9P73|1|AP,9P7X|1|Pt,9P7Y|1|At,9PA7|1|Pt,9P76|1|Pt,9P7L|1|Pt,9P7X|1|At,9B0S|1|Pt,9P7F|1|Pt,9P7G|1|Pt,9B0Q|1|AP,9P7W|1|Pt,9B0Q|1|aP,9P7H|1|Pt,9P7I|1|Pt,9P7F|1|At,9P7G|1|At,9B0S|1|aP,9P7J|1|Pt,9P7W|1|At,9P8I|1|Pt,9PKG|1|Pt"
"NR_4.0_19143.1","9IAK|1|R","9IAK|1|R,9IAK|1|P,9IAK|1|O,9IAK|1|U,9IAK|1|Q,9IAK|1|T,9IAL|1|P,9IAL|1|O"
"NR_4.0_02760.1","9IBC|1|RN","9IBC|1|RN"
"NR_4.0_34485.1","9IF1|1|AAA+9IF1|1|BBB","9IF1|1|AAA+9IF1|1|BBB"
"NR_4.0_10174.1","9IF8|1|RN","9IF8|1|RN"
"NR_4.0_43532.1","9IIY|1|B+9IIY|1|C","9IIY|1|B+9IIY|1|C"
"NR_4.0_71426.2","9B1X|1|X","9B1X|1|X,9B1W|1|X"
"NR_4.0_71225.4","9IJ3|1|B+9IJ3|1|C","9IJ3|1|B+9IJ3|1|C,9IJ4|1|B+9IJ4|1|C,9IJ5|1|B+9IJ5|1|C,9IJ1|1|B+9IJ1|1|C"
"NR_4.0_38399.2","9B1Y|1|4","9B1Y|1|4,9B24|1|4"
"NR_4.0_50213.1","9B2K|1|B+9B2K|1|A","9B2K|1|B+9B2K|1|A"
"NR_4.0_27653.3","9IMB|1|C","9IMB|1|C,9IMB|1|D"
"NR_4.0_60985.1","9B84|1|F","9B84|1|F"
"NR_4.0_40619.1","9IMM|1|R+9IMM|1|P","9IMM|1|R+9IMM|1|P"
"NR_4.0_25949.1","9BCT|1|7+9BCT|1|5+9BCT|1|6","9BCT|1|7+9BCT|1|5+9BCT|1|6"
"NR_4.0_04696.1","9IMM|1|Q","9IMM|1|Q"
"NR_4.0_69646.1","9BDP|1|MRNA","9BDP|1|MRNA"
"NR_4.0_34478.1","9BIH|1|G+9BIH|1|H","9BIH|1|G+9BIH|1|H"
"NR_4.0_17047.4","9DXL|1|A","9DXL|1|A,9BUN|1|A,9BUN|1|C,9BUN|1|B,9DXL|1|B,9BUN|1|D"
"NR_4.0_65795.87","9NO7|1|a","9NO7|1|a,4LFB|1|A,5WNV|1|A,4X65|1|A,4LF7|1|A,4LF8|1|A,4DR6|1|A,8VTW|1|1a,5WNT|1|A,4LF9|1|A,4JI1|1|A,4X64|1|A,8VTW|1|2a,4DUY|1|A,4LF6|1|A,4DR2|1|A,7RQB|1|1a,8FC5|1|1a,4Y4O|1|1a,9DFE|1|1a,4LF4|1|A,8FC6|1|1a,9DFE|1|2a,9DFC|1|1a,8FC5|1|2a,8FC2|1|1a,8FC6|1|2a,7DUI|1|A,4Y4O|1|2a,4JI7|1|A,4DV6|1|A,7RQB|1|2a,8G2C|1|1a,5FDV|1|2a,9D0J|1|1a,8UD7|1|1a,8FC1|1|1a,4X62|1|A,9DFC|1|2a,4DV7|1|A,5FDV|1|1a,8FC2|1|2a,8G2A|1|1a,5FDU|1|2a,5FDU|1|1a,9DFD|1|1a,8VTU|1|1a,4DR3|1|A,8VTY|1|1a,4DR5|1|A,8UD7|1|2a,7DUL|1|A,8G2A|1|2a,9O3K|1|1a,8FC3|1|1a,6CAE|1|1a,4KHP|1|A,8T8B|1|1a,4JI3|1|A,5HCQ|1|1a,4LFC|1|A,8VTU|1|2a,9DFD|1|2a,8G29|1|1a,4V9H|1|AA,5WNU|1|A,8G2C|1|2a,8UD6|1|1a,5WNP|1|A,8FC3|1|2a,6CFL|1|1a,8VTY|1|2a,4JI0|1|A,8VTX|1|1a,5HCQ|1|2a,8FC1|1|2a,8VTV|1|1a,7U2H|1|1a,7U2J|1|1a,7RQE|1|1a,9D0I|1|1a,8UVS|1|1a,4JI6|1|A,8T8B|1|2a,8UD8|1|1a,8G29|1|2a,9MTP|1|1a,8UVR|1|1a,6XHX|1|1a,9MTS|1|1a,9MTT|1|2a,9D0J|1|2a,8G2B|1|1a,6CAE|1|2a,5IBB|1|1G,9MTP|1|2a,4X66|1|A,8VTV|1|2a,4JYA|1|A,6CFK|1|1a,6CFL|1|2a,6MPF|1|A,9MTS|1|2a,8UD8|1|2a,5J4B|1|1a,7RQ8|1|1a,8VTX|1|2a,8EKB|1|1a,5IBB|1|13,9MTQ|1|2a,7U2J|1|2a,4LFA|1|A,8UD6|1|2a,4WSM|1|13,9D0H|1|1a,8G2B|1|2a,4WQ1|1|13,7RQE|1|2a,6XHX|1|2a,9MTT|1|1a,6XHY|1|1a,5DFE|1|XA,9O3K|1|2a,8EKB|1|2a,2UUC|1|A,9MTQ|1|1a,8EV7|1|1a,5W4K|1|1a,6CFK|1|2a,5IB7|1|13,4WSM|1|1G,6OF1|1|1a,4Z8C|1|1a,6MPI|1|A,6CAQ|1|A,9O3H|1|1a,4DR1|1|A,7U2H|1|2a,6CAP|1|A,9D0G|1|1a,4WQ1|1|1G,8T8C|1|1a,4JI8|1|A,9O3J|1|1a,4Z8C|1|2a,4WZD|1|1G,5J4B|1|2a,8UVR|1|2a,6CFJ|1|1a,4DV0|1|A,4WQR|1|13,7AZO|1|16SB,5J4C|1|1a,5J8B|1|a,5E81|1|13,5DFE|1|QA,6XHY|1|2a,7AZO|1|16SA,7RQC|1|1a,4WZD|1|13,8UVS|1|2a,9D7R|1|1a,9D7R|1|2a,8FC4|1|1a,5E81|1|1G,9D7T|1|1a,5WIS|1|1a,5HCR|1|1a,6OF1|1|2a,5EL7|1|13,4DV3|1|A,8EV7|1|2a,5IB7|1|1G,7U2I|1|1a,4DV5|1|A,9O3L|1|1a,4DV4|1|A,4WT8|1|Ab,9D7T|1|2a,8T8C|1|2a,5EL7|1|1G,4WQR|1|1G,6NY6|1|A,9MTR|1|2a,6XHW|1|1a,2UXC|1|A,6FKR|1|1a,9D7S|1|1a,4WSD|1|13,5IB8|1|13,5HCR|1|2a,5W4K|1|2a,6ND5|1|1a,6CFJ|1|2a,8FC4|1|2a,7RQC|1|2a,2UUA|1|A,7RQ8|1|2a,9MTR|1|1a,4Z3S|1|1a,5J4C|1|2a,4WPO|1|BA,7MD7|1|1a,5IWA|1|A,8EV6|1|1a,4NXN|1|A,6FKR|1|2a,9D7S|1|2a,6XHV|1|1a,5EL6|1|13,6QNR|1|13,4K0K|1|A,4V8I|1|AA,2VQF|1|A,5NDK|1|1G,1VY4|1|AA,4JI2|1|A,5IB8|1|1G,4GKJ|1|A,5EL6|1|1G,5HCP|1|1a,9D0I|1|2a,8CVK|1|1a,4WT8|1|Bb,7RQD|1|1a,5HD1|1|1a,6QNR|1|1G,8G2D|1|1a,7V2P|1|A,5NDK|1|13,4GKK|1|A,4LNT|1|XA,4W2I|1|AA,6MKN|1|A,4LF5|1|A,4DR4|1|A,4V5F|1|CA,6O97|1|1a,7U2I|1|2a,4JI4|1|A,4Z3S|1|2a,5EL4|1|13,4W2I|1|CA,4WPO|1|DA,5HCP|1|2a,6XHW|1|2a,4LNT|1|QA,5WIS|1|2a,6XHV|1|2a,9O3J|1|2a,5HAU|1|1a,9B00|1|1a,4W4G|1|XA,9O3H|1|2a,6ND5|1|2a,9O3I|1|1a,7RQD|1|2a,1FJG|1|A,2UU9|1|A,8EV6|1|2a,5HAU|1|2a,4W2G|1|AA,6QNQ|1|13,8CVK|1|2a,7MD7|1|2a,4DV1|1|A,4DUZ|1|A,2VQE|1|A,5HD1|1|2a,10PX|1|1a,5EL4|1|1G,4V5R|1|AA,4WSD|1|1G,4W4G|1|QA,4V5F|1|AA,4Y4P|1|1a,5WNQ|1|A,5WNS|1|A,4JI5|1|A,4V5R|1|CA,9D0G|1|2a,4V7M|1|AA,5WIT|1|1a,4DV2|1|A,4WT1|1|13,6QNQ|1|1G,8G2D|1|2a,5DOY|1|1a,4NXM|1|A,8CVJ|1|1a,4JV5|1|A,9O3L|1|2a,9D0H|1|2a,7V2Q|1|A,5VP2|1|1a,4YZV|1|XA,4V7J|1|Aa,6O97|1|2a,4W2G|1|CA,4V7J|1|Ba,4V6G|1|CA,4V8D|1|AA,5DOY|1|2a,4V8I|1|CA,7RQA|1|1a,1IBL|1|A,4V95|1|AA,6XQD|1|2a,7RQA|1|2a,6XQD|1|1a,7V2L|1|A,4W2H|1|AA,4W2H|1|CA,5E7K|1|13,5E7K|1|1G,6DTI|1|A,4WRA|1|13,4ZER|1|1a,7JQM|1|1a,4ZER|1|2a,4W2F|1|AA,4V6G|1|AA,4WRA|1|1G,7RQ9|1|1a,4WU1|1|13,4WR6|1|13,4YZV|1|QA,4WU1|1|1G,5WIT|1|2a,1VY4|1|CA,8CVL|1|1a,9B00|1|2a,4V8D|1|CA,4V95|1|CA,6C5L|1|CA,4Y4P|1|2a,8CVJ|1|2a,6C5L|1|AA,4W2E|1|a,4WR6|1|1G,4WT1|1|1G,1HNW|1|A,4YPB|1|XA,5EL5|1|13,4ZSN|1|XA,4V5J|1|CA,6UO1|1|1a,7RQ9|1|2a,1VY5|1|AA,6ND6|1|1a,5VP2|1|2a,1XMQ|1|A,8CVL|1|2a,4WQU|1|BA,4V9S|1|AA,4YPB|1|QA,6UO1|1|2a,4V5J|1|AA,4ZSN|1|QA,5V8I|1|1a,4V9B|1|CA,4W2F|1|CA,7JQM|1|2a,4V9B|1|AA,9O3I|1|2a,10PX|1|2a,4V9S|1|CA,5NDJ|1|1G,4V5P|1|CA,4WQF|1|BA,4V9R|1|AA,4V7K|1|Ba,4L47|1|QA,1XNR|1|A,4V9R|1|CA,4L47|1|XA,5NDJ|1|13,4V8B|1|AA,8WRC|1|A,4V5Q|1|AA,4TUD|1|QA,6ND6|1|2a,4V5C|1|AA,4V7K|1|Aa,4V5L|1|AA,1VY7|1|AA,7JQL|1|1a,4V5P|1|AA,1HR0|1|A,7V2M|1|A,4TUA|1|XA,1IBM|1|A,4V7M|1|CA,1HNZ|1|A,4V5S|1|AA,6CAO|1|A,5V8I|1|2a,4V8B|1|CA,4WQF|1|DA,1VY6|1|AA,5EL5|1|1G,4TUC|1|XA,4WZO|1|1G,4TUD|1|XA,4V5D|1|AA,4TUA|1|QA,7JQL|1|2a,4WZO|1|13,4P6F|1|XA,1VY5|1|CA,4TUE|1|QA,4V8Q|1|BA,4WRO|1|13,4V5K|1|AA,4WQU|1|DA,4TUE|1|XA,6CAR|1|A,4DR7|1|A,1N32|1|A,4V5E|1|CA,6CAS|1|A,4V5Q|1|CA,6GSK|1|13,1VY6|1|CA,6GSK|1|1G,3OTO|1|A,4P6F|1|QA,5F8K|1|1a,4WQY|1|BA,7V2O|1|A,1XNQ|1|A,4V5S|1|CA,4V5D|1|CA,6GZQ|1|A2,4V5C|1|CA,4V51|1|AA,7AZS|1|16SA,4YY3|1|A,1IBK|1|A,4V5E|1|AA,4TUB|1|XA,4TUC|1|QA,4TUB|1|QA,3T1H|1|A,5F8K|1|2a,3T1Y|1|A,4V87|1|BA,1VY7|1|CA,4V51|1|CA,4LSK|1|XA,4V83|1|AA,4V6F|1|CA,4WRO|1|1G,4V8G|1|CA,4LT8|1|XA,6XQE|1|1a,4V87|1|CA,4LT8|1|QA,7AZS|1|16SB,4V6F|1|BA,4WQY|1|DA,4V8C|1|DA,6N9F|1|2a,6N9E|1|2a,6XQE|1|2a,2UXB|1|A,4LSK|1|QA,7LH5|1|CA,4V8H|1|AA,4V8C|1|CA,4V97|1|AA,5CZP|1|XA,5ZLU|1|G,4V9A|1|AA,6N9F|1|1a,4YHH|1|A,4V97|1|CA,5CZP|1|QA,6N9E|1|1a,5VPO|1|XA,7V2N|1|A,4V9I|1|AA,4V8H|1|CA,4V9Q|1|BA,1VVJ|1|XA,4V8E|1|DA,5VPO|1|QA,5WNR|1|A,4V8E|1|BA,4V9K|1|AA,4V9K|1|CA,6Q95|1|2,4V9I|1|CA,4V83|1|CA,7LH5|1|AA,4OX9|1|A,5UQ8|1|a+5UQ8|1|x,1VVJ|1|QA,4V7L|1|AA,1HNX|1|A,4V90|1|AA,2HHH|1|A,4V9A|1|CA,4V8A|1|DA,4P70|1|QA,6B4V|1|EB,6B4V|1|A,4V8F|1|CA,6N1D|1|A16S,4XEJ|1|A16S,4V9Q|1|DA,4L71|1|XA,4V8A|1|CA,4P70|1|XA,4V67|1|AA,6N1D|1|B16S,6UCQ|1|1a,4L71|1|QA,4LFZ|1|XA,4XEJ|1|B16S,2UXD|1|A,4V7L|1|CA,4V8F|1|BA,5DOX|1|2a,4LFZ|1|QA,4V7P|1|AA,4V7P|1|DA,5LMN|1|A,1N33|1|A,4V8G|1|AA,4V8J|1|CA,4V8J|1|AA,5DOX|1|1a,5D8B|1|UC,6UCQ|1|2a,4V63|1|AA,4V67|1|CA,4V7Y|1|CA,4V7Y|1|AA,4LEL|1|XA,4V9L|1|AA,4V5K|1|CA,4V63|1|CA,4V9L|1|CA,4V9M|1|AA,5D8B|1|YC,1XMO|1|A,4LEL|1|QA,4V9M|1|CA,5OT7|1|1,4V84|1|AA,4V4J|1|y,4V5G|1|CA,4V5G|1|AA,4V84|1|CA,4V7X|1|CA,4V7W|1|CA,4V7X|1|AA,5UQ7|1|a+5UQ7|1|x,4V7W|1|AA,5LMU|1|A,4V4I|1|y,4V5A|1|AA,4V7Z|1|AA,4V7Z|1|CA,4V5A|1|CA,2E5L|1|A,1N36|1|A,1N34|1|A,4V8O|1|AA,5IMQ|1|A,2ZM6|1|A,2UUB|1|A,4B3M|1|A,4B3T|1|A,4B3R|1|A,6GSJ|1|1G,6GSJ|1|13,4B3S|1|A,5BR8|1|A,5J4D|1|A,5J4D|1|FB,1J5E|1|A,4V8X|1|AA,4AQY|1|A,4V6A|1|CA,4V6A|1|AA,4V8U|1|AA,4V8X|1|CA,4V8U|1|CA,4V8N|1|AA,4V9N|1|AA,4V8N|1|CA,4V9N|1|CA,4V9J|1|AA,4V9J|1|CA,7DUK|1|A,6GSL|1|1G,6GSL|1|13,7DUH|1|A,7DUG|1|A,7DUJ|1|A,6BOK|1|DB,6BOK|1|A,6BOH|1|A,6BOH|1|FB,5VPP|1|QA,5VPP|1|XA,5J3C|1|XA,6ORD|1|QA,5J3C|1|QA,6ORD|1|XA,6OPE|1|XA,6OTR|1|QA,6OTR|1|XA,6OPE|1|QA,6NTA|1|QA,6BZ6|1|XA,5J30|1|XA,6NTA|1|XA,6OJ2|1|QA,6BZ6|1|QA,6OJ2|1|XA,5J30|1|QA,6OXA|1|QA,6OF6|1|XA,6OF6|1|QA,6NUO|1|QA,1FKA|1|A,6OXA|1|XA,6NUO|1|XA,6NSH|1|QA,6OXI|1|XA,6NSH|1|XA,6OXI|1|QA,6NWY|1|XA,8FOM|1|XA,6NWY|1|QA,8FOM|1|QA,6BUW|1|XA,6BUW|1|QA,8FON|1|XA,8FON|1|QA,6NDK|1|XA,6BZ8|1|QA,6BZ8|1|XA,6BZ7|1|QA,6BZ7|1|XA,6NDK|1|QA,6O3M|1|QA,6O3M|1|XA,1I94|1|A,2F4V|1|A"
"NR_4.0_46156.2","9BUQ|1|S9","9BUQ|1|S9,9BUP|1|S8,9BUT|1|S9"
"NR_4.0_24528.1","9IRI|1|M","9IRI|1|M"
"NR_4.0_99465.1","9BUQ|1|mR","9BUQ|1|mR"
"NR_4.0_99247.2","9MM6|1|A+9MM6|1|E+9MM6|1|I+9MM6|1|M","9MM6|1|A+9MM6|1|E+9MM6|1|I+9MM6|1|M,9MM6|1|Q+9MM6|1|U+9MM6|1|Y+9MM6|1|c,9J3T|1|A+9J3T|1|C+9J3T|1|D+9J3T|1|B,9J3T|1|E+9J3T|1|F+9J3T|1|G+9J3T|1|H,9ISV|1|A,9MMG|1|c"
"NR_4.0_27610.3","9BZC|1|A","9BZC|1|A,9BZ1|1|B,9BZ1|1|A"
"NR_4.0_77283.2","9IWF|1|B","9IWF|1|B,9IWF|1|A,9IWG|1|A,9IWG|1|B"
"NR_4.0_40880.1","9IZM|1|B","9IZM|1|B"
"NR_4.0_78557.1","9C2K|1|R","9C2K|1|R"
"NR_4.0_25621.1","9C3I|1|A","9C3I|1|A"
"NR_4.0_62509.1","9J5P|1|A","9J5P|1|A"
"NR_4.0_28938.1","9C6K|1|X","9C6K|1|X"
"NR_4.0_64588.1","9M78|1|A+9M78|1|B+9M78|1|C","9M78|1|A+9M78|1|B+9M78|1|C,9M78|1|D+9M78|1|E+9M78|1|F,9M79|1|A,9LE6|1|B,9LE6|1|E,9LE6|1|D,9LE6|1|C,9LE6|1|A,9LE6|1|F,9LE3|1|B,9LE3|1|E,9LE3|1|D,9LE3|1|C,9LE3|1|A,9LE3|1|F,9LE5|1|A,9J6Y|1|F,9J6Y|1|C,9J6Y|1|A,9J6Y|1|B,9J6Y|1|D,9J6Y|1|E"
"NR_4.0_33956.1","9C7B|1|B","9C7B|1|B"
"NR_4.0_28476.1","9CAG|1|E","9CAG|1|E"
"NR_4.0_92404.1","9CDB|1|I","9CDB|1|I"
"NR_4.0_69485.3","9CES|1|W+9CES|1|T+9CES|1|N","9CES|1|W+9CES|1|T+9CES|1|N,9CET|1|W+9CET|1|N+9CET|1|T"
"NR_4.0_58945.3","9CEY|1|W+9CEY|1|N+9CEY|1|T","9CEY|1|W+9CEY|1|N+9CEY|1|T,9CEZ|1|W+9CEZ|1|N+9CEZ|1|T,9CEW|1|W+9CEW|1|N+9CEW|1|T,9CEU|1|W+9CEU|1|N+9CEU|1|T,9CEX|1|W+9CEX|1|N+9CEX|1|T,9CEV|1|W+9CEV|1|N+9CEV|1|T"
"NR_4.0_22191.1","9CF0|1|W+9CF0|1|N+9CF0|1|T","9CF0|1|W+9CF0|1|N+9CF0|1|T"
"NR_4.0_47831.1","9CF2|1|W+9CF2|1|N+9CF2|1|T","9CF2|1|W+9CF2|1|N+9CF2|1|T"
"NR_4.0_94287.2","9CFN|1|B","9CFN|1|B,9CFN|1|A"
"NR_4.0_78182.2","9J89|1|B+9J89|1|C","9J89|1|B+9J89|1|C,9J89|1|E+9J89|1|G"
"NR_4.0_04103.2","9CG6|1|X","9CG6|1|X,9CG5|1|X"
"NR_4.0_85558.1","9J9E|1|B+9J9E|1|A","9J9E|1|B+9J9E|1|A"
"NR_4.0_28056.3","9CJJ|1|B","9CJJ|1|B,9CJI|1|B,9CJH|1|B"
"NR_4.0_05552.1","9JFP|1|F+9JFP|1|C+9JFP|1|D","9JFP|1|F+9JFP|1|C+9JFP|1|D,9JFO|1|F+9JFO|1|C+9JFO|1|D,9JFQ|1|F+9JFQ|1|C+9JFQ|1|G"
"NR_4.0_95221.1","9CRP|1|S+9CRP|1|M","9CRP|1|S+9CRP|1|M,9CP1|1|S+9CP1|1|M,9CP3|1|S+9CP3|1|M,9CP2|1|S+9CP2|1|M,9CRQ|1|S+9CRQ|1|M,9CRO|1|S"
"NR_4.0_61386.1","9CPO|1|T+9CPO|1|P","9CPO|1|T+9CPO|1|P"
"NR_4.0_57849.1","9CSR|1|A","9CSR|1|A"
"NR_4.0_62909.1","9JHC|1|R","9JHC|1|R"
"NR_4.0_95250.1","9CY7|1|C","9CY7|1|C"
"NR_4.0_64643.1","9JL3|1|B","9JL3|1|B"
"NR_4.0_40158.1","9D9O|1|R","9D9O|1|R"
"NR_4.0_82354.1","9JPG|1|I","9JPG|1|I"
"NR_4.0_49688.1","9DCH|1|G","9DCH|1|G"
"NR_4.0_37329.1","9JSB|1|G","9JSB|1|G"
"NR_4.0_11526.1","9JSP|1|G+9JSP|1|T","9JSP|1|G+9JSP|1|T"
"NR_4.0_73845.1","9JWN|1|B+9JWN|1|C+9JWN|1|D","9JWN|1|B+9JWN|1|C+9JWN|1|D"
"NR_4.0_97546.1","9K1O|1|G+9K1O|1|H","9K1O|1|G+9K1O|1|H"
"NR_4.0_98836.1","9K1R|1|G+9K1R|1|H","9K1R|1|G+9K1R|1|H"
"NR_4.0_13920.1","9K30|1|B+9K30|1|C+9K30|1|D","9K30|1|B+9K30|1|C+9K30|1|D"
"NR_4.0_78317.1","9K32|1|B+9K32|1|C+9K32|1|D","9K32|1|B+9K32|1|C+9K32|1|D"
"NR_4.0_00681.1","9K4F|1|D+9K4F|1|B+9K4F|1|C","9K4F|1|D+9K4F|1|B+9K4F|1|C,9K4D|1|D+9K4D|1|B+9K4D|1|C,9K4E|1|D,9W7Q|1|D+9W7Q|1|B+9W7Q|1|C,9K4H|1|D+9K4H|1|B+9K4H|1|C,9W7V|1|D+9W7V|1|B+9W7V|1|C,9W7T|1|D+9W7T|1|B+9W7T|1|C,9WAW|1|D+9WAW|1|B+9WAW|1|C,9K4C|1|D+9K4C|1|B+9K4C|1|C,9W7U|1|D+9W7U|1|B+9W7U|1|C"
"NR_4.0_85544.2","9DTS|1|Y","9DTS|1|Y,9DTS|1|W"
"NR_4.0_54491.1","9DTT|1|B","9DTT|1|B"
"NR_4.0_42177.3","9E6Q|1|1","9E6Q|1|1,9E71|1|1,9E7F|1|1"
"NR_4.0_05931.1","9K6H|1|E+9K6H|1|D","9K6H|1|E+9K6H|1|D,9K6I|1|F+9K6I|1|D,9K6G|1|F+9K6G|1|D"
"NR_4.0_07029.1","9K6Q|1|B+9K6Q|1|C","9K6Q|1|B+9K6Q|1|C"
"NR_4.0_26765.3","9E71|1|4","9E71|1|4,9E7F|1|4"
"NR_4.0_14037.1","9K6S|1|B+9K6S|1|C","9K6S|1|B+9K6S|1|C"
"NR_4.0_76336.1","9E73|1|A","9E73|1|A,9ELY|1|A"
"NR_4.0_73309.1","9K8O|1|B+9K8O|1|A","9K8O|1|B+9K8O|1|A"
"NR_4.0_84784.1","9E74|1|A","9E74|1|A"
"NR_4.0_04239.1","9K8O|1|F+9K8O|1|E","9K8O|1|F+9K8O|1|E"
"NR_4.0_01224.2","9E7E|1|C","9E7E|1|C,9E7E|1|F,9E7E|1|R,9E7D|1|R,9E7E|1|O,9E7D|1|C"
"NR_4.0_56347.1","9K8P|1|A","9K8P|1|A"
"NR_4.0_11702.1","9K9G|1|A","9K9G|1|A,9K9H|1|A,9K9K|1|A,9K9J|1|A"
"NR_4.0_04037.1","9E8Z|1|J","9E8Z|1|J"
"NR_4.0_87434.1","9KBY|1|B","9KBY|1|B"
"NR_4.0_19974.1","9KDT|1|S7","9KDT|1|S7,9KDU|1|S7,9KDW|1|S7,9KDV|1|S7"
"NR_4.0_76443.1","9KDU|1|Sx","9KDU|1|Sx"
"NR_4.0_03508.2","9KLO|1|B+9KLO|1|C+9KLO|1|D","9KLO|1|B+9KLO|1|C+9KLO|1|D,9KLN|1|B+9KLN|1|C+9KLN|1|D,9KLP|1|B+9KLP|1|C+9KLP|1|D,9KLQ|1|B+9KLQ|1|C+9KLQ|1|D"
"NR_4.0_30325.2","9UA2|1|B","9UA2|1|B,9KO9|1|B,9KOR|1|B+9KOR|1|D"
"NR_4.0_73603.1","9KPO|1|A+9KPO|1|B","9KPO|1|A+9KPO|1|B"
"NR_4.0_54285.1","9EC3|1|X","9EC3|1|X"
"NR_4.0_03576.1","9L09|1|I+9L09|1|J","9L09|1|I+9L09|1|J"
"NR_4.0_40634.1","9ECC|1|B","9ECC|1|B"
"NR_4.0_76709.1","9ECE|1|B+9ECE|1|C","9ECE|1|B+9ECE|1|C"
"NR_4.0_23230.1","9EHO|1|5+9EHO|1|8","9EHO|1|5+9EHO|1|8"
"NR_4.0_62401.1","9EHO|1|AA","9EHO|1|AA"
"NR_4.0_18904.1","9GYT|1|1","9GYT|1|1,9EVS|1|1"
"NR_4.0_23524.2","9GYT|1|2","9GYT|1|2,9EVT|1|2,9EVS|1|2"
"NR_4.0_31659.4","9EY2|1|T","9EY2|1|T,9EY0|1|T,9GCH|1|T"
"NR_4.0_14295.3","9F1D|1|AH","9F1D|1|AH,9F1B|1|AH,9F1C|1|AH"
"NR_4.0_38786.2","9L5R|1|5","9L5R|1|5,9L5S|1|5,9L5T|1|5"
"NR_4.0_79531.3","9F1U|1|X+9F1U|1|Z","9F1U|1|X+9F1U|1|Z"
"NR_4.0_34270.1","9F67|1|A","9F67|1|A"
"NR_4.0_34435.1","9L5Y|1|D","9L5Y|1|D,9L5Y|1|F"
"NR_4.0_26872.1","9FCV|1|B","9FCV|1|B"
"NR_4.0_77574.2","9L6X|1|D","9L6X|1|D,9L6X|1|B"
"NR_4.0_11717.2","9L6Y|1|B","9L6Y|1|B,9L6Y|1|D"
"NR_4.0_59967.1","9L7C|1|V","9L7C|1|V,9L7D|1|V"
"NR_4.0_71235.1","9L7P|1|K","9L7P|1|K,9L7P|1|I"
"NR_4.0_92892.1","9L8F|1|U","9L8F|1|U"
"NR_4.0_34317.2","9L94|1|0","9L94|1|0,9L9K|1|0,9L95|1|0,9L9V|1|0,9L98|1|0,9L96|1|0,9L9J|1|0,9L9C|1|0"
"NR_4.0_80614.1","9FI8|1|hB","9FI8|1|hB"
"NR_4.0_65418.1","9FI8|1|hG+9FI8|1|bN","9FI8|1|hG+9FI8|1|bN"
"NR_4.0_72450.1","9FI8|1|hM","9FI8|1|hM"
"NR_4.0_02585.1","9FI8|1|hS","9FI8|1|hS"
"NR_4.0_17820.2","9L94|1|1","9L94|1|1,9L9K|1|1,9L95|1|9,9L98|1|9,9L9V|1|9,9L96|1|9,9L9J|1|1,9L9C|1|1"
"NR_4.0_00436.1","9FIA|1|b4","9FIA|1|b4"
"NR_4.0_26486.1","9FIA|1|bJ","9FIA|1|bJ"
"NR_4.0_76884.2","9HQV|1|SF+9HQV|1|SU+9HQV|1|SJ+9HQV|1|SA+9HQV|1|SE+9HQV|1|SK+9HQV|1|SM+9HQV|1|SI+9HQV|1|SD+9HQV|1|SR","9HQV|1|SF+9HQV|1|SU+9HQV|1|SJ+9HQV|1|SA+9HQV|1|SE+9HQV|1|SK+9HQV|1|SM+9HQV|1|SI+9HQV|1|SD+9HQV|1|SR,9FIA|1|bO+9FIA|1|bE+9FIA|1|bA"
"NR_4.0_50581.1","9FIA|1|bP","9FIA|1|bP"
"NR_4.0_32134.1","9LCK|1|E+9LCK|1|D","9LCK|1|E+9LCK|1|D"
"NR_4.0_53712.1","9FIA|1|bR+9FIA|1|bD","9FIA|1|bR+9FIA|1|bD"
"NR_4.0_90230.1","9LGI|1|B+9LGI|1|C+9LGI|1|D","9LGI|1|B+9LGI|1|C+9LGI|1|D"
"NR_4.0_44627.1","9FIA|1|bT+9FIA|1|bN+9FIA|1|b2","9FIA|1|bT+9FIA|1|bN+9FIA|1|b2"
"NR_4.0_29232.1","9FIA|1|bY","9FIA|1|bY"
"NR_4.0_88648.1","9FMD|1|EX","9FMD|1|EX"
"NR_4.0_36748.1","9LKF|1|A","9LKF|1|A,9LKC|1|A,9LJN|1|A,9LMC|1|A,9LMC|1|B"
"NR_4.0_15415.3","9FPZ|1|8","9FPZ|1|8"
"NR_4.0_23020.1","9FS8|1|5","9FS8|1|5"
"NR_4.0_86876.1","9LJT|1|T","9LJT|1|T"
"NR_4.0_20170.3","9FVD|1|S","9FVD|1|S,9FVD|1|R,9FVD|1|U,9FVD|1|T,9FVD|1|Q"
"NR_4.0_47805.1","9LJW|1|T+9LJW|1|C","9LJW|1|T+9LJW|1|C"
"NR_4.0_63374.1","9UW0|1|X","9UW0|1|X,9LKW|1|X,9LKU|1|X"
"NR_4.0_04890.1","9FY2|1|v","9FY2|1|v,9FY1|1|v,9FY3|1|v"
"NR_4.0_80848.1","9LM3|1|C+9LM3|1|B","9LM3|1|C+9LM3|1|B,9LM3|1|G+9LM3|1|F,9LM3|1|K+9LM3|1|J"
"NR_4.0_32153.1","9G1Z|1|10","9G1Z|1|10"
"NR_4.0_21616.1","9LM3|1|H","9LM3|1|H"
"NR_4.0_24285.1","9LOU|1|X+9LOU|1|Y","9LOU|1|X+9LOU|1|Y"
"NR_4.0_25197.1","9LPA|1|O","9LPA|1|O,9LPA|1|K,9LPA|1|G,9LPA|1|C,9LP9|1|O,9LP9|1|K,9LP9|1|G,9LP9|1|C"
"NR_4.0_92502.1","9G4P|1|A+9G4P|1|B","9G4P|1|A+9G4P|1|B"
"NR_4.0_94151.1","9G6K|1|l0","9G6K|1|l0"
"NR_4.0_61119.1","9LQ7|1|J+9LQ7|1|K","9LQ7|1|J+9LQ7|1|K,9LQ6|1|J+9LQ6|1|K,9LQ8|1|J+9LQ8|1|K,9LQ5|1|J"
"NR_4.0_87984.1","9G6K|1|l6+9G6K|1|lX","9G6K|1|l6+9G6K|1|lX"
"NR_4.0_06258.1","9G6K|1|lA+9G6K|1|l4+9G6K|1|l3+9G6K|1|l9","9G6K|1|lA+9G6K|1|l4+9G6K|1|l3+9G6K|1|l9"
"NR_4.0_02021.1","9LRI|1|C","9LRI|1|C"
"NR_4.0_65913.1","9G6K|1|lC","9G6K|1|lC"
"NR_4.0_97662.1","9LUV|1|D","9LUV|1|D,9LUV|1|C"
"NR_4.0_95767.2","9I05|1|Rd+9I05|1|Rh+9I05|1|Rf","9I05|1|Rd+9I05|1|Rh+9I05|1|Rf,9G6K|1|lF"
"NR_4.0_55059.1","9LZT|1|A","9LZT|1|A"
"NR_4.0_07737.2","9I05|1|RO","9I05|1|RO,9G6K|1|lG"
"NR_4.0_01699.1","9M30|1|B","9M30|1|B"
"NR_4.0_74811.2","9I05|1|Rb","9I05|1|Rb,9G6K|1|lH"
"NR_4.0_38112.1","9M33|1|B+9M33|1|C","9M33|1|B+9M33|1|C,9M34|1|B+9M34|1|C"
"NR_4.0_64413.2","9I05|1|RX+9I05|1|Rc+9I05|1|RL+9I05|1|RM+9I05|1|RQ+9I05|1|RJ+9I05|1|RS+9I05|1|RY+9I05|1|RW","9I05|1|RX+9I05|1|Rc+9I05|1|RL+9I05|1|RM+9I05|1|RQ+9I05|1|RJ+9I05|1|RS+9I05|1|RY+9I05|1|RW,9G6K|1|lJ+9G6K|1|lM+9G6K|1|l4+9G6K|1|l3+9G6K|1|l9+9G6K|1|lI"
"NR_4.0_91984.1","9M48|1|G+9M48|1|H","9M48|1|G+9M48|1|H,9M49|1|I+9M49|1|J,9M49|1|G+9M49|1|H"
"NR_4.0_02089.1","4G9Z|1|E+4G9Z|1|F","4G9Z|1|E+4G9Z|1|F"
"NR_4.0_46382.1","9W3V|1|H","9W3V|1|H,9W3V|1|E,9W3V|1|G,9W3V|1|F"
"NR_4.0_29830.2","4K4Z|1|J+4K4Z|1|K+4K4Z|1|L","4K4Z|1|J+4K4Z|1|K+4K4Z|1|L,4K4Z|1|N+4K4Z|1|O,4K4Z|1|F+4K4Z|1|G+4K4Z|1|H,4K4X|1|J+4K4X|1|K,4K4Z|1|B+4K4Z|1|C,4K4X|1|B+4K4X|1|C,4K4X|1|F+4K4X|1|G,4K4X|1|N+4K4X|1|O"
"NR_4.0_83760.1","4GHL|1|E+4GHL|1|F","4GHL|1|E+4GHL|1|F"
"NR_4.0_79001.1","9W3W|1|2","9W3W|1|2,9W3W|1|3,9W3W|1|1"
"NR_4.0_61316.1","4GKK|1|W","4GKK|1|W"
"NR_4.0_51944.3","4GL2|1|C+4GL2|1|D","4GL2|1|C+4GL2|1|D,4GL2|1|E+4GL2|1|F"
"NR_4.0_21354.1","9W4R|1|C","9W4R|1|C,9W4S|1|C"
"NR_4.0_36788.2","4GMA|1|Z","4GMA|1|Z"
"NR_4.0_66711.2","4K4Z|1|D","4K4Z|1|D,4K4X|1|D,4K4X|1|L,4K4X|1|P"
"NR_4.0_91991.1","9W5I|1|E+9W5I|1|F","9W5I|1|E+9W5I|1|F"
"NR_4.0_36514.1","4GXY|1|A","4GXY|1|A"
"NR_4.0_72733.1","4K4X|1|H","4K4X|1|H"
"NR_4.0_78533.1","9W9G|1|R","9W9G|1|R,9W9F|1|R,9W9F|1|S"
"NR_4.0_80398.1","9WN8|1|C","9WN8|1|C"
"NR_4.0_31525.1","9WXH|1|E+9WXH|1|A","9WXH|1|E+9WXH|1|A"
"NR_4.0_03341.1","4HOR|1|X","4HOR|1|X"
"NR_4.0_65859.1","9WXJ|1|E+9WXJ|1|A","9WXJ|1|E+9WXJ|1|A"
"NR_4.0_43542.1","4HOT|1|X","4HOT|1|X"
"NR_4.0_53918.1","9XD5|1|C","9XD5|1|C,9XE9|1|B,9XE7|1|B,9XE6|1|B,9XEC|1|B"
"NR_4.0_55642.1","4KQ0|1|B+4KQ0|1|E","4KQ0|1|B+4KQ0|1|E"
"NR_4.0_12137.1","4I67|1|B","4I67|1|B"
"NR_4.0_06496.3","5E6M|1|C","5E6M|1|C,5E6M|1|E,4KR3|1|C,4KR2|1|C"
"NR_4.0_30547.1","4II9|1|C","4II9|1|C"
"NR_4.0_52747.1","4KR6|1|C","4KR6|1|C"
"NR_4.0_57443.3","4KR7|1|M","4KR7|1|M,4KR9|1|M"
"NR_4.0_51956.1","9XE7|1|C+9XE7|1|D","9XE7|1|C+9XE7|1|D,9XE6|1|C+9XE6|1|D"
"NR_4.0_73600.1","4IJS|1|H","4IJS|1|H"
"NR_4.0_87561.3","4KR9|1|X","4KR9|1|X,4KR7|1|X"
"NR_4.0_68989.1","9XE7|1|F","9XE7|1|F,9XE6|1|F"
"NR_4.0_79645.1","4KRE|1|R","4KRE|1|R"
"NR_4.0_78690.1","9XE9|1|C+9XE9|1|D","9XE9|1|C+9XE9|1|D"
"NR_4.0_24161.1","4KXT|1|B","4KXT|1|B"
"NR_4.0_80942.1","9XTT|1|0","9XTT|1|0"
"NR_4.0_45626.1","4KZ2|1|B+4KZ2|1|A+4KZ2|1|C","4KZ2|1|B+4KZ2|1|A+4KZ2|1|C"
"NR_4.0_50107.1","9XZF|1|D","9XZF|1|D"
"NR_4.0_51539.1","9Y4G|1|Dd","9Y4G|1|Dd"
"NR_4.0_02421.1","9YBN|1|B","9YBN|1|B"
"NR_4.0_93859.3","4J39|1|B","4J39|1|B,4J5V|1|B"
"NR_4.0_85159.1","9YCK|1|C","9YCK|1|C,9YCL|1|F,9YCL|1|C"
"NR_4.0_42970.1","4J7M|1|B","4J7M|1|B,9R81|1|Cf,9R81|1|Cp,9R81|1|Ct,9R81|1|Bt,9R81|1|Cd,9R81|1|Cr,9R81|1|Al,9R81|1|Av,9R7R|1|Cb,9R81|1|Bx,9R81|1|Bh,9R81|1|Cb,9R81|1|Ax,9R81|1|Bf,9R81|1|Az,9R81|1|Bd,9R81|1|Aj,9R7R|1|Bz,9R81|1|Ad,9R7R|1|An,9R81|1|Ah,9R81|1|Br,9R7R|1|Bj,9R81|1|Bl,9R81|1|Bv,9R7R|1|Ct,9R81|1|Ar,9R81|1|Bj,4J7L|1|B,9R7R|1|Cf,9R81|1|An,9R7R|1|Af,9R81|1|Ap,9R7R|1|Cp,9R7R|1|Ab,9R81|1|Cn,9R81|1|At,9R81|1|Bp,9R81|1|Bb,9R7R|1|Bf,9R81|1|Cl,9R7R|1|Bv,9R81|1|Bz,9R81|1|Bn,9R81|1|Ch,9R81|1|Ab,9R7R|1|Ad,9R7R|1|Cn,9R7R|1|Bh,9R81|1|Cj,9R7R|1|Bb,9R7R|1|Bx,9R7S|1|Ax,9R7R|1|Bd,9R7R|1|Av,9R7S|1|Bt,8OPL|1|Ap,9R7T|1|Bh,9R7S|1|Cp,9R7R|1|Aj,8OPL|1|Ar,9R7R|1|Az,9R7S|1|Ap,9R7T|1|Az,9R7T|1|Cj,9R7R|1|Cd,8OPL|1|Bz,9R7T|1|Ax,8OPL|1|Bt,9R7S|1|Ct,9R7S|1|Bz,9R7S|1|Al,9R7S|1|Bh,9R81|1|Af,9R7T|1|Ch,9R7S|1|Bl,9R7R|1|Al,9R7T|1|Cf,9R7S|1|An,8OPL|1|Bh,9R7R|1|Ch,9R7R|1|Bt,9R7R|1|Cr,9R7S|1|Cn,9R7S|1|Br,9R7R|1|Ah,8OPL|1|Bc,8OPL|1|Bg,8OPL|1|Ao,8OPL|1|Bb,9R7S|1|Ch,8OPL|1|Al,9R7S|1|Af,8OPL|1|Am,9R7S|1|Bn,9R7S|1|Cj,8OPL|1|Ca,8OPL|1|Be,8OPL|1|Bd,9R7S|1|Ah,9R7S|1|Av,8OPL|1|Bu,8OPL|1|Bf,9R7R|1|Bn,9R7S|1|Bx,8OPL|1|An,9R7T|1|Ad,9R7T|1|Bv,9R7R|1|Bl,9R7R|1|At,9R7R|1|Ax,9R7R|1|Cj,8OPL|1|Ak,9R7T|1|Bz,8OPL|1|Bw,8OPL|1|Bi,8OPL|1|Cb,9R7T|1|Aj,9R7S|1|Bd,9R7S|1|Az,9R7T|1|Ap,9R7S|1|Cl,9R7R|1|Ar,8OPL|1|By,8OPL|1|Aq,8OPL|1|Bv,9R7T|1|Cl,9R7T|1|Br,9R7S|1|Bp,9R7R|1|Cl,9R7T|1|Cr,9R7R|1|Br,9R7R|1|Ap,8OPL|1|Bj,8OPL|1|Bx,9R7R|1|Bp,9R7S|1|Bf,9R7S|1|Bb,9R7T|1|Cn,9R7S|1|At,9R7T|1|Ab,9R7T|1|Bt,9R7S|1|Cb,9R7T|1|Ah,9R7S|1|Ar,9R7S|1|Aj,9R7T|1|Af,8OPL|1|Aj,9R7S|1|Cf,9R7T|1|Bb,9R7T|1|Bd,9R7T|1|Bx,9R7T|1|Cd,9R7S|1|Ab,9R7T|1|Al,9R7S|1|Bv,9R7T|1|Cp,9R7S|1|Bj,9R7S|1|Cd,9R7T|1|Bn,9R7S|1|Cr,9R7T|1|Bf,9R7T|1|Ar,9R7T|1|Bl,9R7T|1|Bp,9R7T|1|Av,9R7T|1|An,8ACB|1|B,9R7T|1|Ct,8ACC|1|B,8OPC|1|Ah,8OPC|1|Ap,8OPC|1|Bx,8OPC|1|Bd,8OPC|1|Bt,8OPC|1|Bb,9R7T|1|Bj,9R7S|1|Ad,8OPC|1|An,8OPC|1|Bf,8OPC|1|Ad,8OPC|1|Al,8OPC|1|Bp,8OPC|1|Ab,8OPC|1|Bn,8OPC|1|Br,8OPC|1|Cb,8OPC|1|Az,5W0M|1|J,8OPC|1|Af,8OPC|1|At,9R7T|1|At,8OPC|1|Ar,8OPC|1|Ax,9R7T|1|Cb,8OPC|1|Bh,8OPC|1|Bl,8OPC|1|Aj,8OPC|1|Cd,8OPC|1|Bz,8OPC|1|Av,8OPC|1|Bj,5W0M|1|I,8OPC|1|Bv,5W0M|1|H,5BUD|1|E,7OG6|1|R,9R7V|1|Av,9R7V|1|Al,9R7V|1|Af,9R7V|1|Cp,9R7V|1|An,9R7V|1|Cd,9R7V|1|Bn,9R7V|1|Cj,9R7V|1|Bp,9R7V|1|Bz,9R7V|1|Ax,9R7V|1|Ad,9R7V|1|Aj,9R7V|1|Cn,9R7V|1|Cf,9R7V|1|Ch,9R7V|1|Br,9R7V|1|Cl,9R7V|1|Bl,9R7V|1|Bt,9R7V|1|At,9R7V|1|Bd,9R7V|1|Cr,9R7V|1|Bb,9R7V|1|Bj,9R7V|1|Ab,9R7V|1|Ct,9R7V|1|Bx,9R7V|1|Bh,9R7V|1|Ar,9R7V|1|Az,9R7V|1|Ap,9R7V|1|Cb,5BUD|1|D,9R7V|1|Bv,9R7V|1|Bf,9R7V|1|Ah,9N7B|1|N2,8OPE|1|Az,8OPE|1|At,8OPE|1|Bj,8OPE|1|Bb,8OPE|1|Ah,8OPE|1|Bh,6HXX|1|Ay,8OPE|1|Bl,8OPE|1|Af,6HXX|1|Bi,6HXX|1|As,6HXX|1|Ba,8OPE|1|Av,6HXX|1|Ar,8OPE|1|Bd,6HXX|1|Bb,6HXX|1|At,6HXX|1|Aj,6HXX|1|Ah,6HXX|1|Ac,6HXX|1|Ag,6HXX|1|Bc,6HXX|1|Ak,6HXX|1|Aq,6HXX|1|Bg,6HXX|1|Be,6HXX|1|Aa,8OPE|1|An,6HXX|1|Au,8OPE|1|Al,6HXX|1|Al,6HXX|1|Az,6HXX|1|Ad,6HXX|1|Ab,6HXX|1|Af,8OPE|1|Ad,6HXX|1|Ai,6HXX|1|Bd,6HXX|1|An,6HXX|1|Av,6HXX|1|Bf,6HXX|1|Ao,8OPE|1|Ar,6HXX|1|Aw,6HXX|1|Ae,6HXX|1|Ap,6HXX|1|Ax,6HXX|1|Bh,6HXX|1|Am,8OPE|1|Bn,8OPE|1|Ap,8OPE|1|Bf,8OPE|1|Ax,8OPE|1|Aj,9R9X|1|Ch,8OPE|1|Ab,8OPE|1|Bp,9R9X|1|Cp,9R9X|1|An,9R9X|1|Bb,9R9X|1|Bh,9R9X|1|Cb,9R9X|1|Bn,9R9X|1|Bd,9R9X|1|Ct,9R9X|1|Ap,9R9X|1|Ar,9R9X|1|Ad,9R9X|1|Cn,9R9X|1|Ab,9R9X|1|Av,9R9X|1|Ax,9R9Z|1|Bp,9R9X|1|Bz,9R9X|1|Bl,9R9Z|1|Cf,9R9X|1|Cr,9R9X|1|Bt,9R9X|1|Cf,9R9Z|1|Bn,9R9X|1|Cj,5ODV|1|m,9R9Z|1|Ax,9R9X|1|Bj,5ODV|1|n,5ODV|1|i,9R9X|1|Al,9R9X|1|Cd,9R9X|1|Ah,5ODV|1|h,5ODV|1|j,9R9X|1|Br,9R9Z|1|Av,5ODV|1|g,9R9X|1|Bf,6A4E|1|B,5ODV|1|f,5ODV|1|a,9R9X|1|At,5ODV|1|w,5ODV|1|k,5ODV|1|c,5ODV|1|o,5ODV|1|d,5ODV|1|x,9R9Z|1|Al,5ODV|1|l,5ODV|1|b,9R9Z|1|Af,5ODV|1|s,5ODV|1|p,9R9X|1|Bp,5ODV|1|v,9R9X|1|Bv,9R9Z|1|Cn,5ODV|1|q,5ODV|1|e,5ODV|1|u,9R9Z|1|Bx,9R9X|1|Bx,9R9X|1|Af,9R9Z|1|Bb,9R9Z|1|Cl,5ODV|1|r,9R9X|1|Az,9R9Z|1|Bv,9R9X|1|Cl,9R9Z|1|Bd,9R9Z|1|Aj,5ODV|1|t,9R9Z|1|Bz,9R9Z|1|Cr,9R9X|1|Aj,9R9Z|1|Ad,9R9Z|1|Cd,9R9Z|1|Ch,9R9Z|1|Cb,9R9Z|1|Cp,9R9Z|1|Ah,9R9Z|1|Bt,6A4E|1|D,9R9Z|1|An,9R9Z|1|Cj,9R9Z|1|Bf,9R9Z|1|Bj,9R9Z|1|Bh,9R9Z|1|Bl,9R9Z|1|At,9R9Z|1|Br,9R9Z|1|Az,9R9Z|1|Ar,9R9Z|1|Ap,9R9Z|1|Ct,9R9Z|1|Ab,7AM2|1|R5,9N79|1|N2,5FN1|1|B,9FIA|1|b3,9N7A|1|N2,7Z52|1|R"
"NR_4.0_91326.1","9YDJ|1|A","9YDJ|1|A"
"NR_4.0_12869.3","4OQU|1|A","4OQU|1|A,4L81|1|A"
"NR_4.0_17784.1","9YFL|1|I","9YFL|1|I,9YFM|1|I,9YFO|1|I"
"NR_4.0_26321.5","4QOZ|1|A","4QOZ|1|A,4L8R|1|A,4QOZ|1|D,4L8R|1|D"
"NR_4.0_83823.1","9YGM|1|L3","9YGM|1|L3,9YXB|1|L3"
"NR_4.0_67151.3","4LCK|1|B","4LCK|1|B,4LCK|1|E"
"NR_4.0_53840.1","9YGM|1|L5+9YGM|1|L4","9YGM|1|L5+9YGM|1|L4,9YXB|1|L5+9YXB|1|L4"
"NR_4.0_26576.3","4LCK|1|F","4LCK|1|F,4LCK|1|C,4TZZ|1|C,4TZZ|1|F,4TZZ|1|I,4TZZ|1|L"
"NR_4.0_02822.1","9YGM|1|S1","9YGM|1|S1,9YXB|1|S1"
"NR_4.0_95698.1","9YGM|1|S7","9YGM|1|S7,9YXB|1|S7"
"NR_4.0_56059.1","9YK3|1|B+9YK3|1|C","9YK3|1|B+9YK3|1|C"
"NR_4.0_86334.3","4LGT|1|E","4LGT|1|E,4LGT|1|F"
"NR_4.0_33565.1","9YMA|1|C+9YMA|1|B","9YMA|1|C+9YMA|1|B,9YMC|1|C+9YMC|1|B,9YM9|1|C+9YM9|1|B,9YMB|1|C+9YMB|1|B"
"NR_4.0_41668.5","8CX0|1|K","8CX0|1|K,4LJ0|1|C,9Q3F|1|B,4LJ0|1|D,7M50|1|TT+7M50|1|kk,4LJ0|1|E,7M50|1|V,7M50|1|P,5BKN|1|S+5BKN|1|h,5BKN|1|P,5BKN|1|a,7OGK|1|D,5LZY|1|hh"
"NR_4.0_96186.1","9YPF|1|G","9YPF|1|G,9YPE|1|G"
"NR_4.0_26899.1","9YRK|1|E+9YRK|1|F","9YRK|1|E+9YRK|1|F,9YRL|1|C"
"NR_4.0_12211.1","9YXB|1|S6","9YXB|1|S6"
"NR_4.0_92126.1","9YXB|1|S9","9YXB|1|S9"
"NR_4.0_95895.1","9Z2N|1|B","9Z2N|1|B,9Z2Q|1|B,9Z2R|1|B"
"NR_4.0_59284.2","4LNT|1|XY","4LNT|1|XY,4LNT|1|QY,4LT8|1|QY,4LT8|1|XY"
"NR_4.0_82800.1","9Z2U|1|B","9Z2U|1|B"
"NR_4.0_73445.3","4LX6|1|A","4LX6|1|A,4LX5|1|A"
"NR_4.0_56266.1","9Z3D|1|B","9Z3D|1|B"
"NR_4.0_52315.1","4M4O|1|B","4M4O|1|B"
"NR_4.0_78917.1","9NZR|1|C+9NZR|1|D+9NZR|1|E","9NZR|1|C+9NZR|1|D+9NZR|1|E,9NZO|1|C+9NZO|1|D+9NZO|1|E"
"NR_4.0_70623.1","9NZP|1|E+9NZP|1|C+9NZP|1|D","9NZP|1|E+9NZP|1|C+9NZP|1|D"
"NR_4.0_45062.1","9Z7X|1|N+9Z7X|1|J","9Z7X|1|N+9Z7X|1|J,9Z7V|1|N+9Z7V|1|J"
"NR_4.0_07583.1","9Z80|1|A","9Z80|1|A,9Z80|1|B"
"NR_4.0_44034.1","9ZNG|1|3","9ZNG|1|3,9ZNF|1|3,9ZNI|1|3,9O17|1|AA"
"NR_4.0_89499.1","9ZE0|1|2+9ZE0|1|R","9ZE0|1|2+9ZE0|1|R,9ZEC|1|2+9ZEC|1|R,9ZE2|1|2+9ZE2|1|R,9ZED|1|2+9ZED|1|R,9ZE3|1|2+9ZE3|1|R"
"NR_4.0_69110.1","9O3Y|1|Pt","9O3Y|1|Pt"
"NR_4.0_67978.1","6PMO|1|B","6PMO|1|B"
"NR_4.0_57342.1","9O7T|1|H","9O7T|1|H"
"NR_4.0_97405.1","9ZS4|1|K+9ZS4|1|L","9ZS4|1|K+9ZS4|1|L"
"NR_4.0_34860.1","9ZTL|1|X","9ZTL|1|X"
"NR_4.0_75072.1","9OIG|1|K","9OIG|1|K,9OIG|1|L,9OIG|1|M,9OIG|1|N,9OIG|1|O"
"NR_4.0_19112.3","4MGN|1|A","4MGN|1|A,4MGN|1|C"
"NR_4.0_60469.3","4N0T|1|B","4N0T|1|B,5TF6|1|B,5TF6|1|D"
"NR_4.0_88555.1","9OKS|1|A","9OKS|1|A"
"NR_4.0_29277.1","4N2S|1|B","4N2S|1|B"
"NR_4.0_67900.1","9OKU|1|A","9OKU|1|A"
"NR_4.0_86871.1","9OKW|1|A","9OKW|1|A"
"NR_4.0_65515.1","9OKY|1|A+9OKY|1|B","9OKY|1|A+9OKY|1|B"
"NR_4.0_06683.3","4NGF|1|G+4NGF|1|H","4NGF|1|G+4NGF|1|H,4NGF|1|E+4NGF|1|F"
"NR_4.0_05720.1","9OKZ|1|C+9OKZ|1|D","9OKZ|1|C+9OKZ|1|D"
"NR_4.0_15462.1","4NGG|1|B","4NGG|1|B"
"NR_4.0_98038.1","9OL0|1|A","9OL0|1|A"
"NR_4.0_78685.1","4NH5|1|B","4NH5|1|B"
"NR_4.0_39095.1","9OLF|1|Aw","9OLF|1|Aw,9PGL|1|Aw,9PGI|1|Aw,9PSM|1|Aw,9PSI|1|Aw,9PRX|1|Aw,9PS0|1|Aw"
"NR_4.0_04426.1","4NHA|1|B","4NHA|1|B"
"NR_4.0_16274.1","4OAV|1|C","4OAV|1|C"
"NR_4.0_24098.1","9OND|1|E","9OND|1|E"
"NR_4.0_97276.1","9OQB|1|D","9OQB|1|D"
"NR_4.0_18824.1","9OXS|1|E","9OXS|1|E"
"NR_4.0_79951.1","4OJI|1|A","4OJI|1|A"
"NR_4.0_56990.6","5B2T|1|A+5B2T|1|C+5B2T|1|D","5B2T|1|A+5B2T|1|C+5B2T|1|D,5B2R|1|A+5B2R|1|C+5B2R|1|D,5B2S|1|A+5B2S|1|C+5B2S|1|D,7Z4L|1|A+7Z4L|1|C+7Z4L|1|D,8SRS|1|B+8SRS|1|D+8SRS|1|c+8SRS|1|C,6AI6|1|B+6AI6|1|C+6AI6|1|D,4OO8|1|B+4OO8|1|C,7S4X|1|B+7S4X|1|D+7S4X|1|c+7S4X|1|C,7Z4J|1|A+7Z4J|1|D+7Z4J|1|C+7Z4J|1|c,4OO8|1|E+4OO8|1|F,9ED9|1|B+9ED9|1|D+9ED9|1|C+9ED9|1|c,9EAL|1|B+9EAL|1|C+9EAL|1|D,9EAK|1|B+9EAK|1|C+9EAK|1|D,9LKJ|1|D,8YE6|1|C,8T6T|1|B+8T6T|1|C+8T6T|1|D,7Z4I|1|A+7Z4I|1|D+7Z4I|1|C,6O0X|1|B+6O0X|1|D+6O0X|1|c+6O0X|1|C,6O0Y|1|B+6O0Y|1|D+6O0Y|1|c+6O0Y|1|C,6O0Z|1|B+6O0Z|1|C+6O0Z|1|D,8T6X|1|B+8T6X|1|C+8T6X|1|D,8T7S|1|B+8T7S|1|C+8T7S|1|D+8T7S|1|c,8T6Y|1|B,9C9P|1|B+9C9P|1|C+9C9P|1|D,9EDA|1|B+9EDA|1|D+9EDA|1|c+9EDA|1|C,9CGU|1|B+9CGU|1|C+9CGU|1|D,7S4V|1|B+7S4V|1|C,8SPQ|1|B+8SPQ|1|C+8SPQ|1|D+8SPQ|1|E,9EDB|1|B+9EDB|1|C+9EDB|1|D,8T79|1|B+8T79|1|C+8T79|1|D,8T78|1|B+8T78|1|C+8T78|1|D,8U3Y|1|B+8U3Y|1|c+8U3Y|1|C+8U3Y|1|D,4ZT0|1|D,9JL2|1|B+9JL2|1|C+9JL2|1|D,8T6P|1|B,8T7S|1|H,4ZT0|1|B,4ZT9|1|D,7Z4D|1|A+7Z4D|1|C+7Z4D|1|D,8SQH|1|B+8SQH|1|D+8SQH|1|c+8SQH|1|C,7Z4H|1|A+7Z4H|1|C+7Z4H|1|D,7Z4D|1|F+7Z4D|1|G+7Z4D|1|H,4ZT9|1|B,8T77|1|B+8T77|1|C+8T77|1|D,5XBL|1|B,8TZZ|1|B+8TZZ|1|c+8TZZ|1|C+8TZZ|1|D,7S4U|1|B+7S4U|1|C+7S4U|1|D,8T6S|1|B+8T6S|1|C+8T6S|1|D,5F9R|1|A+5F9R|1|C+5F9R|1|D,7Z4C|1|A+7Z4C|1|C+7Z4C|1|D,7Z4G|1|A+7Z4G|1|C+7Z4G|1|D,8T76|1|B,6IFO|1|C,6MCB|1|B,7Z4K|1|A+7Z4K|1|C+7Z4K|1|D,9JL1|1|B,6MCC|1|B,6IFO|1|D,5VZL|1|B"
"NR_4.0_77727.1","9P8H|1|PE","9P8H|1|PE"
"NR_4.0_04583.1","9PJD|1|G","9PJD|1|G"
"NR_4.0_13259.1","9PQV|1|B","9PQV|1|B"
"NR_4.0_25884.1","9PRC|1|K","9PRC|1|K,9PRC|1|M,9PRC|1|J,9PRC|1|P"
"NR_4.0_29940.1","9PSM|1|Ax","9PSM|1|Ax,9PS0|1|Ax"
"NR_4.0_19635.1","9S7C|1|Az","9S7C|1|Az,9RU6|1|Az,9PS0|1|Az,9S7E|1|Az,9S7B|1|Az,9S7D|1|Az"
"NR_4.0_80375.1","9PSA|1|B","9PSA|1|B"
"NR_4.0_19850.1","9PSC|1|B","9PSC|1|B"
"NR_4.0_93986.1","9PTJ|1|B","9PTJ|1|B"
"NR_4.0_55458.1","9Q0J|1|B+9Q0J|1|C","9Q0J|1|B+9Q0J|1|C,9Q0J|1|A"
"NR_4.0_13690.1","9YRN|1|K+9YRN|1|L","9YRN|1|K+9YRN|1|L,9YRN|1|E+9YRN|1|F,9Q1J|1|K+9Q1J|1|L,9Q1J|1|E+9Q1J|1|F,9YRO|1|E"
"NR_4.0_50742.1","9Q1S|1|1","9Q1S|1|1"
"NR_4.0_89973.1","9Q2M|1|9","9Q2M|1|9"
"NR_4.0_75588.1","9Q2M|1|PT","9Q2M|1|PT"
"NR_4.0_68526.1","9Q2P|1|AT","9Q2P|1|AT"
"NR_4.0_78692.1","4P3U|1|A+4P3U|1|B","4P3U|1|A+4P3U|1|B"
"NR_4.0_02656.1","4P5J|1|A","4P5J|1|A"
"NR_4.0_44047.1","9Q3G|1|B","9Q3G|1|B"
"NR_4.0_43274.3","4P97|1|A+4P97|1|B","4P97|1|A+4P97|1|B,4P97|1|C+4P97|1|D"
"NR_4.0_08833.1","9Q3R|1|w","9Q3R|1|w"
"NR_4.0_57460.6","6GYV|1|A","6GYV|1|A,4P9R|1|A,6G7Z|1|A+6G7Z|1|B"
"NR_4.0_22332.1","9Q7Q|1|2","9Q7Q|1|2"
"NR_4.0_44377.1","9Q7Q|1|K","9Q7Q|1|K"
"NR_4.0_18718.1","4PDB|1|I","4PDB|1|I"
"NR_4.0_48692.1","9QEG|1|11","9QEG|1|11"
"NR_4.0_40559.3","4PEH|1|W","4PEH|1|W,4PEH|1|V,4PEH|1|X,4PEH|1|Y"
"NR_4.0_21018.1","9QF4|1|B2","9QF4|1|B2,9QF6|1|B2,9QF5|1|B2"
"NR_4.0_06133.1","4PEH|1|Z","4PEH|1|Z"
"NR_4.0_94119.1","9QQP|1|Bx","9QQP|1|Bx,9QWT|1|Bx"
"NR_4.0_72137.3","4PJO|1|2+4PJO|1|x","4PJO|1|2+4PJO|1|x,4PJO|1|1+4PJO|1|X,4PJO|1|3+4PJO|1|Y,4PJO|1|4+4PJO|1|y"
"NR_4.0_44577.2","9QQP|1|n2","9QQP|1|n2,9QWT|1|n2,9QSA|1|n2"
"NR_4.0_24202.1","4PKD|1|V","4PKD|1|V"
"NR_4.0_50761.1","9QSA|1|Bz","9QSA|1|Bz"
"NR_4.0_36990.1","4PMI|1|A","4PMI|1|A"
"NR_4.0_05265.1","9QT5|1|2","9QT5|1|2"
"NR_4.0_37589.1","9QY3|1|t","9QY3|1|t"
"NR_4.0_91519.1","9R3D|1|5","9R3D|1|5"
"NR_4.0_09431.1","4PR6|1|B","4PR6|1|B"
"NR_4.0_19188.1","4QEI|1|C","4QEI|1|C"
"NR_4.0_00832.1","9RMU|1|I+9RMU|1|i","9RMU|1|I+9RMU|1|i,9RMU|1|J+9RMU|1|j"
"NR_4.0_18649.1","9RPV|1|A4","9RPV|1|A4"
"NR_4.0_67982.1","9RPV|1|D4","9RPV|1|D4"
"NR_4.0_61892.3","4QIL|1|C","4QIL|1|C,4QIL|1|D"
"NR_4.0_32083.1","9RU7|1|S6","9RU7|1|S6"
"NR_4.0_07557.3","4QJD|1|D+4QJD|1|C","4QJD|1|D+4QJD|1|C,4QJD|1|F+4QJD|1|E,4QJD|1|H+4QJD|1|G,4QJD|1|B+4QJD|1|A"
"NR_4.0_45677.1","9RVC|1|X","9RVC|1|X"
"NR_4.0_51857.1","9RVY|1|E","9RVY|1|E,9RVZ|1|E,9RW1|1|E,9RW0|1|E,9RW0|1|F,9RW2|1|E,9RW2|1|F,9RW1|1|F,9RVY|1|F,9RVZ|1|F"
"NR_4.0_16437.3","4QJH|1|F+4QJH|1|E","4QJH|1|F+4QJH|1|E,4QJH|1|B+4QJH|1|A,4QJH|1|D+4QJH|1|C"
"NR_4.0_05422.1","9RW3|1|E","9RW3|1|E,9RW3|1|F,9RW4|1|E,9RW4|1|F"
"NR_4.0_09461.1","9RW6|1|E","9RW6|1|E,9RW6|1|F"
"NR_4.0_91474.1","4QK9|1|A","4QK9|1|A"
"NR_4.0_66783.1","9RW7|1|E","9RW7|1|E,9RW7|1|F"
"NR_4.0_31706.1","9RWA|1|E","9RWA|1|E,9RWA|1|F"
"NR_4.0_76727.1","9RWB|1|E","9RWB|1|E"
"NR_4.0_29353.3","4QQB|1|P","4QQB|1|P,4QQB|1|C"
"NR_4.0_81445.1","9S1E|1|C","9S1E|1|C,9S0Z|1|C"
"NR_4.0_98920.1","4QU6|1|B","4QU6|1|B"
"NR_4.0_82333.1","9S2E|1|IN","9S2E|1|IN"
"NR_4.0_08302.1","9SAP|1|T+9SAP|1|P","9SAP|1|T+9SAP|1|P,9SAO|1|T+9SAO|1|P"
"NR_4.0_47084.1","4QVC|1|G","4QVC|1|G"
"NR_4.0_24185.1","9SAR|1|T+9SAR|1|P","9SAR|1|T+9SAR|1|P,9SAQ|1|T+9SAQ|1|P"
"NR_4.0_00662.1","9SDQ|1|2","9SDQ|1|2"
"NR_4.0_21649.1","9SLZ|1|T","9SLZ|1|T"
"NR_4.0_12411.1","9SPF|1|Pt","9SPF|1|Pt,9SPI|1|Pt"
"NR_4.0_03090.1","9SUM|1|A+9SUM|1|C","9SUM|1|A+9SUM|1|C,9SPJ|1|A+9SPJ|1|C,9T7T|1|A+9T7T|1|C"
"NR_4.0_54471.1","9SUM|1|CA","9SUM|1|CA,9SPJ|1|CA,9T7T|1|CA"
"NR_4.0_66450.1","9SRF|1|1","9SRF|1|1"
"NR_4.0_31331.1","9SUM|1|2","9SUM|1|2"
"NR_4.0_10111.1","9T0E|1|R","9T0E|1|R"
"NR_4.0_27211.1","9T4R|1|X","9T4R|1|X"
"NR_4.0_37434.1","9T56|1|F+9T56|1|I+9T56|1|J","9T56|1|F+9T56|1|I+9T56|1|J"
"NR_4.0_89945.2","9ZRG|1|A6+9ZRG|1|A5+9ZRG|1|A8","9ZRG|1|A6+9ZRG|1|A5+9ZRG|1|A8,9T5C|1|L5+9T5C|1|L8"
"NR_4.0_46564.1","4ATO|1|G","4ATO|1|G"
"NR_4.0_70135.2","9ZRG|1|A7","9ZRG|1|A7,9T5C|1|L7"
"NR_4.0_08596.1","4B3G|1|G","4B3G|1|G"
"NR_4.0_88723.2","9ZRG|1|B2","9ZRG|1|B2,9T5C|1|S2"
"NR_4.0_95734.3","4B3R|1|Z+4B3R|1|W","4B3R|1|Z+4B3R|1|W,4B3M|1|Z+4B3M|1|W,4B3T|1|Z+4B3T|1|W,4B3S|1|Z+4B3S|1|W"
"NR_4.0_86135.1","9ZRG|1|BC","9ZRG|1|BC,9T5C|1|S6,9T5C|1|S7"
"NR_4.0_08554.1","4B3O|1|R+4B3O|1|D","4B3O|1|R+4B3O|1|D"
"NR_4.0_41376.1","9T61|1|Y","9T61|1|Y"
"NR_4.0_80911.3","4V5O|1|BA","4V5O|1|BA,4V5O|1|AA,4BTS|1|AA,4BTS|1|CA,4BTS|1|DA,4BTS|1|BA"
"NR_4.0_85991.1","9T7T|1|1","9T7T|1|1"
"NR_4.0_45668.1","9T7T|1|3","9T7T|1|3"
"NR_4.0_39953.1","9TCA|1|B+9TCA|1|A","9TCA|1|B+9TCA|1|A"
"NR_4.0_26836.4","4BW0|1|A","4BW0|1|A,5FJ1|1|B,5FJ1|1|E,5FJ1|1|A,5FJ1|1|C,5FJ1|1|D,5FJ1|1|F,5FJ1|1|H,5FJ1|1|G"
"NR_4.0_27045.1","9TCG|1|B+9TCG|1|A","9TCG|1|B+9TCG|1|A"
"NR_4.0_04772.1","9TEL|1|X+9TEL|1|Y","9TEL|1|X+9TEL|1|Y"
"NR_4.0_70651.1","9TI9|1|b","9TI9|1|b"
"NR_4.0_49229.1","9TQ4|1|B+9TQ4|1|C+9TQ4|1|D","9TQ4|1|B+9TQ4|1|C+9TQ4|1|D"
"NR_4.0_76988.2","6Q8U|1|A+6Q8U|1|B","6Q8U|1|A+6Q8U|1|B,5FJ0|1|A+5FJ0|1|B,7F8Z|1|I+7F8Z|1|J,7F8Z|1|G+7F8Z|1|H,7F8Z|1|E+7F8Z|1|F,7F8Z|1|A+7F8Z|1|B,4CS1|1|A,7F8Z|1|C+7F8Z|1|D,5G4U|1|I+5G4U|1|J,5G4U|1|A+5G4U|1|B,5G4V|1|A+5G4V|1|B,7EFG|1|A,5G4V|1|E+5G4V|1|F,7EI9|1|A+7EI9|1|B,5FJ0|1|C,4C40|1|A,5G4U|1|E+5G4U|1|F,7EIA|1|G+7EIA|1|H,7EI8|1|A+7EI8|1|B,7EI8|1|C+7EI8|1|D,7EFI|1|A,7EIA|1|A+7EIA|1|B,7EIA|1|E+7EIA|1|F,7EIA|1|C+7EIA|1|D,7EFH|1|A,7EI7|1|A+7EI7|1|B"
"NR_4.0_82169.1","9TZ9|1|b","9TZ9|1|b,9TZ5|1|b,9TZE|1|b"
"NR_4.0_33137.1","9UBL|1|J","9UBL|1|J"
"NR_4.0_50037.1","9UBM|1|Y","9UBM|1|Y"
"NR_4.0_61258.1","9UBO|1|Y","9UBO|1|Y"
"NR_4.0_74817.1","9UH7|1|A","9UH7|1|A,9UH9|1|A,9UHA|1|A"
"NR_4.0_84761.1","9UJU|1|D","9UJU|1|D,9UJU|1|B"
"NR_4.0_23939.3","4C4W|1|H","4C4W|1|H,4C4W|1|D"
"NR_4.0_66802.1","9UKT|1|I","9UKT|1|I"
"NR_4.0_00810.1","4C7O|1|E","4C7O|1|E"
"NR_4.0_80594.1","9UUG|1|A","9UUG|1|A"
"NR_4.0_91365.1","4C8Z|1|C","4C8Z|1|C"
"NR_4.0_75722.2","9V21|1|sa","9V21|1|sa,9V1J|1|sa,9V24|1|sa,9V27|1|sa,9V29|1|sa,9V26|1|sa,9V1K|1|sa,9V28|1|sa"
"NR_4.0_41812.2","9V24|1|sI","9V24|1|sI,9V27|1|sI,9V26|1|sI,9V29|1|sI"
"NR_4.0_20266.1","9V27|1|sJ","9V27|1|sJ,9V24|1|sJ,9V25|1|sJ,9V29|1|sJ+9V29|1|sK,9V26|1|sJ"
"NR_4.0_01600.1","4DB4|1|C+4DB4|1|D","4DB4|1|C+4DB4|1|D"
"NR_4.0_01492.1","4DR6|1|W","4DR6|1|W"
"NR_4.0_88704.1","9V26|1|sK","9V26|1|sK"
"NR_4.0_76824.1","4DR7|1|W","4DR7|1|W"
"NR_4.0_60906.1","4JAB|1|A+4JAB|1|B","4JAB|1|A+4JAB|1|B"
"NR_4.0_50451.1","9V46|1|E","9V46|1|E"
"NR_4.0_25419.3","6N6H|1|D","6N6H|1|D,4DW7|1|H,4DW7|1|I"
"NR_4.0_84306.1","9V4U|1|A","9V4U|1|A,9V4Z|1|A,9V4X|1|A,9V4Y|1|A,9V4V|1|A,9V51|1|A,9V50|1|A"
"NR_4.0_27306.1","4JF2|1|A","4JF2|1|A"
"NR_4.0_48272.3","4DZS|1|D","4DZS|1|D,4DZS|1|C"
"NR_4.0_25361.4","4E48|1|A+4E48|1|B","4E48|1|A+4E48|1|B,4JNX|1|B+4JNX|1|G,4E48|1|D"
"NR_4.0_58017.1","4JNG|1|L","4JNG|1|L"
"NR_4.0_53426.1","4E6B|1|A+4E6B|1|B","4E6B|1|A+4E6B|1|B"
"NR_4.0_51143.1","9V7O|1|E+9V7O|1|D","9V7O|1|E+9V7O|1|D,9V7N|1|E+9V7N|1|D"
"NR_4.0_52691.1","4E78|1|P+4E78|1|T","4E78|1|P+4E78|1|T"
"NR_4.0_48237.2","4K0K|1|X","4K0K|1|X,4JV5|1|X"
"NR_4.0_41744.2","9VCL|1|T+9VCL|1|P","9VCL|1|T+9VCL|1|P"
"NR_4.0_06694.3","4ED5|1|D","4ED5|1|D,4ED5|1|C"
"NR_4.0_61139.1","4JV5|1|Y","4JV5|1|Y"
"NR_4.0_39735.1","9VJA|1|t+9VJA|1|g","9VJA|1|t+9VJA|1|g,9VJ9|1|t+9VJ9|1|g"
"NR_4.0_25893.1","4ERD|1|C+4ERD|1|D","4ERD|1|C+4ERD|1|D"
"NR_4.0_40895.3","4JVY|1|D","4JVY|1|D,4JVY|1|F"
"NR_4.0_87909.1","9VS5|1|T+9VS5|1|P","9VS5|1|T+9VS5|1|P"
"NR_4.0_90161.2","4JXZ|1|B","4JXZ|1|B,4JYZ|1|B"
"NR_4.0_52438.1","9VTI|1|10","9VTI|1|10,9VTG|1|10,9VTJ|1|10"
"NR_4.0_60842.1","4JYA|1|X","4JYA|1|X"
"NR_4.0_50012.1","9ON7|1|D","9ON7|1|D,9ON7|1|C,9OPH|1|C,9OPH|1|D,4JZU|1|C,9ONG|1|C,9ONG|1|D,4JZV|1|C"
"NR_4.0_58609.1","9VTJ|1|14+9VTJ|1|13","9VTJ|1|14+9VTJ|1|13,9VTI|1|14+9VTI|1|13,9VTG|1|14+9VTG|1|13"
"NR_4.0_07736.1","9VTQ|1|1+9VTQ|1|2","9VTQ|1|1+9VTQ|1|2,9VTP|1|1+9VTP|1|2,9VTR|1|1+9VTR|1|2"
"NR_4.0_04851.1","4K0K|1|Y","4K0K|1|Y"
"NR_4.0_77275.1","4K31|1|B+4K31|1|C","4K31|1|B+4K31|1|C"
"NR_4.0_47682.1","9VVA|1|B","9VVA|1|B"
"NR_4.0_31380.1","9W03|1|C","9W03|1|C"
"NR_4.0_51368.1","9W1F|1|X","9W1F|1|X,9W1E|1|X"
"NR_4.0_62747.1","4FTB|1|R","4FTB|1|R"
"NR_4.0_12382.1","4K4U|1|H","4K4U|1|H"
"NR_4.0_86688.1","9W1G|1|J","9W1G|1|J,9W1H|1|X"
"NR_4.0_37009.1","9W1I|1|Y","9W1I|1|Y,9W1I|1|X,9W1H|1|Y,9W1I|1|Z"
"NR_4.0_74729.1","4G0A|1|E","4G0A|1|E"
"NR_4.0_32785.1","4G0A|1|G","4G0A|1|G"
"NR_4.0_05681.1","9W2K|1|H","9W2K|1|H"
"NR_4.0_17333.3","4V6D|1|CV","4V6D|1|CV,4V50|1|CW,4V6D|1|AV,4V50|1|AW"
"NR_4.0_11997.1","4V5A|1|CX","4V5A|1|CX"
"NR_4.0_51962.8","4YCP|1|B","4YCP|1|B,9LPC|1|C,4V5S|1|AY,4V5R|1|CY,4V5S|1|CY,4V5R|1|AY,9LPC|1|D,4V5L|1|AY,4V5Q|1|AY,4V5Q|1|CY,4V5P|1|AY,4V5P|1|CY,8PKL|1|W,8R3V|1|W,8RCL|1|W,8RCM|1|W"
"NR_4.0_13730.3","4X9E|1|G","4X9E|1|G,4X9E|1|H"
"NR_4.0_96354.6","6ERI|1|BA","6ERI|1|BA,5MMJ|1|a,5MMM|1|a,5X8R|1|a,5X8P|1|a"
"NR_4.0_36229.1","4XBF|1|D","4XBF|1|D"
"NR_4.0_10769.1","1YVP|1|H","1YVP|1|H"
"NR_4.0_08859.1","4XK0|1|A","4XK0|1|A"
"NR_4.0_70938.1","4XW0|1|A+4XW0|1|B","4XW0|1|A+4XW0|1|B"
"NR_4.0_48352.4","4XWF|1|A","4XWF|1|A,8VQV|1|A,4XW7|1|A"
"NR_4.0_50314.7","6ERI|1|Ax","6ERI|1|Ax,5MMI|1|B,5MMM|1|B,5X8T|1|B,5X8P|1|B,5MLC|1|B,5H1S|1|B"
"NR_4.0_64642.1","4XWW|1|E","4XWW|1|E"
"NR_4.0_38795.1","1YZD|1|A+1YZD|1|B","1YZD|1|A+1YZD|1|B"
"NR_4.0_23849.4","8VSA|1|TMRN","8VSA|1|TMRN,8VS9|1|TMRN,7ACJ|1|4,7ACR|1|4"
"NR_4.0_89129.1","1Z7F|1|B+1Z7F|1|C","1Z7F|1|B+1Z7F|1|C"
"NR_4.0_44554.4","9QF4|1|A1","9QF4|1|A1,9QF6|1|A1,9QF5|1|A1,9FNY|1|AA,9FO0|1|AA,9FNZ|1|BA,9FNZ|1|AA,9FNY|1|BA"
"NR_4.0_24573.1","4YHW|1|F+4YHW|1|D","4YHW|1|F+4YHW|1|D"
"NR_4.0_39569.3","4YYE|1|C","4YYE|1|C,4YYE|1|D"
"NR_4.0_98573.3","4Z0C|1|C","4Z0C|1|C,4Z0C|1|B"
"NR_4.0_23934.1","9QF4|1|B1","9QF4|1|B1,9QF6|1|B1,9QF5|1|B1"
"NR_4.0_73713.1","4Z31|1|C+4Z31|1|D","4Z31|1|C+4Z31|1|D"
"NR_4.0_51487.3","4L8H|1|R","4L8H|1|R,2BS1|1|R,2BS1|1|S,2BS0|1|R,1ZSE|1|R,2BS0|1|S,2B2D|1|S,2B2D|1|R"
"NR_4.0_14903.3","4Z7L|1|I","4Z7L|1|I,4Z7L|1|F,4Z7L|1|C"
"NR_4.0_27625.3","4ZC7|1|A+4ZC7|1|B","4ZC7|1|A+4ZC7|1|B,4ZC7|1|C+4ZC7|1|D"
"NR_4.0_10920.1","4ZLD|1|B","4ZLD|1|B"
"NR_4.0_28477.2","1ZX7|1|E+1ZX7|1|F","1ZX7|1|E+1ZX7|1|F,1ZX7|1|C+1ZX7|1|D,1ZX7|1|A+1ZX7|1|B,1ZX7|1|G+1ZX7|1|H"
"NR_4.0_45659.3","4ZNP|1|A","4ZNP|1|A,4ZNP|1|B"
"NR_4.0_86148.3","5A0T|1|E","5A0T|1|E,5A0T|1|F"
"NR_4.0_22842.2","1ZZ5|1|A+1ZZ5|1|B","1ZZ5|1|A+1ZZ5|1|B,1ZZ5|1|C+1ZZ5|1|D,2A04|1|C+2A04|1|D,2A04|1|A+2A04|1|B"
"NR_4.0_60836.3","5A0V|1|E","5A0V|1|E,5A0V|1|F"
"NR_4.0_54508.3","5A2Q|1|3","5A2Q|1|3,5FLX|1|z"
"NR_4.0_02305.1","1ZZN|1|D","1ZZN|1|D"
"NR_4.0_71771.3","4V83|1|CV","4V83|1|CV,4V83|1|AV"
"NR_4.0_70335.1","5A8L|1|P","5A8L|1|P"
"NR_4.0_70203.3","216D|1|A","216D|1|A,217D|1|A"
"NR_4.0_51196.3","4V84|1|AV","4V84|1|AV,4V84|1|CV"
"NR_4.0_09775.3","5AH5|1|D","5AH5|1|D,5AH5|1|C"
"NR_4.0_71167.1","21BH|1|N+21BH|1|M","21BH|1|N+21BH|1|M"
"NR_4.0_86129.3","4V85|1|AV","4V85|1|AV,4V89|1|AV"
"NR_4.0_19551.9","6GAZ|1|AA","6GAZ|1|AA,5AJ3|1|A,6GAW|1|AA,8OIP|1|AA,7NQH|1|AA,7NQL|1|AA,5AJ4|1|AA,7NSJ|1|AA,8OIN|1|AA"
"NR_4.0_39628.1","21CN|1|A","21CN|1|A"
"NR_4.0_73216.9","4WSM|1|1K","4WSM|1|1K,4WSM|1|2K,4WSM|1|2L,4WSM|1|1L,6HA1|1|x,7NSQ|1|8,7NSO|1|8,4V87|1|BB,6D90|1|3,4V87|1|CB,4V8B|1|AB,4V8C|1|CB,4V8C|1|DB,6D9J|1|3,7NSP|1|8,5KCR|1|1x,4V8B|1|CB"
"NR_4.0_62729.1","21DZ|1|B+21DZ|1|C+21DZ|1|D","21DZ|1|B+21DZ|1|C+21DZ|1|D,21EA|1|B+21EA|1|C+21EA|1|D,9WAC|1|B+9WAC|1|C+9WAC|1|D,9WAD|1|B+9WAD|1|C+9WAD|1|D"
"NR_4.0_90372.1","21ET|1|A+21ET|1|B","21ET|1|A+21ET|1|B,21ET|1|C+21ET|1|D,21ET|1|F,21ET|1|E"
"NR_4.0_46063.1","5AJ4|1|AV+5AJ4|1|AX","5AJ4|1|AV+5AJ4|1|AX"
"NR_4.0_67640.2","9W04|1|C+9W04|1|D+9W04|1|E+9W04|1|F+9W04|1|G","9W04|1|C+9W04|1|D+9W04|1|E+9W04|1|F+9W04|1|G,9W26|1|C+9W26|1|D+9W26|1|E+9W26|1|F,25QK|1|C+25QK|1|D+25QK|1|E+25QK|1|F+25QK|1|G,21KL|1|C+21KL|1|D+21KL|1|E"
"NR_4.0_15716.4","6QKL|1|N","6QKL|1|N,5AN9|1|N"
"NR_4.0_96796.1","21WE|1|B","21WE|1|B"
"NR_4.0_31135.3","5AOR|1|C","5AOR|1|C,5AOR|1|D"
"NR_4.0_87327.1","21ZH|1|B","21ZH|1|B"
"NR_4.0_59099.3","5AOX|1|C","5AOX|1|C,5AOX|1|F"
"NR_4.0_10625.1","22AX|1|B","22AX|1|B"
"NR_4.0_67086.2","5AWH|1|C+5AWH|1|D","5AWH|1|C+5AWH|1|D,5AWH|1|E+5AWH|1|F"
"NR_4.0_14438.2","7EL1|1|B+7EL1|1|C+7EL1|1|D","7EL1|1|B+7EL1|1|C+7EL1|1|D,5CZZ|1|B+5CZZ|1|C+5CZZ|1|D,5AXW|1|B+5AXW|1|C+5AXW|1|D"
"NR_4.0_38821.2","9S3D|1|CP","9S3D|1|CP,9S3B|1|CP,9S3C|1|CP,9I2D|1|CP,9QLO|1|CP,9QLQ|1|CP,9QLP|1|CP,9KZU|1|zy,22TU|1|B4,22TU|1|C4,6IP5|1|zy,6IP8|1|zy,9KZX|1|zu,9KZX|1|zy,6IP5|1|zu"
"NR_4.0_05508.1","5XH7|1|B+5XH7|1|C+5XH7|1|D","5XH7|1|B+5XH7|1|C+5XH7|1|D,5XH6|1|B+5XH6|1|C+5XH6|1|D,9MK3|1|F+9MK3|1|G+9MK3|1|H,9MK3|1|B+9MK3|1|C+9MK3|1|D,5B43|1|B+5B43|1|C+5B43|1|D"
"NR_4.0_12290.1","5MMM|1|z","5MMM|1|z"
"NR_4.0_25291.3","8OVE|1|AA","8OVE|1|AA,8OVA|1|AA"
"NR_4.0_82892.2","8OVE|1|BA+8OVE|1|BB+8OVE|1|BC","8OVE|1|BA+8OVE|1|BB+8OVE|1|BC,8OVA|1|BA+8OVA|1|BB+8OVA|1|BC"
"NR_4.0_79424.1","5BKL|1|T","5BKL|1|T"
"NR_4.0_92130.5","9N5T|1|BW","9N5T|1|BW,8V9J|1|y,8V9K|1|y,8V9L|1|y,5O61|1|BW"
"NR_4.0_16696.3","8OVE|1|BD","8OVE|1|BD,8OVA|1|BD"
"NR_4.0_53106.1","5BKL|1|V","5BKL|1|V"
"NR_4.0_02142.4","8HTZ|1|X","8HTZ|1|X,4V8N|1|CV,4V8N|1|CY,4V8N|1|AY,4V8N|1|AV,4V8N|1|CW,4V8N|1|AW"
"NR_4.0_33706.2","7M2V|1|S+7M2V|1|h","7M2V|1|S+7M2V|1|h,7M2V|1|ff+7M2V|1|xx,7M2V|1|X+7M2V|1|m,7M2V|1|Y+7M2V|1|n,7M2V|1|V+7M2V|1|ww,7M2V|1|P+7M2V|1|e,7M2V|1|TT+7M2V|1|i,7M2V|1|U,5BKL|1|X+5BKL|1|m,7M2T|1|RR+7M2T|1|ii,7M2T|1|Q+7M2T|1|f"
"NR_4.0_17351.8","6Y2L|1|B4","6Y2L|1|B4,7QVP|1|B4,6Y0G|1|B4,6Y0G|1|D4,9N9J|1|u3,9VXN|1|u,9I14|1|D4,6OM0|1|u,6OLE|1|u,6Y57|1|D4,7QVP|1|D5,6OLG|1|Bv,6OLI|1|u,6OM7|1|u,6OLF|1|u,6OLZ|1|Bv,6W6L|1|u"
"NR_4.0_10469.1","1P79|1|A","1P79|1|A"
"NR_4.0_13728.3","4V8P|1|D1+4V8P|1|C2","4V8P|1|D1+4V8P|1|C2,4V8P|1|A1+4V8P|1|B2,4V8P|1|F1+4V8P|1|E2,4V8P|1|H1+4V8P|1|G2"
"NR_4.0_64047.4","9YMV|1|R","9YMV|1|R,1PVO|1|L,1PVO|1|G,1PVO|1|H,1PVO|1|J,1PVO|1|K,2HT1|1|K,2HT1|1|J"
"NR_4.0_42832.3","4V8P|1|C3","4V8P|1|C3,4V8P|1|E3,4V8P|1|B3,4V8P|1|G3"
"NR_4.0_27473.1","5BKL|1|e","5BKL|1|e"
"NR_4.0_94621.1","5BKL|1|i","5BKL|1|i"
"NR_4.0_45855.1","4V8Q|1|BY","4V8Q|1|BY"
"NR_4.0_06417.1","5BKL|1|ll+5BKL|1|UU","5BKL|1|ll+5BKL|1|UU"
"NR_4.0_01597.4","1Q2R|1|E","1Q2R|1|E,7NQ4|1|C,1Q2R|1|F,1Q2S|1|F,1Q2S|1|E"
"NR_4.0_36780.1","5BKL|1|qq+5BKL|1|bb","5BKL|1|qq+5BKL|1|bb"
"NR_4.0_57789.3","6UZ7|1|5+6UZ7|1|8","6UZ7|1|5+6UZ7|1|8,5IT7|1|5+5IT7|1|8,4V91|1|1+4V91|1|4"
"NR_4.0_70596.1","5BKN|1|UU+5BKN|1|ll","5BKN|1|UU+5BKN|1|ll"
"NR_4.0_32538.1","5BKN|1|WW","5BKN|1|WW"
"NR_4.0_53989.1","5BKN|1|Y+5BKN|1|n","5BKN|1|Y+5BKN|1|n"
"NR_4.0_38961.7","6SV4|1|nc","6SV4|1|nc,6SV4|1|nb,7ZUX|1|6,7OSM|1|ASIT,6ZVI|1|d,6UZ7|1|3"
"NR_4.0_30844.1","1QC0|1|B+1QC0|1|A","1QC0|1|B+1QC0|1|A"
"NR_4.0_68086.2","7ZJX|1|I","7ZJX|1|I,7JQC|1|i,9G8M|1|X,5IT9|1|i,4V92|1|AZ,9G8O|1|X"
"NR_4.0_02486.1","5BKN|1|e","5BKN|1|e"
"NR_4.0_23784.1","1QCU|1|A+1QCU|1|B","1QCU|1|A+1QCU|1|B"
"NR_4.0_12617.1","5BKN|1|qq","5BKN|1|qq"
"NR_4.0_85174.1","1QF6|1|B","1QF6|1|B"
"NR_4.0_04887.3","5IMQ|1|5","5IMQ|1|5"
"NR_4.0_03445.1","1QVF|1|3","1QVF|1|3"
"NR_4.0_04268.3","4V99|1|C2","4V99|1|C2,4V99|1|Ec,4V99|1|Ac,4V99|1|FD,4V99|1|AX,4V99|1|GX,4V99|1|Bh,4V99|1|FI,4V99|1|AN,4V99|1|CS,4V99|1|F7,4V99|1|Ch,4V99|1|Am,4V99|1|DS,4V99|1|AS,4V99|1|Dc,4V99|1|Jw,4V99|1|Bw,4V99|1|Fw,4V99|1|Eh,4V99|1|HS,4V99|1|HX,4V99|1|B7,4V99|1|E7,4V99|1|Aw,4V99|1|Bc,4V99|1|FS,4V99|1|Bm,4V99|1|ED,4V99|1|EN,4V99|1|Ic,4V99|1|Er,4V99|1|BN,4V99|1|AI,4V99|1|Em,4V99|1|Iw,4V99|1|G2,4V99|1|G7,4V99|1|JD,4V99|1|EX,4V99|1|HI,4V99|1|B2,4V99|1|Jh,4V99|1|Jr,4V99|1|DD,4V99|1|BX,4V99|1|Ah,4V99|1|Ir,4V99|1|ES,4V99|1|D2,4V99|1|Br,4V99|1|EI,4V99|1|Cw,4V99|1|Gr,4V99|1|I2,4V99|1|D7,4V99|1|I7,4V99|1|C7,4V99|1|Hr,4V99|1|GS,4V99|1|BI,4V99|1|Dw,4V99|1|Hc,4V99|1|BS,4V99|1|Jc,4V99|1|Fh,4V99|1|Gc,4V99|1|Ew,4V99|1|Dm,4V99|1|Ar,4V99|1|CN,4V99|1|Cr,4V99|1|IN,4V99|1|IX,4V99|1|J7,4V99|1|E2,4V99|1|Jm,4V99|1|DN,4V99|1|Cc,4V99|1|DI,4V99|1|BD,4V99|1|DX,4V99|1|FX,4V99|1|AD,4V99|1|Ih,4V99|1|CI,4V99|1|JX,4V99|1|Fr,4V99|1|A2,4V99|1|HD,4V99|1|JN,4V99|1|CD,4V99|1|CX,4V99|1|Cm,4V99|1|HN,4V99|1|H7,4V99|1|II,4V99|1|H2,4V99|1|Fm,4V99|1|F2,4V99|1|Im,4V99|1|Fc,4V99|1|GI,4V99|1|A7,4V99|1|Gh,4V99|1|ID,4V99|1|Hm,4V99|1|Hh,4V99|1|GN,4V99|1|JI,4V99|1|Dr,4V99|1|Hw,4V99|1|FN,4V99|1|Gw,4V99|1|J2,4V99|1|GD,4V99|1|Dh,4V99|1|IS,4V99|1|JS,4V99|1|Gm"
"NR_4.0_43901.1","1R3E|1|D+1R3E|1|E","1R3E|1|D+1R3E|1|E"
"NR_4.0_77564.1","9BUP|1|S9","9BUP|1|S9"
"NR_4.0_73958.1","3J7R|1|S5","3J7R|1|S5"
"NR_4.0_45742.1","6O8W|1|u","6O8W|1|u"
"NR_4.0_86160.1","5BZ5|1|B","5BZ5|1|B"
"NR_4.0_09580.1","5C0Y|1|C","5C0Y|1|C"
"NR_4.0_09579.1","5C5W|1|A","5C5W|1|A"
"NR_4.0_16466.1","5C9H|1|E+5C9H|1|G","5C9H|1|E+5C9H|1|G"
"NR_4.0_51826.1","1RNA|1|A+1RNA|1|B","1RNA|1|A+1RNA|1|B"
"NR_4.0_90823.1","5D0B|1|F","5D0B|1|F"
"NR_4.0_23650.3","2A0P|1|A+2A0P|1|B","2A0P|1|A+2A0P|1|B,259D|1|A+259D|1|B,1RXB|1|A+1RXB|1|B,1RXA|1|A"
"NR_4.0_34771.3","7OBQ|1|1","7OBQ|1|1,6FRK|1|1,7OBR|1|1,6R6G|1|AF"
"NR_4.0_06780.1","1S03|1|A","1S03|1|A"
"NR_4.0_99363.3","1SA9|1|C+1SA9|1|D","1SA9|1|C+1SA9|1|D,1SA9|1|A+1SA9|1|B,1SA9|1|E"
"NR_4.0_81475.3","1SDR|1|A+1SDR|1|B","1SDR|1|A+1SDR|1|B,1SDR|1|C+1SDR|1|D"
"NR_4.0_73551.3","1SDS|1|D","1SDS|1|D,1SDS|1|E,1SDS|1|F"
"NR_4.0_67474.3","5DCV|1|D","5DCV|1|D,5DCV|1|B"
"NR_4.0_85999.1","1SI3|1|B","1SI3|1|B"
"NR_4.0_69350.1","5DDO|1|A","5DDO|1|A"
"NR_4.0_46720.5","5DDP|1|A","5DDP|1|A,5DDP|1|B,5DDQ|1|A,5DDQ|1|B,5DDR|1|B,5DDR|1|A"
"NR_4.0_47291.1","1T0K|1|D+1T0K|1|C","1T0K|1|D+1T0K|1|C"
"NR_4.0_65598.3","1TFW|1|H+1TFW|1|E","1TFW|1|H+1TFW|1|E,1TFW|1|I+1TFW|1|F"
"NR_4.0_70098.3","5DEA|1|A","5DEA|1|A,5DE5|1|A,5DE8|1|A"
"NR_4.0_84898.1","1TFY|1|G+1TFY|1|J","1TFY|1|G+1TFY|1|J"
"NR_4.0_13485.3","1U1Y|1|R","1U1Y|1|R,1U1Y|1|S"
"NR_4.0_89128.1","5DET|1|P","5DET|1|P"
"NR_4.0_23978.3","1U63|1|D","1U63|1|D,1U63|1|B"
"NR_4.0_92823.2","5DGE|1|C","5DGE|1|C,5DGE|1|B"
"NR_4.0_75458.2","1U6B|1|B+1U6B|1|C","1U6B|1|B+1U6B|1|C,3BO2|1|B+3BO2|1|C+3BO2|1|D,3BO3|1|B+3BO3|1|D,1ZZN|1|B+1ZZN|1|C,3BO4|1|B+3BO4|1|C+3BO4|1|D"
"NR_4.0_29795.3","5DH6|1|A+5DH6|1|B","5DH6|1|A+5DH6|1|B,5DI4|1|A+5DI4|1|B,5DQK|1|A+5DQK|1|B,5EAO|1|A+5EAO|1|B,5DH7|1|A+5DH7|1|B,5DI2|1|A+5DI2|1|B,5DH8|1|A+5DH8|1|B,5EAQ|1|A+5EAQ|1|B"
"NR_4.0_75381.3","1UN6|1|F","1UN6|1|F,1UN6|1|E"
"NR_4.0_41649.3","6SQN|1|Y","6SQN|1|Y,6SQN|1|X,6SQN|1|Z,6SQQ|1|YYY,6SQQ|1|XXX,6SQQ|1|ZZZ,1URN|1|P,1URN|1|R,1URN|1|Q"
"NR_4.0_84026.4","5DHB|1|A+5DHB|1|B","5DHB|1|A+5DHB|1|B,5DHB|1|C+5DHB|1|D,5HBW|1|A+5HBW|1|B,6U89|1|A+6U89|1|B"
"NR_4.0_49339.4","5DHC|1|C+5DHC|1|D","5DHC|1|C+5DHC|1|D,5DHC|1|A+5DHC|1|B,5HBX|1|C+5HBX|1|D,5HBX|1|A+5HBX|1|B,5V0J|1|A+5V0J|1|B"
"NR_4.0_25700.1","5DO4|1|A","5DO4|1|A"
"NR_4.0_38685.1","5DTO|1|B","5DTO|1|B"
"NR_4.0_37335.1","5E08|1|N","5E08|1|N"
"NR_4.0_79612.3","1UVI|1|D","1UVI|1|D,1UVI|1|E,1UVI|1|F"
"NR_4.0_98428.8","6N6I|1|C","6N6I|1|C,6N6I|1|D,6N6A|1|D,7MPL|1|D,7MPL|1|H,7MPL|1|B,7MPL|1|J,7MPL|1|F,7MPL|1|N,7MPL|1|L,7MPL|1|P,9F7M|1|J,9F7M|1|I,9F7M|1|M,9F7M|1|K,9F7M|1|L,9F7M|1|O,9F7M|1|N,9F7M|1|P,7VA3|1|C,7MPU|1|D,6IJ2|1|F,6IJ2|1|G,6IJ2|1|H,6IJ2|1|E,3U2E|1|D,3U2E|1|C,5MFU|1|B,7PVK|1|G,7PVK|1|E,7MPQ|1|R,7PVK|1|H,7MQB|1|B,7MQB|1|H,7MQB|1|J,7MQB|1|F,7MQB|1|L,7MQB|1|D,7MQB|1|N,7MQB|1|P,7EH1|1|I,7PVK|1|F,5UEF|1|C,7MQC|1|P,6OY5|1|I,7MQC|1|B,5UEF|1|D,7MQC|1|N,7MQC|1|F,9RTC|1|bb,7EH2|1|R,7EH2|1|I,9RTC|1|ff,7MQC|1|L,7MQC|1|J,7MQC|1|H,7MQC|1|D,4X4T|1|I,3UCZ|1|D,9RTC|1|cc,4X4U|1|H,4AFY|1|D,6YMW|1|C,6OWL|1|B,4AFY|1|C,6OWL|1|C,6S0M|1|C,4LQ3|1|R,3UCU|1|A,1UVK|1|F,1UVK|1|D,1UVK|1|B"
"NR_4.0_78862.3","4V9E|1|Ag","4V9E|1|Ag,4V9E|1|Bm,4V9E|1|Am,4V9E|1|Aa,4V9E|1|Ba,4V9E|1|Bg"
"NR_4.0_40314.3","4V9I|1|AY","4V9I|1|AY,4V9I|1|CY"
"NR_4.0_22326.2","4V9J|1|AV","4V9J|1|AV,4V9J|1|CV"
"NR_4.0_14981.2","4V9K|1|AV","4V9K|1|AV,4V9K|1|CV,4V9L|1|AV,4V9M|1|AV,4V9L|1|CV,4V9M|1|CV"
"NR_4.0_65749.1","4W2H|1|CV","4W2H|1|CV"
"NR_4.0_25585.7","4Z4D|1|B+4Z4D|1|D","4Z4D|1|B+4Z4D|1|D,4Z4E|1|B+4Z4E|1|D,4W5O|1|B+4W5O|1|D,4Z4C|1|B+4Z4C|1|D,6CBD|1|B+6CBD|1|C,4Z4H|1|B+4Z4H|1|D,4W5T|1|B+4W5T|1|D,4Z4I|1|B+4Z4I|1|D,4Z4G|1|B+4Z4G|1|D,4Z4F|1|B+4Z4F|1|D,4W5R|1|B+4W5R|1|D,4W5Q|1|B+4W5Q|1|D"
"NR_4.0_98429.1","4QYZ|1|L+4QYZ|1|M","4QYZ|1|L+4QYZ|1|M"
"NR_4.0_00626.3","4W90|1|C","4W90|1|C,4W92|1|C"
"NR_4.0_94396.5","4WAN|1|B","4WAN|1|B,4WAN|1|H,4WAN|1|F,4WAL|1|B,4WAN|1|D"
"NR_4.0_37244.1","4R3I|0|B","4R3I|0|B"
"NR_4.0_61934.2","4RBQ|1|A","4RBQ|1|A,5DA6|1|A"
"NR_4.0_50652.1","4RBY|1|A","4RBY|1|A"
"NR_4.0_47141.1","4RC0|1|A","4RC0|1|A"
"NR_4.0_42401.1","4RDX|1|C","4RDX|1|C"
"NR_4.0_48149.3","4RMO|1|B","4RMO|1|B,4RMO|1|D,4RMO|1|H,4RMO|1|F,4RMO|1|J,4RMO|1|N,4RMO|1|L,4RMO|1|P"
"NR_4.0_96572.3","1UVL|1|B","1UVL|1|B,1UVL|1|F,1UVL|1|D"
"NR_4.0_31949.3","1UVN|1|F","1UVN|1|F,1UVN|1|B,1UVN|1|D"
"NR_4.0_88154.1","4RUM|1|A","4RUM|1|A"
"NR_4.0_63567.5","6XKO|1|A","6XKO|1|A,4RZD|1|A,6XKN|1|A,8TOZ|1|A,8VPV|1|A"
"NR_4.0_80828.3","4TS2|1|Y+4TS2|1|X","4TS2|1|Y+4TS2|1|X,4TS0|1|Y+4TS0|1|X"
"NR_4.0_63520.3","4TU0|1|G","4TU0|1|G,4TU0|1|F"
"NR_4.0_52096.4","4TUW|1|C","4TUW|1|C,4TUW|1|D,4TV0|1|B,4TUX|1|D,4TUX|1|C"
"NR_4.0_78624.1","1VQL|1|4","1VQL|1|4"
"NR_4.0_63152.1","1VQN|1|4","1VQN|1|4"
"NR_4.0_21747.1","4TYY|1|B","4TYY|1|B"
"NR_4.0_83891.29","9T4R|1|b","9T4R|1|b,9GHG|1|B,9TI8|1|B,9QEH|1|B,9QEG|1|B,9TI5|1|B,9TI7|1|B,7ASM|1|B,9GHH|1|B,9TI6|1|B,5NGM|1|AB,6S0X|1|B,6S0Z|1|B,9I88|1|B,7ASP|1|3,4WF9|1|Y,9I89|1|B,9RVC|1|b,7NHM|1|B,4WFA|1|Y,5HKV|1|Y,5HL7|1|Y,4WCE|1|Y,4WFB|1|Y,7NHL|1|B,5T7V|1|C,9TI9|1|B,7ASO|1|C,5NRG|1|Y,5ND8|1|B,5TCU|1|C,5ND9|1|B,7ASN|1|B,5LI0|1|B,6S12|1|B,6SJ6|1|B,6S13|1|B,7P48|1|B,8P2G|1|B,8P2F|1|B,8Y37|1|B,8P2H|1|B,8Y38|1|B,6HMA|1|B,8Y36|1|B,6YEF|1|B,8Y39|1|B"
"NR_4.0_44831.2","4L47|1|QY","4L47|1|QY,4L47|1|XY,4L71|1|XY,4LFZ|1|QY,4LFZ|1|XY,4L71|1|QY,1VVJ|1|XY,1VVJ|1|QY"
"NR_4.0_75005.1","4TZ6|1|B","4TZ6|1|B"
"NR_4.0_29269.1","1VY7|1|CV","1VY7|1|CV"
"NR_4.0_19039.3","1WPU|1|C","1WPU|1|C,1WPU|1|D"
"NR_4.0_04974.5","4U3L|1|A+4U3L|1|B","4U3L|1|A+4U3L|1|B,4U3O|1|A+4U3O|1|B,4U3R|1|A+4U3R|1|B,4U78|1|A+4U78|1|B,4U47|1|A+4U47|1|B,4U3P|1|A+4U3P|1|B"
"NR_4.0_04852.4","2UWM|1|D","2UWM|1|D,2UWM|1|C,2PLY|1|C,2PLY|1|E,1WSU|1|E,1WSU|1|F,1WSU|1|G"
"NR_4.0_63732.2","9K8Z|1|A+9K8Z|1|B","9K8Z|1|A+9K8Z|1|B,9K7R|1|A+9K7R|1|B,9KKZ|1|A+9KKZ|1|B,9KL1|1|A+9KL1|1|B,4U6K|1|A+4U6K|1|B,4U6K|1|C+4U6K|1|D,4U6M|1|A+4U6M|1|B,4U6L|1|A+4U6L|1|B"
"NR_4.0_82288.2","1ZFT|1|A+1ZFT|1|B","1ZFT|1|A+1ZFT|1|B,2P7F|1|A+2P7F|1|B,1ZFV|1|A+1ZFV|1|B,2D2L|1|A+2D2L|1|B,2FGP|1|A+2FGP|1|B,2OUE|1|A+2OUE|1|B,1ZFX|1|A+1ZFX|1|B,2D2K|1|A+2D2K|1|B,1X9C|1|A+1X9C|1|B,2BCZ|1|A+2BCZ|1|B,2NPZ|1|A+2NPZ|1|B,2BCY|1|A+2BCY|1|B,4G6R|1|A+4G6R|1|B"
"NR_4.0_39792.3","4U7U|1|L","4U7U|1|L,4U7U|1|X"
"NR_4.0_15756.3","4U8T|1|T","4U8T|1|T,4U8T|1|P,4U8T|1|Q,4U8T|1|S,4U8T|1|O,4U8T|1|R"
"NR_4.0_36308.3","6SAG|1|R","6SAG|1|R,6RLP|1|k,6RLP|1|i,6RLP|1|q,6RLP|1|f,6RLP|1|c,6RLP|1|t,6RLP|1|o,6RLP|1|p,6RLP|1|d,6RLP|1|e,6RLP|1|u,6RLP|1|r,6RLP|1|b,6RLP|1|s,6RLP|1|m,6RLP|1|n,6RLP|1|j,6RLP|1|h,6RLP|1|Z,6RLP|1|g,6RLP|1|a,6RLP|1|l,6RLP|1|R,6RLP|1|v,4UDV|1|R,7Q2R|1|B,7Q2S|1|B,6SAE|1|R"
"NR_4.0_73795.3","4WJ3|1|S","4WJ3|1|S,4WJ3|1|R,4WJ3|1|T,4WJ3|1|Q"
"NR_4.0_91690.1","4WJ4|1|B","4WJ4|1|B"
"NR_4.0_00358.2","4WQU|1|DV","4WQU|1|DV,4WQF|1|DV"
"NR_4.0_48056.1","1X9K|1|A+1X9K|1|B","1X9K|1|A+1X9K|1|B"
"NR_4.0_33135.2","4WRT|1|V+4WRT|1|R","4WRT|1|V+4WRT|1|R,7R0E|1|V+7R0E|1|M+7R0E|1|R,6QCW|1|V+6QCW|1|R+6QCW|1|M,6T0N|1|V+6T0N|1|R,6QCX|1|V+6QCX|1|R+6QCX|1|M,6SZV|1|V,8BEK|1|V+8BEK|1|R+8BEK|1|M,6QCV|1|V+6QCV|1|R+6QCV|1|M,7QTL|1|V,7R1F|1|V,7Z43|1|VVV+7Z43|1|RRR,4WSA|1|V+4WSA|1|R,6T0V|1|V,7ZPL|1|U,6QCT|1|V,5M3J|1|V+5M3J|1|R,6QCS|1|V+6QCS|1|R,7ZPL|1|V,5MSG|1|V+5MSG|1|R"
"NR_4.0_12666.2","3T1Y|1|W","3T1Y|1|W,1XMO|1|W"
"NR_4.0_61644.3","4X64|1|b+4X64|1|a","4X64|1|b+4X64|1|a,4X65|1|b+4X65|1|a,4X62|1|b+4X62|1|a,4X66|1|b+4X66|1|a,1XMQ|1|X+1XMQ|1|W,3T1H|1|X+3T1H|1|W,1XMO|1|X,3T1Y|1|X"
"NR_4.0_66773.2","5FQ5|1|A+5FQ5|1|E","5FQ5|1|A+5FQ5|1|E,5FW2|1|A+5FW2|1|C+5FW2|1|D,5FW3|1|A+5FW3|1|C+5FW3|1|D,4UN3|1|A+4UN3|1|C+4UN3|1|D,4UN4|1|A+4UN4|1|E,6K4Q|1|A+6K4Q|1|C+6K4Q|1|D,6AEG|1|A+6AEG|1|C+6AEG|1|D,4UN5|1|A+4UN5|1|E,5FW1|1|A+5FW1|1|C+5FW1|1|D,6K4P|1|A+6K4P|1|C+6K4P|1|D,6AEB|1|E+6AEB|1|G+6AEB|1|H,6K57|1|A+6K57|1|C+6K57|1|D,6AEB|1|A+6AEB|1|C+6AEB|1|D,6K4S|1|A+6K4S|1|C+6K4S|1|D,6K4U|1|A+6K4U|1|C+6K4U|1|D,6K3Z|1|A+6K3Z|1|C+6K3Z|1|D"
"NR_4.0_82938.1","1XNQ|1|X+1XNQ|1|W","1XNQ|1|X+1XNQ|1|W"
"NR_4.0_89364.1","1XOK|1|A+1XOK|1|B","1XOK|1|A+1XOK|1|B"
"NR_4.0_55925.3","4WSM|1|3L","4WSM|1|3L,4WSM|1|3K"
"NR_4.0_16153.1","4WSM|1|4K","4WSM|1|4K"
"NR_4.0_43299.1","5VW1|1|C","5VW1|1|C"
"NR_4.0_85268.1","4WT8|1|DV+4WT8|1|D2","4WT8|1|DV+4WT8|1|D2"
"NR_4.0_75200.1","4V2S|1|Q","4V2S|1|Q"
"NR_4.0_48365.1","1Y1Y|1|P","1Y1Y|1|P"
"NR_4.0_86701.1","4WTC|1|P+4WTC|1|T","4WTC|1|P+4WTC|1|T"
"NR_4.0_70496.1","1Y27|1|X","1Y27|1|X"
"NR_4.0_01782.1","4WTI|1|T+4WTI|1|P","4WTI|1|T+4WTI|1|P"
"NR_4.0_46995.72","9TV2|1|S2","9TV2|1|S2,9TT7|1|S2,8GLP|1|S2,8QOI|1|S2,9SPF|1|S2,8YOO|1|S2,9O3W|1|S2,9O3V|1|S2,9S3D|1|S2,9C3H|1|S2,9S3B|1|S2,8G5Y|1|S2,9S3C|1|S2,9QLO|1|S2,9I2D|1|S2,6ZLW|1|2,9SPI|1|S2,8T4S|1|2,8YOP|1|S2,9QLQ|1|S2,6ZXG|1|2,8G60|1|S2,9O3Y|1|S2,9RUC|1|S2,8G5Z|1|S2,9PBE|1|S2,6ZMI|1|S2,9FQZ|1|S2,9BKD|1|A,8K2C|1|S2,9P8B|1|S2,6ZP4|1|2,9RPV|1|S3,8PPL|1|A2,6ZXH|1|2,9QLP|1|S2,7XNY|1|S2,7XNX|1|S2,9P7E|1|S2,6ZM7|1|S2,8XSX|1|S2,9P7D|1|S2,9P7O|1|S2,8XXL|1|S2,9RPV|1|S2,6ZVH|1|2,9P73|1|S2,7MQA|1|L1+7MQA|1|L2,8PJ5|1|A,7K5I|1|2,28ZX|1|S2,9ED0|1|2,6ZOJ|1|2,9VXN|1|S2,9RUA|1|S2,6ZME|1|S2,9RU9|1|S2,9P7Y|1|S2,9RU8|1|S2,6ZMO|1|S2,22TU|1|S2,8PJ6|1|A,9P72|1|S2,9P7C|1|S2,6ZV6|1|2,6Y2L|1|S2,7WTX|1|2,9KRP|1|S2,7WTZ|1|2,9P7K|1|S2,28ZV|1|S2,7QVP|1|S2,8G61|1|S2,9P7A|1|S2,9P7X|1|S2,9KN5|1|S2,9P76|1|S2,9P6Z|1|S2,8XXM|1|S2,9P7N|1|S2,6ZMT|1|2,9I14|1|S2,6ZON|1|2,6Z6M|1|S2,7R4X|1|2,7WTU|1|2,9RU7|1|S2,9KN6|1|S2,9P9I|1|S2,6ZN5|1|2,9KN0|1|2,7WTT|1|2,28ZY|1|S2,6ZXE|1|2,9KZU|1|S2,6ZXD|1|2,8PJ4|1|A,8Y0X|1|S2,9KKF|1|S2,8XP2|1|S2,8OZ0|1|W,9KMW|1|2,8JDJ|1|w,6Y0G|1|S2,9PKB|1|S2,8G6J|1|S2,9P78|1|S2,9P7L|1|S2,9P9H|1|S2,9KMZ|1|2,9KMY|1|2,7A09|1|2,7WTW|1|2,6ZOK|1|2,7QVP|1|S3,6ZUO|1|2,9G8O|1|S2,6OM0|1|S2,6OLE|1|S2,9P7W|1|S2,9PKD|1|S2,6YBW|1|A,7WU0|1|2,8JDL|1|w,8XXN|1|S2,8XSY|1|S2,9PA7|1|S2,8XP3|1|S2,9KMT|1|2,8XSZ|1|S2,9MNC|1|S2,9KMV|1|2,8JDK|1|w,8PJ2|1|A,9KMU|1|2,6ZXF|1|2,8Y0W|1|S2,8JDM|1|w,9P8H|1|S2,28ZU|1|S2,6ZOL|1|2,8PJ1|1|A,9B0P|1|S2,6XA1|1|S2,6Y57|1|S2,7TQL|1|2,9B0Q|1|s2,7QP7|1|A,9KMX|1|2,9P79|1|S2,8IFE|1|2m,9P8C|1|S2,9BLN|1|A,7WTS|1|2,9Y4G|1|B2,9B0Q|1|S2,6ZVJ|1|2,9SYR|1|S1,8PJ3|1|A,9B0S|1|s2,4UG0|1|S2,9P7G|1|S2,8IFD|1|2m,6G5I|1|2,9P7F|1|S2,9G8M|1|S2,7WTV|1|2,9PKG|1|S2,9Y49|1|B2,9P7I|1|S2,9I2E|1|S2,9P7H|1|S2,6G5H|1|2,9M0P|1|S2,6G18|1|2,6IP5|1|2m,5A2Q|1|2,9B0S|1|S2,6OLI|1|S2,7MQ8|1|L1+7MQ8|1|L0+7MQ8|1|L2,6IP8|1|2m,9P7J|1|S2,9P8I|1|S2,9KZX|1|S2,5LKS|1|S2,6G4S|1|2,6OLG|1|B1,7MQ9|1|L1+7MQ9|1|L0+7MQ9|1|L2,28LN|1|A2,6OLF|1|S2,8RG0|1|A,6OLZ|1|B1,6OM7|1|S2,5A8L|1|B,5T2C|1|AA,6Z6L|1|S2,6Z6N|1|S2,6ZMW|1|A,5AJ0|1|B1,9RG7|1|S2,8PPK|1|2,6QZP|1|S2,8ZDB|1|2,8ZDD|1|2,8ZDC|1|2"
"NR_4.0_61884.1","4WTK|1|T+4WTK|1|P","4WTK|1|T+4WTK|1|P"
"NR_4.0_70063.1","4WTM|1|T+4WTM|1|P","4WTM|1|T+4WTM|1|P"
"NR_4.0_29423.3","4V4F|1|B6","4V4F|1|B6,4V4F|1|A5,4V4F|1|A3,4V4F|1|B0,4V4F|1|A2,4V4F|1|B9,4V4F|1|A8,4V4F|1|A1,4V4F|1|A9,4V4F|1|BZ,4V4F|1|B8,4V4F|1|B7,4V4F|1|B5,4V4F|1|A0,4V4F|1|A7,4V4F|1|A4,4V4F|1|B1,4V4F|1|B3,4V4F|1|A6,4V4F|1|AZ,4V4F|1|B4,4V4F|1|B2"
"NR_4.0_13899.3","4WZJ|1|XXX","4WZJ|1|XXX,4WZJ|1|YY,4WZJ|1|VV,4WZJ|1|VVV,4WZJ|1|YYYY,4WZJ|1|XX,4WZJ|1|V,4WZJ|1|XXXX,4WZJ|1|YYY,4WZJ|1|VVVV,4WZJ|1|Y,4WZJ|1|X"
"NR_4.0_39179.1","4WZM|1|B+4WZM|1|C","4WZM|1|B+4WZM|1|C"
"NR_4.0_37566.1","4X2B|1|B+4X2B|1|C","4X2B|1|B+4X2B|1|C"
"NR_4.0_26157.1","2XZO|1|D","2XZO|1|D"
"NR_4.0_26975.1","5JS1|1|B","5JS1|1|B"
"NR_4.0_54822.4","7KGB|1|y","7KGB|1|y,7MSM|1|y,7MSC|1|y,7MSZ|1|y,9E16|1|n,7MSH|1|y"
"NR_4.0_78183.1","2Y8Y|1|B","2Y8Y|1|B"
"NR_4.0_55504.1","5JXS|1|B+5JXS|1|C","5JXS|1|B+5JXS|1|C"
"NR_4.0_32787.5","7KGB|1|a","7KGB|1|a,7MT7|1|a,7MT2|1|a,7MSM|1|a,7MSC|1|a,9EBB|1|a,7MT3|1|a,7MSZ|1|a,7MSH|1|a,9J1M|1|a,9EC3|1|a,9E16|1|a,5V93|1|a,7SFR|1|a"
"NR_4.0_72322.3","2Y9H|1|F","2Y9H|1|F,2Y9H|1|B"
"NR_4.0_90565.4","7ZHG|1|4","7ZHG|1|4,7ZAH|1|4,7ZAI|1|4,9SRE|1|4,7ZAG|1|4"
"NR_4.0_24738.3","2Y9H|1|H","2Y9H|1|H,2Y9H|1|D"
"NR_4.0_46586.3","2Y9H|1|J","2Y9H|1|J,2Y9H|1|L"
"NR_4.0_15533.3","2Y9H|1|N","2Y9H|1|N,2Y9H|1|P"
"NR_4.0_99841.3","2YHM|1|K","2YHM|1|K,4V5V|1|AK,4V5V|1|BR,4V5V|1|AM,4V5V|1|BX"
"NR_4.0_70040.1","5K36|1|L","5K36|1|L"
"NR_4.0_54448.1","2BBV|1|N","2BBV|1|N"
"NR_4.0_28661.1","5K78|1|X","5K78|1|X"
"NR_4.0_92419.1","9EVS|1|5","9EVS|1|5"
"NR_4.0_33619.3","5K78|1|y","5K78|1|y,5K78|1|x"
"NR_4.0_95948.3","5VCI|1|A+5VCI|1|B","5VCI|1|A+5VCI|1|B,5VGW|1|A+5VGW|1|B,6U8F|1|A+6U8F|1|B,5VCF|1|A+5VCF|1|B,6U7Z|1|A+6U7Z|1|B,6U7Y|1|A+6U7Y|1|B"
"NR_4.0_72820.3","4TUE|1|XV","4TUE|1|XV,4TUE|1|QV"
"NR_4.0_08278.3","5K7D|1|A+5K7D|1|B","5K7D|1|A+5K7D|1|B,5K7C|1|A+5K7C|1|B,5K7E|1|A+5K7E|1|B"
"NR_4.0_29909.3","4V9Q|1|DV","4V9Q|1|DV,4V9Q|1|BV,4V9Q|1|DW,4V9Q|1|BW"
"NR_4.0_75610.1","5KCR|1|1v","5KCR|1|1v"
"NR_4.0_27657.3","5VJ9|1|C","5VJ9|1|C,5VJ9|1|D,5VJ9|1|B,5VJ9|1|A,5VJB|1|D,5VJB|1|A,5VJB|1|C,5VJB|1|B"
"NR_4.0_47349.1","4WT8|1|D4","4WT8|1|D4"
"NR_4.0_70012.5","8D71|1|B","8D71|1|B,8D6J|1|B,5KI6|1|B"
"NR_4.0_98434.3","6YTF|1|7","6YTF|1|7,6YS5|1|7"
"NR_4.0_37879.1","2C0B|1|R","2C0B|1|R"
"NR_4.0_83717.188","8B0X|1|a","8B0X|1|a,9Q87|1|a,9GHE|1|a,8CGV|1|a,8CGK|1|a,8CGD|1|a,9D89|1|D,8CEU|1|a,8FTO|1|a,8G6Y|1|a,9T6M|1|a,9T0Y|1|a,8BIM|1|0,9TQA|1|a,28UH|1|a,8BIL|1|0,7K00|1|a,8CAM|1|a,9TMI|1|a,9GHB|1|a,9GHA|1|a,28UI|1|a,8G6W|1|a,9TNL|1|a,9SYH|1|a,8EMM|1|a,28UJ|1|a,28UM|1|a,8BGE|1|0,9Q3R|1|A,9Q3Q|1|A,9JPP|1|a,28UK|1|a,8G6X|1|a,9PIJ|1|a,8BHL|1|0,30QZ|1|a,9GHD|1|a,8HSP|1|a,9GHF|1|a,9N2B|1|23,8E30|1|I,8BF7|1|0,8YUO|1|a,8BHP|1|0,8YUP|1|a,8YUQ|1|a,8HTZ|1|a,9B4Z|1|BA,9PII|1|a,9JPM|1|a,8IFB|1|a,9PIH|1|a,8EIU|1|a,9O2Y|1|a,8E49|1|I,9N2C|1|23,8YUS|1|a,28UN|1|a,7Z20|1|b,9RBF|1|a,28UL|1|a,7N1P|1|23,7LVK|1|I,8E3O|1|I,7Y7G|1|a,8E46|1|I,9B51|1|BA,7N2V|1|23,8W51|1|A,8BH4|1|0,8E42|1|I,8YUR|1|a,9CG5|1|a,9H0L|1|a,8E41|1|I,7N2U|1|23,9CG6|1|a,8E47|1|I,7S1H|1|I,8E45|1|I,9JQ2|1|a,7UG7|1|23,8E43|1|I,9SLG|1|a,7S1I|1|I,9T2J|1|a,9T2K|1|a,9GXX|1|a,9T2L|1|a,7Y7E|1|a,6YS3|1|b,9T2Q|1|a,9WNQ|1|b,9T2O|1|a,8EKC|1|A,9AX7|1|a,9T2N|1|a,9T2S|1|a,7S1G|1|I,9T2M|1|a,8RQ0|1|A,8RPZ|1|A,8RQ2|1|A,8E48|1|I,8E3M|1|I,9GHC|1|a,9AX8|1|A,9T2P|1|a,9TEX|1|a,7Y7F|1|a,8HU1|1|a,8J1Z|1|a,7N2C|1|23,9O2X|1|a,8E33|1|I,8ZFG|1|a,8G7R|1|A,30RA|1|a,5J7L|1|DA,7YLA|1|I,9R3A|1|a,7Y7C|1|a,9HYM|1|b,8ZEJ|1|b,9B50|1|BA,8ZTV|1|a,8ZTU|1|a,8G7P|1|A,7S1K|1|I,7P3K|1|a,8E44|1|I,9CG7|1|a,8E32|1|I,9T8O|1|a,7Y7H|1|a,9T8K|1|a,7ZTA|1|23S1,8BHJ|1|0,9T8M|1|a,9T8P|1|a,9T8R|1|a,9T1J|1|a,6QDW|1|b,9T2R|1|a,9T8L|1|a,8BGH|1|0,9T8S|1|a,8SYL|1|A,5J8A|1|DA,9T8T|1|a,8FZH|1|A,7N31|1|23,9SS6|1|D2,9T8Q|1|a,8E35|1|I,8IFC|1|a,9T8N|1|a,8E36|1|I,9T1G|1|a,9TEZ|1|V,9T1E|1|a,9RFW|1|a,5JC9|1|DA,9T5X|1|a,9WNR|1|b,8BHN|1|0,9T1F|1|a,11FV|1|I,6PJ6|1|I,7OIZ|1|a,9T1I|1|a,8FZJ|1|A,9T1H|1|a,7ZOD|1|b,5MDV|1|1,9T1A|1|a,9T1B|1|a,5H5U|1|A,6PCR|1|I,9TEW|1|a,7ZP8|1|b,9SS5|1|D2,8FZE|1|A,7ST2|1|1,8RPY|1|A,9SS4|1|D2,11BQ|1|a,8G7Q|1|A,4YBB|1|DA,8E3L|1|I,9T19|1|a,7Y7D|1|a,8FZI|1|A,9NL5|1|R1,8FZD|1|A,8PHJ|1|a,8G7S|1|A,5NWY|1|N,7OTC|1|A,7N30|1|23,9IOT|1|A,10QM|1|I,9QQQ|1|a,8ZFI|1|b,9QSJ|1|a,7Q4K|1|BA,5IT8|1|DA,7ZQ5|1|b,6PC5|1|I,6WD0|1|1,9XFL|1|I,9NLH|1|R1,6PCT|1|I,6ORE|1|1,7NSO|1|A,9RJA|1|a,8FZG|1|A,5J91|1|DA,5WE4|1|A,5WFS|1|A,9JPO|1|a,11EL|1|a,7BL4|1|A,6S0K|1|A,6PC7|1|I,5MDZ|1|1,6WDE|1|1,7ST6|1|1,9HUQ|1|b,7D6Z|1|A,8FZF|1|A,5J88|1|DA,7B5K|1|A,7ZQ6|1|b,7M5D|1|1,6PCS|1|I,5J7L|1|CA,9TEY|1|V,6PC6|1|I,11DG|1|a,8URM|1|1,4WOI|1|BA,6LKQ|1|t,7NBU|1|a,5J8A|1|CA,9HUS|1|b,4WOI|1|CA,6SZS|1|A,7SSO|1|1,9RTU|1|A,9NL6|1|R1,7OJ0|1|a,6PCQ|1|I,30RB|1|a,5WDT|1|A,6WNW|1|4,8VWQ|1|1,4V9P|1|EA,8KIE|1|a,7SSN|1|1,5JC9|1|CA,9MKK|1|a,6WNT|1|4,5UYM|1|01,9MQ4|1|1,4V9P|1|CA,6Y69|1|A,7K53|1|1,6WDD|1|1,6OM6|1|1,6I7V|1|DA,9NLF|1|R1,4V9P|1|GA,9ZTL|1|a,6XZB|1|A2,9I3L|1|b,4V9P|1|AA,7K54|1|1,9GFT|1|N,7NSQ|1|A,8W2N|1|1,5GAE|1|A,8UXB|1|1,9NL7|1|R1,5WE6|1|A,6XZA|1|A2,5MGP|1|A,9W0N|1|1,4V9O|1|EA,7JT1|1|1,4V9O|1|AA,7ST7|1|1,7SSD|1|1,9NLE|1|R1,6PC8|1|I,7K55|1|1,6WD1|1|1,9NLQ|1|R1,4V9O|1|CA,7LV0|1|1,6PCH|1|I,6ENU|1|A,5U9G|1|01,9NLJ|1|R1,4WWW|1|RA,5U9F|1|01,4WF1|1|BA,6VWL|1|2,4V6C|1|BA,6WDF|1|1,6WDG|1|1,6QUL|1|A,9HY6|1|b,9NLS|1|R1,4V9D|1|CA,6H4N|1|A,4V52|1|DB,7K50|1|1,7K52|1|1,9Y79|1|a,9NLB|1|R1,7BV8|1|A,4U27|1|BA,5WF0|1|A,4V57|1|DB,4V7T|1|BA,4V52|1|BB,5LZD|1|A,4V57|1|BB,7JT2|1|1,7CPJ|1|A,6WNV|1|4,7K51|1|1,5WFK|1|A,4YBB|1|CA,5J88|1|CA,8VV4|1|1,11GG|1|I,5LZE|1|A,9RTV|1|A,8CEP|1|a,9GGR|1|N,6WD2|1|1,4U1U|1|BA,6WDM|1|1,6Q9A|1|1,4V54|1|DB,6WD5|1|1,6WD3|1|1,8UTJ|1|1,4U24|1|BA,4U25|1|BA,4V7S|1|BA,5UYL|1|01,6BU8|1|01,5IQR|1|1,6WDK|1|1,6OG7|1|1,9NJF|1|R1,4U26|1|BA,8CGU|1|a,8VKV|1|a,6ORL|1|1,4V9O|1|GA,4V85|1|BA,4V50|1|DB,4V54|1|BB,6OFX|1|1,4V7U|1|BA,6OSK|1|1,4V64|1|DB,4V7V|1|BA,6WD4|1|1,6WYV|1|I,6U48|1|CA,8VUP|1|1,4V53|1|DB,9MOR|1|1,8UZ3|1|1,4V50|1|BB,5GAG|1|A,9HA6|1|A,4V64|1|BB,5GAD|1|A,6WD6|1|1,6BY1|1|CA,6VWN|1|2,6WD9|1|1,8T5D|1|B,8UX8|1|1,9H3Z|1|A,4V53|1|BB,6OGI|1|1,6WD8|1|1,9NJV|1|R1,6VWM|1|2,9SRO|1|a,6WDL|1|1,7JSZ|1|1,6WDJ|1|1,4V56|1|DB,6ENF|1|A,5KPW|1|27,6WDA|1|1,9HAI|1|A,7SSW|1|1,9NKL|1|R1,4V56|1|BB,8UZG|1|1,7JT3|1|1,9GFT|1|AV,5IT8|1|CA,7JSW|1|1,4V9D|1|DA,6BY1|1|DA,5KPS|1|28,8VSA|1|23S,4V55|1|DB,5GAH|1|A,8FIZ|1|BA,5UYK|1|01,3JBV|1|b,5UYQ|1|01,5O2R|1|A,9JMK|1|A,23WI|1|5+23WI|1|A,5J91|1|CA,4V55|1|BB,6C4I|1|A,5NP6|1|Y,5KPX|1|27,8CGR|1|a,6WD7|1|1,6C4H|1|A,4V4Q|1|DB,7SSL|1|1,8C8Y|1|A,6I7V|1|CA,7JSS|1|1,6OT3|1|1,9H3Y|1|A,4U1V|1|BA,4U1U|1|DA,5UYP|1|01,4V4Q|1|BB,7BL5|1|A,6OGF|1|1,4U20|1|BA,6OSQ|1|1,8UQL|1|a,8CGJ|1|a,4V89|1|BA,7SS9|1|1,6I0Y|1|A,3JBU|1|b,3JCJ|1|A,7NSP|1|A,8T5H|1|B,8G38|1|B,4U27|1|DA,4V9C|1|DA,8V03|1|1,5KCR|1|1A,8VS9|1|23S,5UYN|1|01,6XDQ|1|a,8UQP|1|a,8Y5L|1|1,6O9J|1|B,6OUO|1|1,8VOR|1|a,8C8Z|1|A,6WDI|1|1,9GGR|1|AV,7BL6|1|A,4U25|1|DA,9XFK|1|I,9HA5|1|A,6WDB|1|1,9T1C|1|a,4WF1|1|DA,4U1V|1|DA,8URY|1|a,7BL3|1|A,4V6D|1|BA,6GC8|1|A,6VYS|1|a,8C90|1|A,4V6C|1|DA,7QGN|1|N,6GC0|1|A,6GBZ|1|A,6DNC|1|B,4U20|1|DA,8Y5Q|1|1,4V6E|1|BA,4U24|1|DA,5JU8|1|BA,4U26|1|DA,4WWW|1|YA,6GWT|1|A,9H3U|1|A,6ENJ|1|A,9H3V|1|A,4V7T|1|DA,6GXM|1|A,9JSR|1|A,8C99|1|A,3J9Y|1|A,4V9C|1|BA,4V6D|1|DA,6GXO|1|A,6GXN|1|A,3J9Z|1|LA,7QG8|1|N,7BL2|1|A,9HA3|1|A,4V7S|1|DA,5KCS|1|1A,3J7Z|1|A,6O9K|1|A,9H3N|1|A,8VOO|1|a,8C92|1|A,9H3T|1|A,4V7V|1|DA,8C8X|1|A,8C94|1|A,5JTE|1|BA,8C98|1|A,5U4J|1|A,4V6E|1|DA,5U4I|1|A,4V7U|1|DA,3JA1|1|LA,6X7K|1|a,8UR0|1|a,4UY8|1|A,6X7F|1|a,8G2U|1|B,8G34|1|B,4V5B|1|CB,4V5B|1|AB,8G31|1|B,6X6T|1|a,3JCD|1|A,5L3P|1|A,3JCE|1|A,5J5B|1|DA,4V4H|1|DB,4V4H|1|BB,5J5B|1|CA,5MDY|1|1,7TOS|1|23S,6Q97|1|1,6HRM|1|1,8AYE|1|a,8QOA|1|a,7QQ3|1|I,8ANA|1|a,8QBT|1|A,8R6C|1|a,6XZ7|1|A,7PJS|1|A,8AKN|1|a,7O1A|1|BA,7S1J|1|I,9FBV|1|a,8R8M|1|a,7SA4|1|1,6YSS|1|A,7NWT|1|1,6TBV|1|23S1,6TC3|1|23S1,7O1C|1|BA,8P16|1|1,8P18|1|1,8QK7|1|1,8P17|1|1,8ZFF|1|a,9VVI|1|a,8AM9|1|a,7OT5|1|1,9XWO|1|a,7OII|1|1,7OIF|1|1,8B7Y|1|I,7O19|1|BA,5AFI|1|A,7NWW|1|1,7AC7|1|1,8PKL|1|7,8AP4|1|a,6YSR|1|A,7PJY|1|A,7PJV|1|A,6ZTP|1|BA,6ZU1|1|BA,6ZTO|1|BA,5MDW|1|1,7OIG|1|1,6YST|1|A,7ACJ|1|1,7ABZ|1|1,9GR1|1|a,8R3V|1|72,8PEG|1|7,8A3L|1|a,7ACR|1|1,8RCL|1|72,6ZTM|1|BA,8RCM|1|72,7ODE|1|I,6ZTJ|1|BA,5LZA|1|A,6YSU|1|A,7PJW|1|A,6ZTL|1|BA,6ZTN|1|BA,8R3V|1|71,8RCL|1|71,8RCM|1|71"
"NR_4.0_27756.3","3D2V|1|A","3D2V|1|A,3D2X|1|A,3D2V|1|B,3D2G|1|A,3D2X|1|B,2CKY|1|A,3D2G|1|B,2CKY|1|B"
"NR_4.0_73930.3","2YJY|1|C","2YJY|1|C,2YJY|1|D"
"NR_4.0_03624.1","5KL1|1|C","5KL1|1|C"
"NR_4.0_91231.3","3VYX|1|B+3VYX|1|C","3VYX|1|B+3VYX|1|C,4BPB|1|C+4BPB|1|D,2YKG|1|C+2YKG|1|D,3VYY|1|C+3VYY|1|D,3ZD7|1|C+3ZD7|1|D,3ZD6|1|C+3ZD6|1|D,3VYY|1|E+3VYY|1|F,3VYY|1|G"
"NR_4.0_11837.1","5KLA|1|B","5KLA|1|B"
"NR_4.0_71246.1","5VM9|1|B","5VM9|1|B"
"NR_4.0_16232.7","8VAW|1|A+8VAW|1|B","8VAW|1|A+8VAW|1|B,8VAX|1|AAA+8VAX|1|BBB,9YD3|1|A+9YD3|1|B,5L00|1|A+5L00|1|B,5L00|1|C+5L00|1|D,5KRG|1|C+5KRG|1|D,5KRG|1|A+5KRG|1|B,7U87|1|A+7U87|1|B,6U6J|1|A+6U6J|1|B,5V0H|1|A+5V0H|1|B,7U89|1|A+7U89|1|B,6C8O|1|A+6C8O|1|B,7U8A|1|A+7U8A|1|B,7U88|1|A+7U88|1|B,6C8N|1|A+6C8N|1|B,6C8M|1|A+6C8M|1|B"
"NR_4.0_73803.3","5VOE|1|A","5VOE|1|A,5VOF|1|A"
"NR_4.0_45251.3","5VPO|1|XV","5VPO|1|XV,5VPO|1|QV"
"NR_4.0_58761.3","2CSX|1|C","2CSX|1|C,2CT8|1|D,2CT8|1|C,2CSX|1|D"
"NR_4.0_63331.2","5VPO|1|XX","5VPO|1|XX,5VPO|1|QX"
"NR_4.0_42560.1","2ZI0|1|C+2ZI0|1|D","2ZI0|1|C+2ZI0|1|D"
"NR_4.0_75816.3","5VPP|1|QV","5VPP|1|QV,5VPP|1|XV,6NWY|1|QV,6NWY|1|XV"
"NR_4.0_39150.3","2CZJ|1|B","2CZJ|1|B,2CZJ|1|F,2CZJ|1|H,2CZJ|1|D"
"NR_4.0_62955.2","5VPP|1|QX","5VPP|1|QX,5VPP|1|XX,6NSH|1|XX,6NWY|1|XX,6NWY|1|QX"
"NR_4.0_62940.3","2D6F|1|F","2D6F|1|F,2D6F|1|E"
"NR_4.0_59612.3","2DB3|1|E","2DB3|1|E,2DB3|1|F,2DB3|1|H,2DB3|1|G"
"NR_4.0_98075.1","2ZZM|1|B","2ZZM|1|B"
"NR_4.0_82385.2","6UFJ|1|C+6UFJ|1|D+6UFJ|1|F","6UFJ|1|C+6UFJ|1|D+6UFJ|1|F,6UFJ|1|A+6UFJ|1|B+6UFJ|1|E,6UEY|1|C+6UEY|1|D,6UEY|1|A+6UEY|1|B,5KTJ|1|A+5KTJ|1|B,5KTJ|1|C+5KTJ|1|D,6UF1|1|C+6UF1|1|D,6UFK|1|A+6UFK|1|B+6UFK|1|E,6UFK|1|C+6UFK|1|D+6UFK|1|F,6UF1|1|A+6UF1|1|B"
"NR_4.0_05181.1","5VT0|1|R","5VT0|1|R"
"NR_4.0_44285.4","8HSP|1|V","8HSP|1|V,8YUQ|1|V,8YUP|1|V,8YUR|1|V,8YUS|1|V,8HTZ|1|V,8HU1|1|V,2DER|1|D,2DER|1|C,2DET|1|C,2DEU|1|D,2DEU|1|C"
"NR_4.0_02729.1","5VZJ|1|N","5VZJ|1|N"
"NR_4.0_28277.5","8ZTV|1|Y","8ZTV|1|Y,8ZTU|1|Y,30RA|1|Z,7D6Z|1|3,30QZ|1|Z,5JU8|1|AX,5JTE|1|AX,30RB|1|Z"
"NR_4.0_85536.3","5W1H|1|B","5W1H|1|B,5W1I|1|B,5W1I|1|D"
"NR_4.0_27133.1","5W3V|1|G+5W3V|1|H","5W3V|1|G+5W3V|1|H"
"NR_4.0_43598.1","5KVJ|1|A+5KVJ|1|B","5KVJ|1|A+5KVJ|1|B"
"NR_4.0_17334.1","5WEA|1|B","5WEA|1|B"
"NR_4.0_14080.1","315D|1|A+315D|1|B","315D|1|A+315D|1|B"
"NR_4.0_99639.2","5WNT|1|b+5WNT|1|a","5WNT|1|b+5WNT|1|a,5WNP|1|b+5WNP|1|a,5WNV|1|b+5WNV|1|a"
"NR_4.0_83181.1","2DLC|1|Y","2DLC|1|Y"
"NR_4.0_34846.1","5L3P|1|y","5L3P|1|y"
"NR_4.0_93809.1","5WSG|1|B","5WSG|1|B"
"NR_4.0_27778.3","5WT1|1|C","5WT1|1|C,5WT1|1|F,5WT3|1|C"
"NR_4.0_90696.1","5WTK|1|B","5WTK|1|B"
"NR_4.0_63837.1","5WTY|1|D","5WTY|1|D"
"NR_4.0_84932.3","5WWF|1|B","5WWF|1|B,5WWF|1|D"
"NR_4.0_19056.1","5WWG|1|B","5WWG|1|B"
"NR_4.0_14761.1","5WWX|1|C","5WWX|1|C"
"NR_4.0_75524.1","2E5L|1|2","2E5L|1|2"
"NR_4.0_42548.1","5WZH|1|B","5WZH|1|B"
"NR_4.0_53841.3","2E9T|1|B+2E9T|1|C","2E9T|1|B+2E9T|1|C,2E9T|1|E+2E9T|1|F"
"NR_4.0_90371.1","5WZJ|1|B","5WZJ|1|B"
"NR_4.0_62003.1","2E9Z|1|B+2E9Z|1|C","2E9Z|1|B+2E9Z|1|C"
"NR_4.0_00611.2","5X2G|1|B+5X2G|1|C+5X2G|1|D","5X2G|1|B+5X2G|1|C+5X2G|1|D,5X2H|1|B+5X2H|1|C+5X2H|1|D"
"NR_4.0_10787.1","5X6B|1|P","5X6B|1|P"
"NR_4.0_67830.2","8C6J|1|2+8C6J|1|6+8C6J|1|I","8C6J|1|2+8C6J|1|6+8C6J|1|I,7W5A|1|H+7W5A|1|F,7W59|1|H+7W59|1|F,6ICZ|1|H+6ICZ|1|F+6ICZ|1|G,6QDV|1|2+6QDV|1|6+6QDV|1|I,9FMD|1|2+9FMD|1|6,5XJC|1|H+5XJC|1|F"
"NR_4.0_01315.4","7B9V|1|2+7B9V|1|6","7B9V|1|2+7B9V|1|6,6J6G|1|L+6J6G|1|E,5LJ3|1|Z+5LJ3|1|V,6J6Q|1|L+6J6Q|1|E,6J6H|1|L+6J6H|1|E,6J6N|1|L+6J6N|1|E"
"NR_4.0_32676.1","2F8K|1|B","2F8K|1|B"
"NR_4.0_10362.3","5LM7|1|G","5LM7|1|G,5LM7|1|R"
"NR_4.0_23835.1","5XTM|1|B","5XTM|1|B"
"NR_4.0_89224.1","2F8T|1|C+2F8T|1|D","2F8T|1|C+2F8T|1|D"
"NR_4.0_14693.2","5LMN|1|Y","5LMN|1|Y"
"NR_4.0_32338.2","5XUZ|1|B+5XUZ|1|C+5XUZ|1|D","5XUZ|1|B+5XUZ|1|C+5XUZ|1|D,5XUZ|1|F+5XUZ|1|G+5XUZ|1|H,5XUS|1|B+5XUS|1|C+5XUS|1|D,5XUT|1|B+5XUT|1|C+5XUT|1|D,5XUU|1|B+5XUU|1|C+5XUU|1|D,6NMA|1|G,6NM9|1|G,6NM9|1|E,6OMV|1|G+6OMV|1|E+6OMV|1|F,6NMD|1|G"
"NR_4.0_49696.1","5LQT|1|A+5LQT|1|B","5LQT|1|A+5LQT|1|B"
"NR_4.0_86088.3","5LR4|1|A+5LR4|1|B","5LR4|1|A+5LR4|1|B,5LR4|1|C+5LR4|1|D"
"NR_4.0_96413.3","5LR5|1|C+5LR5|1|D","5LR5|1|C+5LR5|1|D,5LR5|1|A+5LR5|1|B"
"NR_4.0_08929.1","5LTA|1|E","5LTA|1|E"
"NR_4.0_77413.3","5USG|1|B+5USG|1|C","5USG|1|B+5USG|1|C,2G8I|1|B+2G8I|1|C,2G8F|1|B+2G8F|1|C,3TWH|1|B+3TWH|1|C,3ULD|1|B+3ULD|1|C,9YK1|1|B+9YK1|1|C,5USA|1|B+5USA|1|C,5W7O|1|B+5W7O|1|C,5WJR|1|B+5WJR|1|C,5USE|1|B+5USE|1|C,5US2|1|B+5US2|1|C,2G8K|1|B+2G8K|1|C,5W7N|1|B+5W7N|1|C,2R7Y|1|B+2R7Y|1|C,2G8V|1|B+2G8V|1|C,2G8H|1|B+2G8H|1|C,2G8W|1|B+2G8W|1|C,9YK5|1|B+9YK5|1|C,2G8U|1|B+2G8U|1|C"
"NR_4.0_37454.1","5XWG|1|A","5XWG|1|A"
"NR_4.0_75645.1","5XXB|1|1+5XXB|1|4","5XXB|1|1+5XXB|1|4"
"NR_4.0_97393.1","5LZD|1|x","5LZD|1|x"
"NR_4.0_48721.1","5XXU|1|2","5XXU|1|2"
"NR_4.0_65261.2","5LZE|1|y","5LZE|1|y"
"NR_4.0_46024.1","5XY3|1|3","5XY3|1|3"
"NR_4.0_83665.3","5Y58|1|X","5Y58|1|X,5Y58|1|Y,5Y58|1|Z"
"NR_4.0_90603.1","5M0I|1|E","5M0I|1|E"
"NR_4.0_57646.1","5M0J|1|E","5M0J|1|E"
"NR_4.0_19377.4","9F37|1|V+9F37|1|R","9F37|1|V+9F37|1|R,9F2R|1|V+9F2R|1|R,5M3H|1|V+5M3H|1|R,6FHH|1|V+6FHH|1|R,6FHI|1|V+6FHI|1|R,6EVK|1|V+6EVK|1|R,6EVJ|1|V+6EVJ|1|R,6EVJ|1|U+6EVJ|1|S"
"NR_4.0_39119.1","2G92|1|A+2G92|1|B","2G92|1|A+2G92|1|B"
"NR_4.0_49071.1","5YKI|1|C","5YKI|1|C"
"NR_4.0_38180.1","5MFX|1|B","5MFX|1|B"
"NR_4.0_50496.1","5YTT|1|B","5YTT|1|B"
"NR_4.0_65363.2","8I0W|1|H+8I0W|1|F+8I0W|1|6","8I0W|1|H+8I0W|1|F+8I0W|1|6"
"NR_4.0_83260.1","5Z4D|1|B","5Z4D|1|B"
"NR_4.0_56860.1","5Z9X|1|R","5Z9X|1|R"
"NR_4.0_42241.5","7TZS|1|X","7TZS|1|X,2GDI|1|X,2GDI|1|Y,7TZS|1|Y,7TDA|1|A,7TDB|1|A,4NYA|1|A,2HOJ|1|A,7TDC|1|A,7TZR|1|X,2HOL|1|A,2HOM|1|A,4NYC|1|A,7TZR|1|Y,4NYD|1|A,7TZT|1|A,4NYB|1|A,7TZU|1|A,2HOO|1|A,7TD7|1|A,4NYA|1|B,2HOK|1|A,4NYG|1|A,2HOP|1|A"
"NR_4.0_58480.2","5ZKJ|1|C+5ZKJ|1|D","5ZKJ|1|C+5ZKJ|1|D,5ZKJ|1|E+5ZKJ|1|F"
"NR_4.0_29074.1","5ZLU|1|DD","5ZLU|1|DD"
"NR_4.0_00121.1","5ZQ0|1|B","5ZQ0|1|B"
"NR_4.0_49011.1","5ZRF|1|D+5ZRF|1|F+5ZRF|1|C+5ZRF|1|E","5ZRF|1|D+5ZRF|1|F+5ZRF|1|C+5ZRF|1|E"
"NR_4.0_89816.1","23JY|1|A+23JY|1|B","23JY|1|A+23JY|1|B"
"NR_4.0_75870.2","5UK4|1|x","5UK4|1|x,5UK4|1|v,5UK4|1|w,5UK4|1|u,3PU4|1|R,2GIC|1|R,3HHZ|1|R,6BJY|1|R"
"NR_4.0_71483.1","5MJV|1|D","5MJV|1|D"
"NR_4.0_03325.1","5ZUU|1|E+5ZUU|1|F","5ZUU|1|E+5ZUU|1|F"
"NR_4.0_84517.3","5FJC|1|A","5FJC|1|A,5FK4|1|A,2YGH|1|A,4B5R|1|A,3GX5|1|A,5FK3|1|A,5FK2|1|A,5FKF|1|A,5FK6|1|A,7EAF|1|A,3GX3|1|A,3IQR|1|A,3IQP|1|A,5FKD|1|A,5FK1|1|A,3IQN|1|A,2GIS|1|A,5FKH|1|A,3GX7|1|A,2YDH|1|A,5FKG|1|A,3GX2|1|A,5FKE|1|A,3GX6|1|A,5FK5|1|A"
"NR_4.0_63277.1","5ZWM|1|G","5ZWM|1|G"
"NR_4.0_90654.2","8I0R|1|H+8I0R|1|F+8I0R|1|G","8I0R|1|H+8I0R|1|F+8I0R|1|G,8I0T|1|H+8I0T|1|F,8I0V|1|H+8I0V|1|F+8I0V|1|G,8I0P|1|H+8I0P|1|F+8I0P|1|G,7ONB|1|H+7ONB|1|G,8I0U|1|H+8I0U|1|F,7Q3L|1|2,8HK1|1|H,7VPX|1|H+7VPX|1|I,7EVO|1|H,8H6J|1|2A+8H6J|1|6A"
"NR_4.0_77102.2","8W2O|1|R","8W2O|1|R,6N7X|1|R,6N7R|1|R,6N7P|1|R+6N7P|1|r,5ZWN|1|P+5ZWN|1|G"
"NR_4.0_99228.1","5ZWO|1|H+5ZWO|1|I+5ZWO|1|F","5ZWO|1|H+5ZWO|1|I+5ZWO|1|F"
"NR_4.0_18914.3","6AAX|1|B","6AAX|1|B,6AAX|1|D"
"NR_4.0_04979.1","6AAY|1|B","6AAY|1|B"
"NR_4.0_09770.1","246D|1|A+246D|1|B","246D|1|A+246D|1|B"
"NR_4.0_24457.3","6AHU|1|A","6AHU|1|A,6AHR|1|A"
"NR_4.0_87178.1","24YW|1|A","24YW|1|A"
"NR_4.0_62804.1","6AHU|1|T","6AHU|1|T"
"NR_4.0_19715.1","255D|1|A","255D|1|A"
"NR_4.0_10432.2","6AR1|1|C+6AR1|1|B","6AR1|1|C+6AR1|1|B,6AR1|1|F+6AR1|1|E,6AR3|1|C+6AR3|1|B,6AR3|1|F+6AR3|1|E"
"NR_4.0_78802.1","2GJE|1|S","2GJE|1|S"
"NR_4.0_16709.1","25XN|1|B+25XN|1|C","25XN|1|B+25XN|1|C,25XO|1|B+25XO|1|C"
"NR_4.0_65683.1","6AR5|1|B+6AR5|1|A","6AR5|1|B+6AR5|1|A"
"NR_4.0_38976.1","25XN|1|D","25XN|1|D,25XO|1|D"
"NR_4.0_72335.3","5MSF|1|R","5MSF|1|R,5MSF|1|S"
"NR_4.0_96856.1","6AZ4|1|A+6AZ4|1|B","6AZ4|1|A+6AZ4|1|B"
"NR_4.0_40739.1","25XN|1|E","25XN|1|E,25XO|1|E"
"NR_4.0_66736.1","5MSG|1|M","5MSG|1|M"
"NR_4.0_61619.1","25XN|1|F","25XN|1|F,25XO|1|F"
"NR_4.0_57114.3","5N94|1|D","5N94|1|D,5N94|1|C"
"NR_4.0_68573.3","6UU0|1|333","6UU0|1|333,6B6H|1|3"
"NR_4.0_46729.1","26JZ|1|C","26JZ|1|C"
"NR_4.0_77294.3","5NDH|1|B","5NDH|1|B,5NDH|1|A,5NDH|1|D,5NDH|1|C"
"NR_4.0_93070.3","6BBO|1|F+6BBO|1|G","6BBO|1|F+6BBO|1|G,6BBO|1|B+6BBO|1|C"
"NR_4.0_56401.1","9Q0I|1|A+9Q0I|1|B","9Q0I|1|A+9Q0I|1|B,9Q0I|1|E+9Q0I|1|F,6BGB|1|A+6BGB|1|B,9Q0I|1|C,9Q0I|1|D,6BGB|1|C"
"NR_4.0_50837.1","9TVU|1|1+9TVU|1|4","9TVU|1|1+9TVU|1|4,28LU|1|1+28LU|1|4,28JW|1|1+28JW|1|4"
"NR_4.0_66896.3","5NDI|1|B","5NDI|1|B,5NDI|1|A,5NDI|1|C,5NDI|1|D"
"NR_4.0_76177.1","2GXB|1|E+2GXB|1|F","2GXB|1|E+2GXB|1|F"
"NR_4.0_91124.5","6HC5|1|A","6HC5|1|A,5NEP|1|A,6HBT|1|A,6HBX|1|A,5NEX|1|A,5NEO|1|A,5NEQ|1|A,5NEF|1|A,5NOM|1|A"
"NR_4.0_29537.3","6BHJ|1|E","6BHJ|1|E,6BHJ|1|F"
"NR_4.0_06221.1","9TVU|1|3","9TVU|1|3,28LU|1|3,28JW|1|3"
"NR_4.0_99751.1","2HVY|1|E","2HVY|1|E"
"NR_4.0_20621.2","6BSG|1|R+6BSG|1|D","6BSG|1|R+6BSG|1|D,6BSH|1|R+6BSH|1|D,6BSJ|1|R+6BSJ|1|D"
"NR_4.0_56536.1","6BY1|1|AX","6BY1|1|AX"
"NR_4.0_23821.1","28JW|1|xx","28JW|1|xx"
"NR_4.0_79576.1","6BZ7|1|QY","6BZ7|1|QY"
"NR_4.0_96358.1","28LN|1|B2","28LN|1|B2"
"NR_4.0_01336.2","5NFV|1|B+5NFV|1|C+5NFV|1|D","5NFV|1|B+5NFV|1|C+5NFV|1|D,6I1K|1|B+6I1K|1|C+6I1K|1|D,6I1L|1|E+6I1L|1|F,6I1L|1|B+6I1L|1|C,5NG6|1|F,5NG6|1|H,5NG6|1|D,5NG6|1|B"
"NR_4.0_51660.5","5GAD|1|1","5GAD|1|1,5GAG|1|1,5GAH|1|1"
"NR_4.0_74222.1","9T6H|1|B","9T6H|1|B,9SDA|1|B,28NT|1|B"
"NR_4.0_09715.3","5NS3|1|C","5NS3|1|C,5NS4|1|C,5NS4|1|D,5NS3|1|D"
"NR_4.0_69813.20","9TQA|1|Y","9TQA|1|Y,28UI|1|Y,9TMI|1|Y,28UM|1|Y,28UK|1|Y,7EQJ|1|B,7EQJ|1|A,9B51|1|AW,28UH|1|Y,28UJ|1|Y,9B4Z|1|AW,9TNL|1|Y,6OF1|1|1w,6CAE|1|1y,5IBB|1|1K,9RFW|1|Z,8URM|1|6,9NL5|1|T,6O97|1|1w,6OF1|1|2w,6OF1|1|1y,6CAE|1|1w,9B4Z|1|AY,6O97|1|1y,6CAE|1|2w,6CAE|1|2y,6ND6|1|1y,6OF1|1|2y,5IBB|1|3L,6BY1|1|AW,6ND6|1|1w,6O97|1|2y,6BY1|1|BW,6O97|1|2w,6BY1|1|BV,6BY1|1|AV,6ND6|1|2y,9RJA|1|Z,7K00|1|Y,9B51|1|AY,5IBB|1|3K,6ND6|1|2w,6N1D|1|BPTN,9NJF|1|T,28UL|1|Y,6N1D|1|APTN,28UN|1|Y,7B5K|1|9,6BY1|1|AY,8PEG|1|Y,8R3V|1|Y1,8RCL|1|Y1,8RCM|1|Y1"
"NR_4.0_77683.1","2JEA|1|C","2JEA|1|C"
"NR_4.0_01073.3","5NWQ|1|A","5NWQ|1|A,5NY8|1|A,5NZD|1|A,5NZD|1|B,5NWQ|1|B,5O62|1|A,5NZ3|1|A,5NY8|1|B,5O69|1|A,5NZ6|1|A,5NZ3|1|B,5O62|1|B,5O69|1|B"
"NR_4.0_09332.3","2JLV|1|C","2JLV|1|C,2JLX|1|C,2JLV|1|D,2JLX|1|D,2JLU|1|C,2JLZ|1|D,2JLZ|1|C,2JLU|1|D,2JLY|1|C,2JLY|1|D"
"NR_4.0_59755.3","2JLW|1|D","2JLW|1|D,2JLW|1|C"
"NR_4.0_95363.6","3K1V|1|A","3K1V|1|A,3FU2|1|C,3FU2|1|B,3FU2|1|A"
"NR_4.0_11028.1","5O1Y|1|B","5O1Y|1|B"
"NR_4.0_78007.1","5O20|1|B","5O20|1|B"
"NR_4.0_86436.3","2PN3|1|A+2PN3|1|B","2PN3|1|A+2PN3|1|B,2PN4|1|A+2PN4|1|B,2PN4|1|C+2PN4|1|D,2NOK|1|C+2NOK|1|D,2NOK|1|A+2NOK|1|B"
"NR_4.0_69933.1","5O5J|1|X","5O5J|1|X"
"NR_4.0_11709.6","9TJW|1|B","9TJW|1|B,9TJV|1|B,9TJW|1|D,3ZGZ|1|B,9TJU|1|B,9TJV|1|D,4AQ7|1|B,4AS1|1|B,3ZGZ|1|E,9TWT|1|B,8POT|1|B,4ARI|1|B,5OMW|1|B,4AQ7|1|E,9TWR|1|B,3ZJT|1|B,5OMW|1|E,4CQN|1|B,3ZJU|1|B,9TWV|1|B,5ON2|1|B,5ONH|1|B,9TWS|1|B,4ARC|1|B,5ON2|1|E,5ONH|1|E,5ON3|1|B,9TJT|1|B,4CQN|1|E,3ZJV|1|B,5ON3|1|E,9TWU|1|B,2NQP|1|F"
"NR_4.0_45009.1","28YE|1|c","28YE|1|c"
"NR_4.0_83098.14","8XSX|1|CC","8XSX|1|CC,6ZP4|1|1,8PPL|1|Iw,9YPZ|1|13,9YQ1|1|13,9YQ0|1|13,9YPY|1|13,9SPF|1|Et,8K2C|1|CC,28ZX|1|G,9SPI|1|Et,7QVP|1|B5,8PJ5|1|w,9YPW|1|13,9I14|1|B4,9KRP|1|zy,7A09|1|f,8PJ6|1|w,9YPO|1|13,6Y57|1|B4,8XSZ|1|CC,9KN6|1|zy,9YPG|1|13,28ZV|1|G,9YPS|1|13,9YPT|1|13,8PJ4|1|w,28ZY|1|G,9RU9|1|Et,9YPV|1|13,9RUA|1|S6,8PJ1|1|w,9M0P|1|S6,4UG0|1|S6,9YPZ|1|11,8PJ2|1|w,9YQ1|1|11,9YQ0|1|11,9RU8|1|S6,7TQL|1|3,9YPY|1|11,28ZU|1|G,8PJ3|1|w,9YPV|1|11,5T2C|1|An,9YPS|1|11,9YPW|1|11,9YPO|1|11,9YPT|1|11,8XSZ|1|CD,9YPG|1|11,8XSY|1|CC,6QZP|1|S6"
"NR_4.0_89181.12","9N5T|1|B","9N5T|1|B,8FR8|1|B,8V9L|1|B,8WHX|1|B,8V9J|1|B,8WHY|1|B,8VR4|1|B,8V9K|1|B,7XAM|1|B,8VKI|1|B,8VIO|1|B,8VK7|1|B,8WI8|1|B,8VK0|1|B,8KAB|1|B,8WIB|1|B,6DZI|1|B,5O60|1|B,5XYM|1|B,8VRL|1|B,8WI7|1|B,6DZP|1|B,9B1Y|1|U,8VPK|1|B,8WIC|1|B,9K10|1|B,8VR8|1|B,8XZ3|1|B,9B24|1|U,9B1W|1|U,9B1X|1|U,8VKW|1|B,7S0S|1|i,5O61|1|B"
"NR_4.0_80987.1","2NUE|1|C","2NUE|1|C"
"NR_4.0_32332.3","5E81|1|3L","5E81|1|3L,5E81|1|3K"
"NR_4.0_06980.2","5EBI|1|E+5EBI|1|F","5EBI|1|E+5EBI|1|F,5EBI|1|A+5EBI|1|B,5EBI|1|G+5EBI|1|H,5EBI|1|C+5EBI|1|D"
"NR_4.0_76680.2","5ED1|1|B+5ED1|1|C","5ED1|1|B+5ED1|1|C,5HP3|1|B+5HP3|1|C,5HP2|1|B+5HP2|1|C"
"NR_4.0_73746.1","2OE5|1|B+2OE5|1|A","2OE5|1|B+2OE5|1|A"
"NR_4.0_46455.1","5O61|1|BX","5O61|1|BX"
"NR_4.0_36247.1","2OIU|1|Q","2OIU|1|Q"
"NR_4.0_55334.1","5ELK|1|R","5ELK|1|R"
"NR_4.0_49738.3","7ASE|1|0","7ASE|1|0,5OPT|1|E"
"NR_4.0_51148.1","5ELS|1|H","5ELS|1|H"
"NR_4.0_79022.1","6RXV|1|C1+6RXV|1|C2","6RXV|1|C1+6RXV|1|C2,5OQL|1|1+5OQL|1|2,6RXU|1|C1+6RXU|1|C2,9XAG|1|C1+9XAG|1|C2,9XA8|1|C1+9XA8|1|C2,9XAH|1|C1+9XAH|1|C2,9XAF|1|C1+9XAF|1|C2,9XA7|1|C1+9XA7|1|C2"
"NR_4.0_09020.3","5ELT|1|F","5ELT|1|F,5ELT|1|E"
"NR_4.0_32733.1","2PO1|1|C","2PO1|1|C"
"NR_4.0_48174.1","5EME|1|A+5EME|1|B","5EME|1|A+5EME|1|B"
"NR_4.0_94252.1","5EMO|1|E","5EMO|1|E"
"NR_4.0_39625.3","3Q1Q|1|B","3Q1Q|1|B,2A2E|1|A"
"NR_4.0_15161.1","5EN1|1|B","5EN1|1|B"
"NR_4.0_12772.3","6AZ1|1|1","6AZ1|1|1,5T2A|1|2,5OSG|1|2"
"NR_4.0_08420.1","2A43|1|A","2A43|1|A"
"NR_4.0_47162.3","3PDR|1|X","3PDR|1|X,3PDR|1|A,2QBZ|1|X"
"NR_4.0_62764.1","5EV1|1|B","5EV1|1|B"
"NR_4.0_20153.3","6L5N|1|C","6L5N|1|C,8ENK|1|M,9RV1|1|1,5SUP|1|D,5SUP|1|E,5SUP|1|F"
"NR_4.0_63781.1","2QK9|1|B+2QK9|1|C","2QK9|1|B+2QK9|1|C"
"NR_4.0_34927.2","5EW4|1|A+5EW4|1|B","5EW4|1|A+5EW4|1|B,5EW7|1|A+5EW7|1|B"
"NR_4.0_30419.2","4H8K|1|C+4H8K|1|D","4H8K|1|C+4H8K|1|D,2QKK|1|C+2QKK|1|D,2QKK|1|G+2QKK|1|H,2QKK|1|T+2QKK|1|U,2QKK|1|O+2QKK|1|P,2QKK|1|K+2QKK|1|L,2QKK|1|X+2QKK|1|Z"
"NR_4.0_28023.1","5EX7|1|B","5EX7|1|B"
"NR_4.0_15736.1","5SWM|1|C+5SWM|1|D","5SWM|1|C+5SWM|1|D"
"NR_4.0_39506.1","5F5F|1|F","5F5F|1|F"
"NR_4.0_58991.1","5F5H|1|D","5F5H|1|D"
"NR_4.0_20758.4","5F8J|1|B+5F8J|1|C","5F8J|1|B+5F8J|1|C,5F8H|1|B+5F8H|1|C,5F8G|1|B+5F8G|1|C,5F8I|1|B+5F8I|1|C,7W9S|1|B+7W9S|1|C"
"NR_4.0_02266.1","5T5H|1|A+5T5H|1|B+5T5H|1|C","5T5H|1|A+5T5H|1|B+5T5H|1|C"
"NR_4.0_26892.1","5T5H|1|E","5T5H|1|E"
"NR_4.0_90150.1","5T5H|1|G","5T5H|1|G"
"NR_4.0_58198.3","2R1S|1|A+2R1S|1|B","2R1S|1|A+2R1S|1|B,2R21|1|A+2R21|1|B,2R22|1|A+2R22|1|B,2R20|1|A+2R20|1|B"
"NR_4.0_30259.1","5T7B|1|R","5T7B|1|R"
"NR_4.0_91539.1","5T83|1|A","5T83|1|A"
"NR_4.0_16115.3","2R7X|1|X","2R7X|1|X,2R7X|1|Y,2R7R|1|X,2R7W|1|X"
"NR_4.0_66870.2","5TGM|1|P","5TGM|1|P,5TGM|1|p"
"NR_4.0_34681.3","5THE|1|H","5THE|1|H,5THE|1|F,5THE|1|B,5THE|1|D"
"NR_4.0_46239.1","2R7S|1|X","2R7S|1|X"
"NR_4.0_37940.1","2R7U|1|X","2R7U|1|X"
"NR_4.0_71084.2","5U0Q|1|C+5U0Q|1|D","5U0Q|1|C+5U0Q|1|D,5U0Q|1|A+5U0Q|1|B,5TKO|1|A+5TKO|1|B,5TKO|1|C+5TKO|1|D"
"NR_4.0_50660.1","2R92|1|T+2R92|1|P","2R92|1|T+2R92|1|P"
"NR_4.0_48282.1","2RFK|1|E+2RFK|1|D+2RFK|1|F","2RFK|1|E+2RFK|1|D+2RFK|1|F"
"NR_4.0_01439.1","5TPY|1|A","5TPY|1|A"
"NR_4.0_50389.1","2UU9|1|X","2UU9|1|X"
"NR_4.0_16594.1","5G4T|1|A+5G4T|1|B","5G4T|1|A+5G4T|1|B"
"NR_4.0_03119.2","6C66|1|J+6C66|1|L+6C66|1|N","6C66|1|J+6C66|1|L+6C66|1|N,5U0A|1|K+5U0A|1|M+5U0A|1|O,5U07|1|K+5U07|1|M+5U07|1|O"
"NR_4.0_97883.1","2UUB|1|X","2UUB|1|X"
"NR_4.0_61677.1","2UXB|1|Y","2UXB|1|Y"
"NR_4.0_04754.1","5U3G|1|B","5U3G|1|B"
"NR_4.0_42850.1","2UXD|1|X","2UXD|1|X"
"NR_4.0_29312.1","2V6W|1|A+2V6W|1|B","2V6W|1|A+2V6W|1|B"
"NR_4.0_89190.1","5GAM|1|W","5GAM|1|W"
"NR_4.0_36129.3","2VAL|1|A+2VAL|1|C","2VAL|1|A+2VAL|1|C,2VAL|1|B+2VAL|1|D"
"NR_4.0_32902.1","5GAP|1|V+5GAP|1|W","5GAP|1|V+5GAP|1|W"
"NR_4.0_88047.5","5UDI|1|B","5UDI|1|B,5UDL|1|B,5UDK|1|B,5UDJ|1|B,5W5I|1|B,5W5I|1|D,5W5H|1|B,5W5H|1|D"
"NR_4.0_30422.1","2VNU|1|B","2VNU|1|B"
"NR_4.0_73363.2","5MPS|1|6+5MPS|1|2+5MPS|1|I","5MPS|1|6+5MPS|1|2+5MPS|1|I,5GM6|1|E+5GM6|1|L,5YLZ|1|D+5YLZ|1|F+5YLZ|1|E,5Y88|1|D+5Y88|1|F+5Y88|1|E,5WSG|1|E+5WSG|1|L+5WSG|1|M"
"NR_4.0_29739.1","5GMK|1|L+5GMK|1|E","5GMK|1|L+5GMK|1|E"
"NR_4.0_18284.1","5UHC|1|I","5UHC|1|I"
"NR_4.0_09706.3","2VPL|1|B","2VPL|1|B,2VPL|1|D"
"NR_4.0_83946.1","5GUH|1|B","5GUH|1|B"
"NR_4.0_50642.1","9V7S|1|C+9V7S|1|B","9V7S|1|C+9V7S|1|B,9V7S|1|c+9V7S|1|b,9V8A|1|C+9V8A|1|B,9V93|1|c+9V93|1|b,9V8A|1|c+9V8A|1|b,9V9G|1|C+9V9G|1|B,9V9I|1|C+9V9I|1|B,5UX0|1|B+5UX0|1|C,5UX0|1|E+5UX0|1|F,9V7Z|1|C+9V7Z|1|B"
"NR_4.0_06201.2","2VQE|1|Y+2VQE|1|X","2VQE|1|Y+2VQE|1|X,2VQF|1|Y"
"NR_4.0_24908.1","5GXI|1|B","5GXI|1|B"
"NR_4.0_01705.1","2VQF|1|X","2VQF|1|X"
"NR_4.0_12831.2","5H1K|1|C","5H1K|1|C,5H1K|1|D"
"NR_4.0_03143.1","2VRT|1|H","2VRT|1|H"
"NR_4.0_67036.1","5H1L|1|B","5H1L|1|B"
"NR_4.0_47406.3","2W2H|1|R","2W2H|1|R,2W2H|1|S"
"NR_4.0_97569.3","2W89|1|A+2W89|1|B","2W89|1|A+2W89|1|B,2W89|1|C+2W89|1|D"
"NR_4.0_20024.1","5H3U|1|C","5H3U|1|C"
"NR_4.0_38698.3","5UZ6|1|A+5UZ6|1|B","5UZ6|1|A+5UZ6|1|B,5UZ6|1|C+5UZ6|1|D,5UZ6|1|E+5UZ6|1|F,6BMD|1|C+6BMD|1|D,6BMD|1|A+6BMD|1|B,6BMD|1|E+6BMD|1|F,5UX3|1|A+5UX3|1|B,5V9Z|1|A+5V9Z|1|B,5V0O|1|A+5V0O|1|B"
"NR_4.0_13111.3","8PDP|1|E","8PDP|1|E,2WJ8|1|d,8PDL|1|B,8PDQ|1|E,2WJ8|1|i,2WJ8|1|l,2WJ8|1|f,2WJ8|1|c,2WJ8|1|q,2WJ8|1|j,2WJ8|1|k,2WJ8|1|e,2WJ8|1|p,2WJ8|1|t,2WJ8|1|b,2WJ8|1|o,2WJ8|1|n,2WJ8|1|h,2WJ8|1|a,2WJ8|1|r,2WJ8|1|m,2WJ8|1|s,2WJ8|1|g,8PDM|1|B,8PDR|1|h,8PDR|1|f,8PDR|1|g,8PDR|1|d,8PDR|1|e,8PDR|1|c,8PDR|1|i,8PDR|1|b,8PDR|1|j,8PDR|1|k,8PDR|1|a"
"NR_4.0_91027.3","5HK0|1|E","5HK0|1|E,5HK0|1|F"
"NR_4.0_84831.1","5HKC|1|C","5HKC|1|C"
"NR_4.0_98063.1","9AXV|1|Sm","9AXV|1|Sm"
"NR_4.0_14212.1","5HO4|1|B","5HO4|1|B"
"NR_4.0_33315.1","2A8V|1|E","2A8V|1|E"
"NR_4.0_56203.3","5I4A|1|D","5I4A|1|D,5I4A|1|B"
"NR_4.0_38769.1","5I9D|1|B","5I9D|1|B"
"NR_4.0_00518.1","5I9G|1|A","5I9G|1|A"
"NR_4.0_28532.3","2ATW|1|B","2ATW|1|B,2ATW|1|D"
"NR_4.0_08854.1","5IB8|1|1L","5IB8|1|1L"
"NR_4.0_84537.3","2AWE|1|D","2AWE|1|D,2AWE|1|G,2AWE|1|E,2AWE|1|A,2AWE|1|B,2AWE|1|C,2AWE|1|F,2AWE|1|H"
"NR_4.0_75187.2","5ID6|1|G","5ID6|1|G,8H9D|1|G"
"NR_4.0_30079.1","5V1K|1|A+5V1K|1|B","5V1K|1|A+5V1K|1|B"
"NR_4.0_08048.1","5IP2|1|E","5IP2|1|E"
"NR_4.0_43421.1","2XB2|1|R","2XB2|1|R"
"NR_4.0_19209.3","5JAJ|1|X+5JAJ|1|Y","5JAJ|1|X+5JAJ|1|Y,5JB2|1|X+5JB2|1|Y"
"NR_4.0_35677.7","9J1M|1|A","9J1M|1|A,7KGB|1|A,7MT7|1|A,9EBB|1|I,7MT2|1|A,7MSM|1|A,7MSC|1|A,7MT3|1|A,7SFR|1|A,7MSZ|1|A,7MSH|1|A,9EC3|1|I,9E16|1|I,9E1S|1|I,7F0D|1|A,5V93|1|A,5V7Q|1|A"
"NR_4.0_40389.1","7ZHG|1|2","7ZHG|1|2,9SRE|1|2,9SRD|1|2,7ZAH|1|2,9SRC|1|2,9T7H|1|2,7ZAI|1|2,9SRB|1|2,9SRA|1|2,6SWC|1|2,7ZAG|1|2"
"NR_4.0_93219.3","2AZ0|1|C+2AZ0|1|D","2AZ0|1|C+2AZ0|1|D,2AZ2|1|C+2AZ2|1|D"
"NR_4.0_98033.3","2AZX|1|D","2AZX|1|D,2AZX|1|C"
"NR_4.0_42126.3","2B3J|1|E","2B3J|1|E,2B3J|1|F,2B3J|1|H"
"NR_4.0_89429.8","4FEN|1|B","4FEN|1|B,4FEO|1|B,4FEL|1|B,4FEP|1|B,4FEJ|1|B,3GOT|1|A,4FE5|1|B,6UC7|1|B,2XNZ|1|A,6UBU|1|B,2XNW|1|A,6UC9|1|B,6UC8|1|B,2G9C|1|A,3GER|1|A,2XO0|1|A,3GAO|1|A,3GOG|1|A,2EES|1|A,3FO4|1|A,2EET|1|A,3DS7|1|A,2EEV|1|A,3FO6|1|A,5C7U|1|B,3DS7|1|B,3G4M|1|A,3GES|1|A,2B57|1|A,2EEW|1|A,2EEU|1|A,5C7W|1|C,2XO1|1|A"
"NR_4.0_74806.1","2XD0|1|W","2XD0|1|W"
"NR_4.0_74135.1","2XGJ|1|D","2XGJ|1|D"
"NR_4.0_74405.1","9T99|1|X+9T99|1|Y","9T99|1|X+9T99|1|Y,5JBJ|1|X+5JBJ|1|Y"
"NR_4.0_64397.4","7P7T|1|D","7P7T|1|D,7P7S|1|D,7NHK|1|D,7P7U|1|D,7P7Q|1|D,7P7R|1|D"
"NR_4.0_87852.3","5JCH|1|U+5JCH|1|V","5JCH|1|U+5JCH|1|V,5JCH|1|X+5JCH|1|Y,5JCF|1|C+5JCF|1|D,5JC3|1|X+5JC3|1|Y,5JC3|1|C+5JC3|1|D"
"NR_4.0_24558.1","2XNR|1|C","2XNR|1|C"
"NR_4.0_90476.6","8G5Y|1|Pt","8G5Y|1|Pt,9RPV|1|B5,8GLP|1|Pt,9RU9|1|Pt,8G60|1|Pt,9RUC|1|Pt,8G6J|1|Pt,9RU7|1|Pt,9RU8|1|Pt,9RUA|1|Pt"
"NR_4.0_44600.3","2XS5|1|D","2XS5|1|D,2XS5|1|C"
"NR_4.0_16377.1","5JCF|1|Y+5JCF|1|X","5JCF|1|Y+5JCF|1|X"
"NR_4.0_12819.1","2XS7|1|B","2XS7|1|B"
"NR_4.0_78605.3","5JJI|1|G","5JJI|1|G,6DUQ|1|Z,6DUQ|1|Y"
"NR_4.0_31449.1","5JJL|1|G","5JJL|1|G"
"NR_4.0_78195.2","6TQN|1|R+6TQN|1|K+6TQN|1|L","6TQN|1|R+6TQN|1|K+6TQN|1|L,6TQO|1|R+6TQO|1|K+6TQO|1|L"
"NR_4.0_58981.1","6TY9|1|N+6TY9|1|T","6TY9|1|N+6TY9|1|T"
"NR_4.0_05191.2","6IFU|1|J+6IFU|1|I","6IFU|1|J+6IFU|1|I,6IFZ|1|J+6IFZ|1|I"
"NR_4.0_39338.1","6TZ1|1|N","6TZ1|1|N"
"NR_4.0_81584.3","6IP8|1|zz","6IP8|1|zz"
"NR_4.0_45323.2","6IS0|1|C","6IS0|1|C,6K32|1|p"
"NR_4.0_84250.1","6U6Y|1|E","6U6Y|1|E"
"NR_4.0_74739.1","6IV6|1|G","6IV6|1|G"
"NR_4.0_05533.1","6U6Y|1|G","6U6Y|1|G"
"NR_4.0_20951.3","6U8D|1|A","6U8D|1|A,6U8K|1|B,6U8K|1|A,6U8K|1|C"
"NR_4.0_90630.3","6JDV|1|B+6JDV|1|C+6JDV|1|D","6JDV|1|B+6JDV|1|C+6JDV|1|D,6JE4|1|F+6JE4|1|G+6JE4|1|H,6KC8|1|B+6KC8|1|C+6KC8|1|P+6KC8|1|D,6JE4|1|L+6JE4|1|M+6JE4|1|N,6JE4|1|P+6JE4|1|Q+6JE4|1|R,6JE4|1|B+6JE4|1|C+6JE4|1|D,6JE3|1|B+6JE3|1|C+6JE3|1|D,6JFU|1|B+6JFU|1|C+6JFU|1|D,6KC7|1|B+6KC7|1|C+6KC7|1|D,6JE9|1|B,6JE9|1|D,8JA0|1|B,6JDQ|1|B,8HJ4|1|B"
"NR_4.0_30330.3","6U9X|1|H","6U9X|1|H,6U9X|1|K"
"NR_4.0_01288.2","6UCQ|1|1z","6UCQ|1|1z,6UCQ|1|2z"
"NR_4.0_75659.1","6UEJ|1|B","6UEJ|1|B"
"NR_4.0_40219.1","6UFG|1|A+6UFG|1|B","6UFG|1|A+6UFG|1|B"
"NR_4.0_44698.1","6UFM|1|A","6UFM|1|A"
"NR_4.0_92029.3","6UGI|1|A","6UGI|1|A,6UGJ|1|A"
"NR_4.0_60948.3","6JIM|1|C","6JIM|1|C,6JIM|1|D"
"NR_4.0_83142.1","6URO|1|D","6URO|1|D"
"NR_4.0_07071.1","6JJH|1|B","6JJH|1|B"
"NR_4.0_43929.1","6UV1|1|C","6UV1|1|C"
"NR_4.0_53541.1","6JOO|1|B+6JOO|1|C+6JOO|1|D","6JOO|1|B+6JOO|1|C+6JOO|1|D"
"NR_4.0_16093.1","6UV2|1|C","6UV2|1|C"
"NR_4.0_85745.1","6JQ6|1|U","6JQ6|1|U"
"NR_4.0_73160.1","6UV4|1|C","6UV4|1|C"
"NR_4.0_62996.1","6JXM|1|B","6JXM|1|B"
"NR_4.0_96169.5","7UW1|1|A","7UW1|1|A,7UVZ|1|A,7UVY|1|A,7UVX|1|A,7UVW|1|A,6YSI|1|1,7UVV|1|A,7RYG|1|A,6YHS|1|1,7M4Y|1|A,7M4V|1|A,7RYH|1|A,7M4W|1|A,7M4X|1|A,7RYF|1|A,6V3A|1|AN1,7M4Z|1|A,6V3B|1|AN1,6V3D|1|AN1,6V39|1|AN1"
"NR_4.0_86183.3","6KL9|1|G","6KL9|1|G"
"NR_4.0_78647.3","6KUG|1|B","6KUG|1|B,6KTC|1|V"
"NR_4.0_42794.2","6KUJ|1|R","6KUJ|1|R"
"NR_4.0_56002.3","6KUK|1|V+6KUK|1|R","6KUK|1|V+6KUK|1|R"
"NR_4.0_03163.1","6KWR|1|B+6KWR|1|C","6KWR|1|B+6KWR|1|C"
"NR_4.0_67384.5","7UW1|1|B","7UW1|1|B,7UVZ|1|B,7UVY|1|B,7UVW|1|B,7UVX|1|B,6YSI|1|5,7UVV|1|B,6YHS|1|5,7M4Y|1|B,7M4V|1|B,6V3A|1|B,7RYG|1|B,6V3B|1|B,7RYH|1|B,7M4X|1|B,6V3D|1|B,7M4W|1|B,6V39|1|B,7M4Z|1|B,7RYF|1|B"
"NR_4.0_51514.1","6L5N|1|D","6L5N|1|D"
"NR_4.0_97435.21","9FY1|1|B","9FY1|1|B,9FY2|1|B,9FY3|1|B,7AS8|1|B,8BUU|1|B,7AQC|1|B,6HA1|1|B,8QPP|1|Y,7AQD|1|B,7OPE|1|B,7O5B|1|Y,7QV1|1|B,8R55|1|Y,7QV2|1|B,7AS9|1|B,6HA8|1|B,3J9W|1|BB,5NJT|1|V,9P4I|1|B,9BS0|1|B,6PPF|1|B,9BSS|1|B,6TPQ|1|V,6TNN|1|V,8S1P|1|B,8QCQ|1|B,8S1U|1|B"
"NR_4.0_81754.1","6LLB|1|C","6LLB|1|C"
"NR_4.0_69563.2","6LNB|1|M+6LNB|1|N+6LNB|1|O","6LNB|1|M+6LNB|1|N+6LNB|1|O,6LNC|1|M"
"NR_4.0_45731.1","6LSG|1|B+6LSG|1|C","6LSG|1|B+6LSG|1|C"
"NR_4.0_25335.3","6LT7|1|C","6LT7|1|C,6LT7|1|F"
"NR_4.0_43481.6","7UW1|1|a","7UW1|1|a,7UVZ|1|a,7UVY|1|a,7UVW|1|a,7UVX|1|a,7UVV|1|a,7M4Y|1|a,7M4W|1|a,7M4X|1|a,7M4U|1|a,7RYG|1|a,7RYH|1|a,6YT9|1|2+6YT9|1|4,7M4Z|1|a,6V3A|1|sN1,6YPU|1|2+6YPU|1|4,6V3B|1|sN1,7RYF|1|a,6V39|1|sN1,6YTF|1|3,6YS5|1|3"
"NR_4.0_30970.2","6LTU|1|B+6LTU|1|C+6LTU|1|D","6LTU|1|B+6LTU|1|C+6LTU|1|D,6LTR|1|B+6LTR|1|C+6LTR|1|D,6LU0|1|B+6LU0|1|C+6LU0|1|D,6LTP|1|H,6LTP|1|B"
"NR_4.0_70939.2","6M0X|1|B+6M0X|1|C+6M0X|1|D","6M0X|1|B+6M0X|1|C+6M0X|1|D,6M0W|1|B+6M0W|1|C+6M0W|1|D,6M0V|1|B+6M0V|1|C+6M0V|1|D"
"NR_4.0_37536.1","6M6S|1|C+6M6S|1|D","6M6S|1|C+6M6S|1|D"
"NR_4.0_79329.1","332D|1|A+332D|1|B","332D|1|A+332D|1|B"
"NR_4.0_94871.5","6MDZ|1|E+6MDZ|1|C","6MDZ|1|E+6MDZ|1|C,6MDZ|1|F+6MDZ|1|D,6NIT|1|E+6NIT|1|C,6MFR|1|F+6MFR|1|D,6MFR|1|E+6MFR|1|C,6NIT|1|F+6NIT|1|D"
"NR_4.0_99060.1","353D|1|A+353D|1|B","353D|1|A+353D|1|B"
"NR_4.0_34610.3","364D|1|C+364D|1|B+364D|1|A","364D|1|C+364D|1|B+364D|1|A,357D|1|C+357D|1|B+357D|1|A"
"NR_4.0_73526.1","361D|1|A","361D|1|A"
"NR_4.0_04699.2","6ME0|1|A+6ME0|1|B","6ME0|1|A+6ME0|1|B,6MEC|1|A+6MEC|1|B,8FLI|1|A"
"NR_4.0_56535.1","36HT|1|D","36HT|1|D,36HT|1|K"
"NR_4.0_89189.1","36HT|1|H","36HT|1|H"
"NR_4.0_79426.3","6MJ0|1|A","6MJ0|1|A,6MJ0|1|B"
"NR_4.0_00764.1","6MKN|1|W","6MKN|1|W"
"NR_4.0_78414.1","6MPF|1|X+6MPF|1|W","6MPF|1|X+6MPF|1|W"
"NR_4.0_31286.1","6MSF|1|R","6MSF|1|R"
"NR_4.0_08470.6","3J6B|1|A","3J6B|1|A,9HM0|1|AA,9HLZ|1|AA,8UXA|1|A,8UX4|1|A,5MRE|1|A,5MRC|1|A"
"NR_4.0_33997.3","6MTC|1|4","6MTC|1|4,6MTB|1|4"
"NR_4.0_60652.2","6O7H|1|H+6O7H|1|G","6O7H|1|H+6O7H|1|G,6MUR|1|H+6MUR|1|G,6O7E|1|H+6O7E|1|G"
"NR_4.0_20722.3","6V5B|1|D","6V5B|1|D"
"NR_4.0_03510.74","9PN5|1|B5","9PN5|1|B5,7ZW0|1|2,8CDR|1|c,8CEH|1|c,8T2Y|1|B5,8C01|1|2,8EVP|1|B5,9N74|1|L1+9N74|1|L2+9N74|1|L0,8CGN|1|c,6T4Q|1|C2,7MPJ|1|B5,8P9A|1|sR,8CAH|1|2,8T2Z|1|B5,8P9A|1|A,8EWB|1|B5,6TB3|1|2,8T2X|1|B5,8C00|1|2,7N8B|1|B5,5TBW|1|sR,9F9S|1|S1,8EWC|1|B5,8EVT|1|B5,4V88|1|A6,5TBW|1|A,8K82|1|C2,7ZUX|1|2,8PNN|1|sR,8P4V|1|sR,4V88|1|A2,7MPI|1|B5,8CF5|1|c,9F9S|1|R1,8BN3|1|2,7ZPQ|1|2,8CAS|1|2,8P4V|1|A,8PNN|1|A,6ZVI|1|h,8P85|1|sR,7OSA|1|18S,6SNT|1|2,9N75|1|L1+9N75|1|L2+9N75|1|L0,9R9O|1|C2,9G33|1|D3+9G33|1|D2+9G33|1|D4,9N6W|1|L1+9N6W|1|L0+9N6W|1|L2,6HHQ|1|sR,6Q8Y|1|2,8EVQ|1|B5,5I4L|1|6,5OBM|1|6,8ZH3|1|S2,8ZHC|1|S2,8P85|1|A,8K2D|1|C2,5MEI|1|6,5NDW|1|6,5LYB|1|6,7RR5|1|C2,5I4L|1|2,8T3D|1|B5,6T7I|1|C2,5MEI|1|A,9N6V|1|L1+9N6V|1|L0+9N6V|1|L2,9R9P|1|C2,5OBM|1|2,5ON6|1|6,8UTI|1|E,6LQP|1|SA+6LQP|1|5A+6LQP|1|3A,5LYB|1|2,5NDW|1|2,6HHQ|1|A,5NDV|1|6,5ON6|1|A,8UT0|1|2,5NDV|1|2,8CG8|1|c,8EVS|1|B5,8EVR|1|B5,7OSM|1|18S,9DOV|1|B5,7A1G|1|2,6WOO|1|2,8T3E|1|B5,6T7T|1|C2,6Z6K|1|C2,6ZQB|1|D3+6ZQB|1|D2+6ZQB|1|D4,8EUB|1|B5,6SV4|1|2b,7WTR|1|C2,6TNU|1|2,5M1J|1|22,6FAI|1|2,7WTN|1|C2,6ZQC|1|D3+6ZQC|1|D2+6ZQC|1|D4,6S47|1|BA,8C83|1|2,8T3F|1|B5,6T83|1|2b,8T3A|1|B5,8Z70|1|2,7WTL|1|C2,5NDG|1|6,7WTO|1|C2,5FCJ|1|6,8T30|1|B5,7AJU|1|D3+7AJU|1|D4+7AJU|1|D2,7WTM|1|C2,8T3B|1|B5,7B7D|1|2,7WTP|1|C2,5NDG|1|2,5FCJ|1|2,7NRC|1|S2,8XU8|1|2,6SV4|1|2c,6Z6J|1|C2,6XIR|1|2,8Y0U|1|C2,6RBD|1|2,9N6Y|1|L1+9N6Y|1|L0+9N6Y|1|L2,6ZQD|1|D3+6ZQD|1|D4+6ZQD|1|D2,7WTQ|1|C2,6SV4|1|2,9N7B|1|L1,8ZHB|1|S2,6ZQG|1|D3,8ZGY|1|S2,6KE6|1|SA+6KE6|1|5A+6KE6|1|3A,7SUK|1|8+7SUK|1|L0+7SUK|1|L2,6GQV|1|2,9N6X|1|L1+9N6X|1|L0+9N6X|1|L2,6T83|1|a,6GQB|1|2,6LQS|1|SA+6LQS|1|3A+6LQS|1|5A,9DP7|1|B5,9N79|1|L1+9N79|1|L2,9N77|1|L1+9N77|1|L2+9N77|1|L0,5MC6|1|2,9N7A|1|L1,5LL6|1|2,5TGM|1|6,6EML|1|2,8T3C|1|B5,8ZGR|1|S2,5TGM|1|2,5JUP|1|A,8YLR|1|2,6Y7C|1|2,6LQU|1|SA+6LQU|1|5A+6LQU|1|3A,8BQX|1|2,5WLC|1|L1+5WLC|1|L0+5WLC|1|L2,7D4I|1|SA+7D4I|1|3A+7D4I|1|5A,8YLD|1|2,8BQD|1|2,5JUT|1|A,8Z71|1|2,5JUO|1|A,6RBE|1|2,4V7R|1|A1,4V7R|1|C1,5DAT|1|6,5DGV|1|6,5DGE|1|6,5DGF|1|6,5TGA|1|6,5DC3|1|6,5DAT|1|2,5DGV|1|2,5DGE|1|2,5TGA|1|2,5DGF|1|2,5FCI|1|6,5DC3|1|2,5FCI|1|2,8CCS|1|c,8CIV|1|c,5JUU|1|A,4U4R|1|6,4U3U|1|6,4U4R|1|2,4U3U|1|2,4U3M|1|6,4U4Q|1|6,4U4U|1|6,4U52|1|6,4U3M|1|2,4U6F|1|6,4U52|1|2,4U4N|1|6,4U4U|1|2,4U4Q|1|2,4U6F|1|2,4U4Z|1|6,4U4Y|1|6,4U3N|1|6,4U55|1|6,4U4Z|1|2,4U4N|1|2,4U3N|1|2,4U50|1|6,4U51|1|6,4U4Y|1|2,4U51|1|2,4U55|1|2,4U50|1|2,4U53|1|6,4U53|1|2,4U56|1|6,4U56|1|2,4U4O|1|6,4U4O|1|2,8CDL|1|c,8CKU|1|c,8CMJ|1|c"
"NR_4.0_43175.1","6MUU|1|G","6MUU|1|G"
"NR_4.0_77956.3","9OP3|1|C+9OP3|1|D","9OP3|1|C+9OP3|1|D,9D5J|1|C+9D5J|1|D,8E0F|1|C+8E0F|1|D,8E4X|1|C+8E4X|1|D,9D5K|1|C+9D5K|1|D,6VFF|1|C+6VFF|1|D"
"NR_4.0_27764.1","6VMY|1|A","6VMY|1|A"
"NR_4.0_93752.2","6N9F|1|2w","6N9F|1|2w,6N9F|1|1w"
"NR_4.0_31462.1","6VRB|1|B","6VRB|1|B"
"NR_4.0_65848.1","6NBJ|1|C","6NBJ|1|C"
"NR_4.0_21830.2","6VRD|1|B+6VRD|1|C","6VRD|1|B+6VRD|1|C,8SWB|1|B+8SWB|1|D,8SWC|1|B+8SWC|1|C"
"NR_4.0_24114.3","6NOH|1|B","6NOH|1|B,6NOF|1|B,6NOC|1|B"
"NR_4.0_09019.3","6VYS|1|7+6VYS|1|5+6VYS|1|6","6VYS|1|7+6VYS|1|5+6VYS|1|6"
"NR_4.0_56750.1","36PP|1|A+36PP|1|B","36PP|1|A+36PP|1|B"
"NR_4.0_81245.2","6NTA|1|QV+6NTA|1|QX","6NTA|1|QV+6NTA|1|QX,6NTA|1|XV+6NTA|1|XX,6NSH|1|QV"
"NR_4.0_31329.1","6W62|1|B","6W62|1|B"
"NR_4.0_64006.4","6W6V|1|A","6W6V|1|A,7C7A|1|A,7C79|1|A"
"NR_4.0_46354.3","6NU2|1|B","6NU2|1|B"
"NR_4.0_71954.2","6NUO|1|QX","6NUO|1|QX,6O3M|1|QX,6O3M|1|XX"
"NR_4.0_70871.3","377D|1|A+377D|1|B","377D|1|A+377D|1|B,377D|1|C+377D|1|D"
"NR_4.0_34864.2","6NY2|1|B+6NY2|1|C+6NY2|1|D","6NY2|1|B+6NY2|1|C+6NY2|1|D,6NY3|1|B+6NY3|1|C+6NY3|1|D"
"NR_4.0_48371.3","9E5O|1|B","9E5O|1|B,9E5O|1|A,9E5Q|1|A,9E5Q|1|B,9E5K|1|C,9E5K|1|A,9E5M|1|A,9E5K|1|B,9E5K|1|D,9E5L|1|A,9E5M|1|B,9E5L|1|B,9E5I|1|A,9E5I|1|B,9ELR|1|B,9ELR|1|A,37CM|1|A,37CM|1|B,9E5T|1|A,9E5P|1|A,9E5R|1|B,9E5R|1|A,37CP|1|A,9E5P|1|B,9MFH|1|A,37CP|1|B,9E5T|1|B,9E5J|1|B,9E5S|1|A,37CO|1|A,9E5J|1|A,37CO|1|B,9E5S|1|B,9E5H|1|A,9E5H|1|B,37CN|1|B,37CN|1|A"
"NR_4.0_12115.1","6NY5|1|C","6NY5|1|C"
"NR_4.0_48992.1","6WDF|1|4","6WDF|1|4"
"NR_4.0_69141.8","7YGA|1|N+7YGA|1|A+7YGA|1|B","7YGA|1|N+7YGA|1|A+7YGA|1|B,7XD6|1|N+7XD6|1|A,7XD5|1|N,9CBX|1|N,9CBU|1|N,9CBY|1|N,9CBW|1|N,8I7N|1|N,7XD7|1|N,7YGC|1|N+7YGC|1|B,7YG9|1|N,7YGB|1|N+7YGB|1|B,7R6L|1|A+7R6L|1|B,7YG8|1|N,7XSN|1|N,8HD7|1|N,7YCI|1|N+7YCI|1|B,7YCH|1|N+7YCH|1|B,7EZ0|1|N,7EZ2|1|N+7EZ2|1|A,7YCG|1|N+7YCG|1|B,8HD6|1|N,9J9X|1|N,7YGD|1|N,7XD4|1|N,7R6M|1|A,7UVT|1|A,7XSK|1|N,7XSL|1|N"
"NR_4.0_11248.2","8SSW|1|C+8SSW|1|D","8SSW|1|C+8SSW|1|D,6O5F|1|C+6O5F|1|D"
"NR_4.0_65380.4","7P9I|1|E","7P9I|1|E,8PE3|1|E,8PE3|1|D,7P9I|1|D,9ASH|1|P,6O78|1|E"
"NR_4.0_98632.8","6W6P|1|A","6W6P|1|A,6WU9|1|A,7P7T|1|A,7P7Q|1|A,7P7S|1|A,7P7U|1|A,7NHK|1|A,6O90|1|A,6O8Z|1|A,6O8W|1|A,6O8X|1|A,7P7R|1|A"
"NR_4.0_12971.8","7P7T|1|B","7P7T|1|B,6W6P|1|B,7P7S|1|B,7P7U|1|B,6WU9|1|B,6O8Z|1|B,6O90|1|B,6O8W|1|B,6O8X|1|B,7NHK|1|B,7P7Q|1|B,7P7R|1|B"
"NR_4.0_14978.3","6WPI|1|B","6WPI|1|B,6WPI|1|C"
"NR_4.0_90670.3","6WW6|1|C","6WW6|1|C,6WW6|1|E"
"NR_4.0_96653.1","387D|1|A","387D|1|A"
"NR_4.0_24584.3","6WW6|1|D","6WW6|1|D,6WW6|1|F"
"NR_4.0_85404.2","398D|1|C+398D|1|D","398D|1|C+398D|1|D,398D|1|A+398D|1|B"
"NR_4.0_00429.1","6WXY|1|A","6WXY|1|A"
"NR_4.0_65114.3","3A2K|1|C","3A2K|1|C,3A2K|1|D"
"NR_4.0_66687.8","6W6P|1|a","6W6P|1|a,7P7T|1|a,7P7S|1|a,7P7U|1|a,6WUB|1|a,6O8Z|1|a,7NHK|1|a,6O90|1|a,6O8W|1|a,6O8X|1|a,7P7Q|1|a,6WUA|1|a,7P7R|1|a"
"NR_4.0_16358.2","6X5M|1|r","6X5M|1|r,6X5N|1|r,6X5M|1|R,6X5N|1|R"
"NR_4.0_90840.9","8G9Z|1|E","8G9Z|1|E,7MDL|1|E,4ZDO|1|E,3A3A|1|A,4ZDP|1|E,4RQE|1|B,4RQE|1|D,4RQF|1|C,3HL2|1|E,7ZJW|1|F"
"NR_4.0_47319.1","6X6T|1|7+6X6T|1|5+6X6T|1|6","6X6T|1|7+6X6T|1|5+6X6T|1|6"
"NR_4.0_56815.1","6X7K|1|7+6X7K|1|5+6X7K|1|6","6X7K|1|7+6X7K|1|5+6X7K|1|6"
"NR_4.0_83990.1","6XAS|1|R+6XAS|1|N+6XAS|1|T","6XAS|1|R+6XAS|1|N+6XAS|1|T"
"NR_4.0_77829.1","6XDQ|1|7+6XDQ|1|5+6XDQ|1|6","6XDQ|1|7+6XDQ|1|5+6XDQ|1|6"
"NR_4.0_47748.2","3A6P|1|D+3A6P|1|E","3A6P|1|D+3A6P|1|E,3A6P|1|I+3A6P|1|J"
"NR_4.0_63789.3","3ADD|1|C","3ADD|1|C,3ADD|1|D,3ADB|1|D,3ADB|1|C,3ADC|1|C,3ADC|1|D"
"NR_4.0_20585.6","9GFT|1|AU","9GFT|1|AU,9GGR|1|AU,6OJ2|1|XY,6ORD|1|QY,6ORD|1|XY,6OPE|1|QY,6OJ2|1|XW,6OPE|1|XY,6OF6|1|XY,6OJ2|1|QY,6OF6|1|QY,6OJ2|1|QW,6OF6|1|QW,6OF6|1|XW,8PKL|1|Y,8R3V|1|Y2,8RCL|1|Y2,8RCM|1|Y2"
"NR_4.0_93513.1","3ADI|1|D+3ADI|1|E","3ADI|1|D+3ADI|1|E"
"NR_4.0_65768.1","3AEV|1|C","3AEV|1|C"
"NR_4.0_04935.5","3AKZ|1|E","3AKZ|1|E,3AL0|1|E,3AKZ|1|F,3AKZ|1|H,3AKZ|1|G,4YVJ|1|C,4YVI|1|C,4YVK|1|C"
"NR_4.0_45734.1","6OGY|1|M","6OGY|1|M"
"NR_4.0_13919.1","3AM1|1|B","3AM1|1|B"
"NR_4.0_30784.1","6OGZ|1|B+6OGZ|1|C","6OGZ|1|B+6OGZ|1|C"
"NR_4.0_08009.2","6XMF|1|C","6XMF|1|C"
"NR_4.0_28207.7","9N9J|1|v3","9N9J|1|v3,9VXN|1|v,6OM0|1|v,6OLE|1|v,6W6L|1|v,6OLI|1|v,6OM7|1|v,6OLF|1|v"
"NR_4.0_29245.1","3AVU|1|T+3AVU|1|G","3AVU|1|T+3AVU|1|G"
"NR_4.0_88832.1","6XN5|1|R","6XN5|1|R"
"NR_4.0_55371.1","3AVW|1|T+3AVW|1|G","3AVW|1|T+3AVW|1|G"
"NR_4.0_41068.1","3AVY|1|G","3AVY|1|G"
"NR_4.0_35987.3","3B0U|1|B","3B0U|1|B,3B0U|1|A"
"NR_4.0_98505.1","6OLZ|1|Bx","6OLZ|1|Bx"
"NR_4.0_64404.4","3TUP|1|T","3TUP|1|T,3B0V|1|A,3B0V|1|B"
"NR_4.0_99000.4","6OZR|1|C+6OZR|1|D","6OZR|1|C+6OZR|1|D,6OZJ|1|C+6OZJ|1|D,6OZQ|1|C+6OZQ|1|D,6OZN|1|C+6OZN|1|D,6OZM|1|C+6OZM|1|D,6OZL|1|C+6OZL|1|D,6OZK|1|C+6OZK|1|D,6OZO|1|C+6OZO|1|D"
"NR_4.0_37706.3","6OZP|1|C+6OZP|1|D","6OZP|1|C+6OZP|1|D,6OZS|1|C+6OZS|1|D"
"NR_4.0_97453.3","6OZP|1|c","6OZP|1|c,6OZP|1|d,6OZS|1|c,6OZS|1|d"
"NR_4.0_23920.1","6P2H|1|A","6P2H|1|A"
"NR_4.0_78250.1","6P5N|1|1","6P5N|1|1"
"NR_4.0_67137.3","6P7M|1|B","6P7M|1|B"
"NR_4.0_38099.3","3BNR|1|C+3BNR|1|D","3BNR|1|C+3BNR|1|D,3BNR|1|A+3BNR|1|B,3BNS|1|C+3BNS|1|D,3BNS|1|A+3BNS|1|B,3BNQ|1|C+3BNQ|1|D,3BNQ|1|A+3BNQ|1|B"
"NR_4.0_68144.1","6PMO|1|A","6PMO|1|A"
"NR_4.0_81682.1","6PPV|1|H","6PPV|1|H"
"NR_4.0_21191.1","3BNT|1|A","3BNT|1|A"
"NR_4.0_76670.1","3BSB|1|C","3BSB|1|C"
"NR_4.0_63269.1","6Q8V|1|A","6Q8V|1|A"
"NR_4.0_00075.3","6Q97|1|4","6Q97|1|4,7AC7|1|4"
"NR_4.0_40570.3","6CK5|1|A","6CK5|1|A,6CK5|1|B,6CK4|1|C,6CK4|1|B,6CK4|1|A,6CK4|1|D"
"NR_4.0_35945.1","6Q97|1|7","6Q97|1|7"
"NR_4.0_97621.1","6Q9A|1|7","6Q9A|1|7"
"NR_4.0_32738.3","6XH2|1|D","6XH2|1|D,6CMN|1|D,6XH3|1|D,6XH1|1|D,6XH0|1|D"
"NR_4.0_27149.1","6QCT|1|R+6QCT|1|M","6QCT|1|R+6QCT|1|M"
"NR_4.0_70416.3","6QDW|1|v","6QDW|1|v,6YS3|1|v"
"NR_4.0_46052.3","6QIC|1|F","6QIC|1|F,6QIC|1|H,6QIC|1|E,6QIC|1|G"
"NR_4.0_18349.1","6CYT|1|N","6CYT|1|N"
"NR_4.0_99409.3","6QIT|1|A+6QIT|1|B","6QIT|1|A+6QIT|1|B,6QIT|1|C+6QIT|1|D,6QIR|1|A+6QIR|1|B,6QIR|1|C+6QIR|1|D,6QIS|1|A+6QIS|1|B+6QIS|1|C+6QIS|1|D,6QIQ|1|A+6QIQ|1|B,6QIV|1|A,6QIS|1|E+6QIS|1|F,6QIS|1|G+6QIS|1|H"
"NR_4.0_65802.3","6D2Z|1|C","6D2Z|1|C,7EH0|1|I"
"NR_4.0_56742.1","6D3P|1|A","6D3P|1|A"
"NR_4.0_32696.1","6D9J|1|4","6D9J|1|4"
"NR_4.0_52422.1","6QUL|1|1","6QUL|1|1"
"NR_4.0_86033.1","6DCL|1|D","6DCL|1|D"
"NR_4.0_57924.1","6R47|1|A+6R47|1|B","6R47|1|A+6R47|1|B"
"NR_4.0_93101.1","6R7G|1|R","6R7G|1|R"
"NR_4.0_86427.3","6DME|1|A","6DME|1|A,6DMC|1|B,6DMC|1|A,6DMD|1|A,6DMD|1|B"
"NR_4.0_45498.1","6DOY|1|B+6DOY|1|C","6DOY|1|B+6DOY|1|C"
"NR_4.0_63494.1","6DTI|1|X+6DTI|1|W","6DTI|1|X+6DTI|1|W"
"NR_4.0_34039.1","6DU5|1|B","6DU5|1|B"
"NR_4.0_98610.2","6E0O|1|C","6E0O|1|C,6E0O|1|B,6O75|1|C,6O75|1|D,7P8Q|1|B"
"NR_4.0_18586.78","9PN5|1|A3","9PN5|1|A3,8CEH|1|BB,8CDR|1|BB,8T2Y|1|A3,8PFR|1|LE,7ZW0|1|LC,8P8N|1|LE,8EVT|1|A3,8P8U|1|LE,8BN3|1|3,8T2Z|1|A3,8EVP|1|A3,8CGN|1|BB,8AGX|1|h,8EWC|1|A3,6T4Q|1|C4,8HFR|1|2f,7MPJ|1|A3,8AAF|1|h,8AGZ|1|h,8T2X|1|A3,8EVS|1|A3,8AGW|1|h,8AGT|1|h,9F9S|1|M3,8AGV|1|h,8EVQ|1|A3,7TOP|1|A5S,8AGU|1|h,6TB3|1|BR,7TOO|1|A5S,8ZH3|1|LB,8ZHC|1|LB,7N8B|1|A3,9F9S|1|L3,8EWB|1|A3,8P8M|1|LE,8P9A|1|AS,7ZUX|1|4,8CG8|1|BB,8P9A|1|3,8CF5|1|BB,8ZGY|1|LB,8T30|1|A3,9DOV|1|A3,5TBW|1|AS,8EVR|1|A3,7MPI|1|A3,5TBW|1|3,8T3A|1|A3,6SNT|1|4,8K82|1|C4,8PNN|1|AS,9R9O|1|C4,4V88|1|A3,7ZPQ|1|4,8ZHB|1|LB,4V88|1|A7,6RZZ|1|x,8P85|1|AS,6QIK|1|x,8T3D|1|A3,8P4V|1|AS,8PNN|1|3,8P4V|1|3,8ZGR|1|LB,6T7T|1|C4,6T7I|1|C4,6XIR|1|3,8K2D|1|C4,9R9P|1|C4,6Q8Y|1|BR,8P85|1|3,8BIP|1|C4,5I4L|1|7,9DP7|1|A3,7OSA|1|AB,7AZY|1|F,5MEI|1|3,9OFV|1|h,5MEI|1|AS,6HHQ|1|AS,8Z70|1|B,5OBM|1|7,6WOO|1|7,7RR5|1|C4,6Z6K|1|C4,6HHQ|1|3,5I4L|1|3,8T3E|1|A3,8T3B|1|A3,8T3F|1|A3,6TNU|1|BR,7B7D|1|LB,5LYB|1|7,8UTI|1|B,5ON6|1|3,5LYB|1|3,5ON6|1|AS,6RI5|1|x,6S47|1|AB,6QT0|1|x,6R86|1|3,6N8O|1|B,8UT0|1|B,5OBM|1|3,5NDW|1|7,6YLG|1|3,6N8M|1|B,5M1J|1|34,5NDV|1|7,6R87|1|3,6N8L|1|2,6N8K|1|2,5NDW|1|3,7ZS5|1|3,5NDV|1|3,7OSM|1|AB,5APO|1|7,8Y0U|1|C4,6Z6J|1|C4,6SV4|1|YR,6N8J|1|2,5FCJ|1|7,6R84|1|3,6N8N|1|B,8XU8|1|B,5FCJ|1|3,6T83|1|4b,5NDG|1|7,5JUP|1|D,6SV4|1|ZR,7UG6|1|3,8BJQ|1|C4,6YLH|1|3,7UQB|1|3,7OH3|1|3,6GQB|1|3,6HD7|1|3,6GQV|1|3,8EUB|1|A3,5NDG|1|3,7BT6|1|3,5APN|1|7,6T83|1|Bb,7NRC|1|LB,6SV4|1|BR,5MC6|1|BR,8YLR|1|B,6OIG|1|7,7Z34|1|2,8T3C|1|A3,7OHQ|1|3,6FT6|1|3,5TGM|1|7,8YLD|1|B,8BQD|1|BR,5JUT|1|D,8BQX|1|BR,8Z71|1|B,7UOO|1|3,5TGM|1|3,7V08|1|3,7UQZ|1|3,5JUO|1|D,7OF1|1|3,6M62|1|3,5H4P|1|3,7BTB|1|3,3JCT|1|3,5GAK|1|3,4V7R|1|B2,5DAT|1|7,5DGV|1|7,5DGV|1|3,4V7R|1|D2,5DAT|1|3,5DGF|1|7,5DC3|1|7,5DGE|1|7,5DC3|1|3,5TGA|1|7,5DGE|1|3,5DGF|1|3,5FCI|1|7,5TGA|1|3,5FCI|1|3,8CCS|1|BB,8CIV|1|BB,5JUU|1|D,6S05|1|x,4U3U|1|7,4U4R|1|3,4U3U|1|3,4U4R|1|7,4U4Q|1|7,4U4Q|1|3,4U3M|1|7,4U52|1|7,4U3M|1|3,4U6F|1|7,4U4U|1|7,4U52|1|3,4U3N|1|3,4U4U|1|3,4U4N|1|7,4U6F|1|3,4U4Z|1|7,4U4N|1|3,4U55|1|7,4U50|1|3,4U4Z|1|3,4U50|1|7,4U3N|1|7,4U4Y|1|7,4U4Y|1|3,4U51|1|7,4U55|1|3,4U53|1|3,4U53|1|7,4U51|1|3,4U56|1|7,4U56|1|3,4U4O|1|7,4U4O|1|3,8CDL|1|BB,9F58|1|b,8CKU|1|BB,5T62|1|B,6QTZ|1|x,8CMJ|1|BB"
"NR_4.0_27661.3","3BX2|1|D","3BX2|1|D,3BX2|1|C"
"NR_4.0_08239.3","6E8S|1|A","6E8S|1|A,6E8S|1|B,6UP0|1|D,6UP0|1|C"
"NR_4.0_98950.1","6R9J|1|B","6R9J|1|B"
"NR_4.0_95803.3","3BX3|1|C","3BX3|1|C,3BX3|1|D"
"NR_4.0_28508.1","6R9O|1|B","6R9O|1|B"
"NR_4.0_22223.3","3CGP|1|B+3CGP|1|A","3CGP|1|B+3CGP|1|A,3CGQ|1|B+3CGQ|1|A"
"NR_4.0_30516.3","6E8U|1|B","6E8U|1|B,8U5J|1|A,6E8T|1|A,6E8T|1|C,6E8T|1|B,6PQ7|1|C"
"NR_4.0_18267.1","6R9Q|1|B","6R9Q|1|B"
"NR_4.0_17852.1","3CGR|1|B+3CGR|1|A","3CGR|1|B+3CGR|1|A"
"NR_4.0_05934.4","6RFL|1|U","6RFL|1|U,8RQK|1|U,9ENB|1|D,9ENB|1|C,8OKD|1|C,9ENC|1|D,8OKD|1|X,8PTX|1|X,8PTZ|1|X"
"NR_4.0_17773.1","3CIY|1|C+3CIY|1|D","3CIY|1|C+3CIY|1|D"
"NR_4.0_98567.1","3CPW|1|4","3CPW|1|4"
"NR_4.0_14315.1","6E8T|1|D","6E8T|1|D"
"NR_4.0_70511.1","6E9F|1|B+6E9F|1|C","6E9F|1|B+6E9F|1|C"
"NR_4.0_85397.1","6EEN|1|G","6EEN|1|G"
"NR_4.0_06759.1","6EEN|1|I","6EEN|1|I"
"NR_4.0_32411.3","6EVJ|1|N","6EVJ|1|N,6EVJ|1|M"
"NR_4.0_24223.3","6F3H|1|C","6F3H|1|C,6F4A|1|C"
"NR_4.0_20129.1","6RM3|1|L50","6RM3|1|L50"
"NR_4.0_33763.1","3D0M|1|X","3D0M|1|X"
"NR_4.0_81482.1","6F3H|1|D","6F3H|1|D"
"NR_4.0_04427.1","6RM3|1|S60","6RM3|1|S60"
"NR_4.0_11322.1","6FLQ|1|R+6FLQ|1|T+6FLQ|1|N","6FLQ|1|R+6FLQ|1|T+6FLQ|1|N"
"NR_4.0_63322.3","6FPX|1|B","6FPX|1|B,6FPX|1|F"
"NR_4.0_63313.3","6RT4|1|D","6RT4|1|D,6RT4|1|C"
"NR_4.0_87277.2","3DH3|1|F","3DH3|1|F,3DH3|1|G,3DH3|1|H,3DH3|1|E"
"NR_4.0_48333.1","6FPX|1|D","6FPX|1|D"
"NR_4.0_33222.3","6RT5|1|A","6RT5|1|A,6RT5|1|E"
"NR_4.0_26209.1","6FQL|1|B","6FQL|1|B"
"NR_4.0_19822.3","6RT6|1|E","6RT6|1|E,6RT6|1|A"
"NR_4.0_82016.1","3DHS|1|A","3DHS|1|A"
"NR_4.0_31816.3","7AJU|1|EA","7AJU|1|EA"
"NR_4.0_10291.3","6RT7|1|E","6RT7|1|E,6RT7|1|A"
"NR_4.0_44868.1","6FZ0|1|A","6FZ0|1|A"
"NR_4.0_89953.1","6RTI|1|X","6RTI|1|X"
"NR_4.0_36248.4","7BKQ|1|X+7BKQ|1|Y","7BKQ|1|X+7BKQ|1|Y,6G1X|1|X+6G1X|1|Y,6G1S|1|X+6G1S|1|Y"
"NR_4.0_58839.1","6G63|1|B","6G63|1|B"
"NR_4.0_99955.4","9HNY|1|CA","9HNY|1|CA,6SGB|1|CA,6SG9|1|CA"
"NR_4.0_41135.2","9OLF|1|Ax","9OLF|1|Ax,9OJM|1|5,9PGL|1|Ax,9PGF|1|Ax,9UWH|1|Ax,9PG8|1|Ax,9PGI|1|Ax,6YDP|1|AV,9PS7|1|Ax,9PGM|1|Ax,9PSI|1|Ax,9PRX|1|Ax,9PRQ|1|Ax,9PRD|1|Ax,8OIR|1|AG,9HFO|1|5,7NQH|1|AV,7NQL|1|AV,7PO2|1|5,6GAZ|1|AV,8OIP|1|AG,8OIN|1|AG,8OIT|1|AG,8OIQ|1|AG,6GAW|1|AV,8QRN|1|5,6GB2|1|AV,8OIS|1|AG"
"NR_4.0_64378.1","6SGC|1|i1","6SGC|1|i1"
"NR_4.0_30439.1","3EGZ|1|B","3EGZ|1|B"
"NR_4.0_95657.3","6SKG|1|Aa","6SKG|1|Aa,6TH6|1|Aa,6SKF|1|Aa"
"NR_4.0_26197.3","6SKG|1|BB","6SKG|1|BB,6SKF|1|BB,6TH6|1|BB"
"NR_4.0_65664.3","3ERC|1|I","3ERC|1|I,3ER8|1|E"
"NR_4.0_58433.3","3ER8|1|F","3ER8|1|F,5O3J|1|B"
"NR_4.0_25967.3","7NSO|1|6","7NSO|1|6,3ER8|1|H,3ER8|1|G"
"NR_4.0_47203.4","3F2X|1|X","3F2X|1|X,3F30|1|X,3F2Y|1|X,6WJR|1|X,3F2W|1|X,3F2Q|1|X,3F2T|1|X,6WJS|1|X"
"NR_4.0_33675.5","6YDP|1|BB","6YDP|1|BB,7NSH|1|BB,8OIQ|1|B9,6GAW|1|BB,7NSJ|1|BB,7NQL|1|BB,6GB2|1|BB,7NQH|1|BB,8OIN|1|B9"
"NR_4.0_80904.1","3FHT|1|C","3FHT|1|C"
"NR_4.0_79523.1","3FOZ|1|D","3FOZ|1|D"
"NR_4.0_55295.1","3FTE|1|C+3FTE|1|D","3FTE|1|C+3FTE|1|D"
"NR_4.0_79282.3","3FTM|1|D+3FTM|1|C","3FTM|1|D+3FTM|1|C,3FTM|1|B+3FTM|1|A"
"NR_4.0_69076.1","3G0H|1|E","3G0H|1|E"
"NR_4.0_82184.1","6GC5|1|G","6GC5|1|G"
"NR_4.0_80276.6","6E1T|1|A","6E1T|1|A,6E1S|1|A,6E1W|1|A,6E1U|1|A,7E9E|1|A,6VUH|1|A,6VUI|1|A,7E9I|1|A,6E1V|1|A,3Q51|1|A,3Q50|1|A,3GCA|1|A,8YAM|1|A,8YAN|1|A"
"NR_4.0_57261.1","6GD3|1|P","6GD3|1|P"
"NR_4.0_01487.2","9F3P|1|X+9F3P|1|Y","9F3P|1|X+9F3P|1|Y"
"NR_4.0_74404.2","6GQV|1|AZ","6GQV|1|AZ,6GQB|1|AY"
"NR_4.0_65561.3","6GSK|1|1K","6GSK|1|1K,6GSK|1|1L,6GSJ|1|1K,6GSJ|1|1L"
"NR_4.0_61171.3","6GSK|1|3L","6GSK|1|3L,6GSK|1|3K,6GSJ|1|3L,6GSJ|1|3K"
"NR_4.0_82961.1","3GIB|1|H","3GIB|1|H"
"NR_4.0_24890.7","7NSQ|1|v","7NSQ|1|v,7NSP|1|v,6GSL|1|1L,6GSL|1|1K,6TBV|1|PTR1,6TC3|1|PTR1,8PKL|1|X,8R3V|1|X2,8RCL|1|X2,8RCM|1|X2"
"NR_4.0_08575.2","3GS8|1|A+3GS8|1|B","3GS8|1|A+3GS8|1|B,3GS1|1|A+3GS1|1|B"
"NR_4.0_24791.1","3GS5|1|A","3GS5|1|A"
"NR_4.0_80567.1","3GVN|1|A+3GVN|1|B","3GVN|1|A+3GVN|1|B"
"NR_4.0_53832.2","3HHN|1|E","3HHN|1|E,3HHN|1|C,3R1L|1|C+3R1L|1|B,3R1L|1|F+3R1L|1|E,3R1H|1|F,3R1H|1|C+3R1H|1|B"
"NR_4.0_12548.3","6GSL|1|3L","6GSL|1|3L,6GSL|1|3K"
"NR_4.0_98595.1","6GV4|1|D","6GV4|1|D"
"NR_4.0_98524.1","6GX6|1|B","6GX6|1|B"
"NR_4.0_77181.3","3HJW|1|D+3HJW|1|E","3HJW|1|D+3HJW|1|E,3LWO|1|D+3LWO|1|E,3LWV|1|D+3LWV|1|E,3LWP|1|D+3LWP|1|E,3LWR|1|D+3LWR|1|E,3LWQ|1|D+3LWQ|1|E"
"NR_4.0_66381.1","6H4N|1|I","6H4N|1|I"
"NR_4.0_92073.1","6H5S|1|E","6H5S|1|E"
"NR_4.0_79502.1","3HJY|1|D+3HJY|1|C+3HJY|1|E","3HJY|1|D+3HJY|1|C+3HJY|1|E"
"NR_4.0_47541.3","3HTX|1|B+3HTX|1|C","3HTX|1|B+3HTX|1|C,3HTX|1|E+3HTX|1|F"
"NR_4.0_36664.1","6H9H|1|E","6H9H|1|E"
"NR_4.0_44944.1","3I55|1|4","3I55|1|4"
"NR_4.0_63549.3","6HAK|1|T+6HAK|1|P","6HAK|1|T+6HAK|1|P,6HAK|1|E+6HAK|1|F"
"NR_4.0_05648.1","6HAU|1|D","6HAU|1|D"
"NR_4.0_69032.2","6HCJ|1|v3","6HCJ|1|v3"
"NR_4.0_07832.1","3IBK|1|A","3IBK|1|A"
"NR_4.0_02956.1","6HCT|1|E+6HCT|1|F","6HCT|1|E+6HCT|1|F"
"NR_4.0_17814.1","6SWD|1|5","6SWD|1|5"
"NR_4.0_78175.1","3ICE|1|G","3ICE|1|G"
"NR_4.0_15937.1","6SWE|1|4","6SWE|1|4"
"NR_4.0_60828.8","6HIW|1|CA","6HIW|1|CA,6HIY|1|CA,6HIZ|1|CA,7PUB|1|CA"
"NR_4.0_12260.5","3MXH|1|R","3MXH|1|R,3MUM|1|R,3UCZ|1|R,4YB1|1|R,3MUR|1|R,3MUV|1|R,3UD4|1|R,3UD3|1|R,3MUT|1|R,3IRW|1|R,3UCU|1|R"
"NR_4.0_37848.3","6HTU|1|D+6HTU|1|F","6HTU|1|D+6HTU|1|F,6HU6|1|A+6HU6|1|E"
"NR_4.0_00338.1","6SY4|1|C","6SY4|1|C"
"NR_4.0_07634.1","6HU6|1|B+6HU6|1|F","6HU6|1|B+6HU6|1|F"
"NR_4.0_30539.1","6SZU|1|V+6SZU|1|M","6SZU|1|V+6SZU|1|M"
"NR_4.0_47295.1","6I0V|1|B","6I0V|1|B"
"NR_4.0_44615.2","6T0R|1|V","6T0R|1|V,6T0U|1|V,6TW1|1|V+6TW1|1|M"
"NR_4.0_98744.1","6T0V|1|M+6T0V|1|R","6T0V|1|M+6T0V|1|R"
"NR_4.0_11689.8","7ZUX|1|7","7ZUX|1|7,9F9S|1|DQ,6SV4|1|mc,6SV4|1|mb,8T3A|1|tE,6ZVI|1|e"
"NR_4.0_40788.3","6T7T|1|6","6T7T|1|6,6T83|1|6b,6T83|1|8,6T7T|1|7"
"NR_4.0_52978.5","6N6C|1|D","6N6C|1|D,6N6J|1|C,6N6J|1|D,7MPM|1|B,7MPM|1|H,7MPM|1|L,7MPM|1|F,7MPM|1|J,7MPM|1|D,7MPM|1|P,5O4Z|1|B,7MPM|1|N,6P7Q|1|E,6P7Q|1|F,6P7Q|1|D,8JBB|1|D,5XSP|1|C,5XSP|1|D,6RCL|1|C,8JBB|1|C,9EBT|1|C,9EBT|1|D,9O9L|1|E,5JJU|1|C,8Y7G|1|E,8Y7G|1|D,9MMW|1|Q,9MMW|1|D,9MMW|1|C,9MMW|1|T,9MMW|1|I,9MMW|1|J,9OFE|1|J,9OFD|1|C,9OFC|1|C,9OFC|1|N,9OFC|1|J,9OFE|1|D,9OFB|1|C,9OFD|1|D,9OFC|1|D,9OFC|1|I,9OFB|1|D,9OFE|1|C,9OFE|1|I,9OFC|1|M,4EJT|1|G"
"NR_4.0_80360.4","6TFF|1|A","6TFF|1|A,6TFG|1|A,6TF1|1|A,6TF3|1|A,6TF2|1|A,6TB7|1|A,6TF0|1|A,6TFH|1|A,6TFE|1|A"
"NR_4.0_60125.7","6T4Q|1|6","6T4Q|1|6,6SNT|1|6,6Q8Y|1|n,9F9S|1|CP,6T7I|1|6,7RR5|1|P,6SV4|1|n,7ZPQ|1|6,7ZS5|1|2"
"NR_4.0_79284.1","6TMF|1|A","6TMF|1|A"
"NR_4.0_09624.1","6ID0|1|H+6ID0|1|F+6ID0|1|G","6ID0|1|H+6ID0|1|F+6ID0|1|G"
"NR_4.0_85248.2","6IFK|1|J+6IFK|1|N","6IFK|1|J+6IFK|1|N,6IG0|1|J+6IG0|1|N,6IFY|1|J+6IFY|1|I"
"NR_4.0_20230.1","7B5K|1|z","7B5K|1|z"
"NR_4.0_67601.1","7MJV|1|E","7MJV|1|E"
"NR_4.0_86909.3","7A9N|1|K+7A9N|1|L","7A9N|1|K+7A9N|1|L,6ZRS|1|K+6ZRS|1|L,7A9O|1|K+7A9O|1|L,6ZR1|1|K+6ZR1|1|L,6ZQ9|1|K+6ZQ9|1|L,6ZPF|1|K+6ZPF|1|L,6ZWU|1|M+6ZWU|1|N,7A9T|1|K+7A9T|1|L,7A9Q|1|K+7A9Q|1|L,6ZW3|1|M+6ZW3|1|N,6ZX5|1|K+6ZX5|1|L,439D|1|A+439D|1|B,7A9L|1|M+7A9L|1|N,6ZRL|1|M+6ZRL|1|N,6ZX8|1|K+6ZX8|1|L,7A9S|1|K+7A9S|1|L,7A9R|1|M+7A9R|1|N,7A9P|1|M+7A9P|1|N"
"NR_4.0_91211.4","8OUE|1|B","8OUE|1|B,9SHZ|1|B,8OUF|1|B,7QXA|1|B,9SHY|1|B,7V99|1|R,7QXB|1|B,9SI0|1|B,7QXS|1|B,7BG9|1|B,9QAX|1|B,7BGB|1|B,9QB2|1|B,7TRE|1|B,7TRC|1|B,7TRF|1|B,9QAZ|1|B,9QAY|1|B,7TRD|1|B,9QB3|1|b,9QB3|1|B,9QB2|1|b,9Q16|1|B,9Q10|1|B,9Q11|1|B,9Q12|1|B,9Q0Z|1|B,9Q14|1|B,9Q17|1|B,9Q18|1|B,9Q19|1|B"
"NR_4.0_48181.2","7MKT|1|A","7MKT|1|A"
"NR_4.0_26324.1","7MLJ|1|I","7MLJ|1|I"
"NR_4.0_80074.1","7MLX|1|R","7MLX|1|R"
"NR_4.0_80196.3","7MQD|1|N","7MQD|1|N,7MQD|1|D,7MQD|1|P,7MQD|1|F,7MQD|1|B,7MQD|1|J,7MQD|1|H,7MQD|1|L,7MQE|1|B,7MQE|1|F,7MQE|1|P,7MQE|1|N,7MQE|1|J,7MQE|1|D,7MQE|1|H,7MQE|1|L"
"NR_4.0_02834.1","472D|1|A+472D|1|B","472D|1|A+472D|1|B"
"NR_4.0_64079.3","7MQF|1|F","7MQF|1|F,7MQF|1|H,7MQF|1|J,7MQF|1|P,7MQG|1|H,7MQF|1|D,7MQF|1|B,7MQF|1|L,7MQG|1|D,7MQG|1|F,7MQF|1|N,7MQG|1|B,7MQI|1|P,7MQI|1|N,7MQH|1|P,7MQH|1|D,7MQH|1|N,7MQH|1|F,7MQH|1|J,7MQH|1|L,7MQH|1|H,7MQI|1|L,7MQI|1|J,7MQH|1|B,7MQG|1|N,7MQG|1|L,7MQG|1|J,7MQI|1|B,7MQG|1|P,7MQI|1|F,7MQI|1|H,7MQI|1|D"
"NR_4.0_86763.2","7BPG|1|G+7BPG|1|H","7BPG|1|G+7BPG|1|H,7BPG|1|E+7BPG|1|F,7BPG|1|C+7BPG|1|D,7BPG|1|A+7BPG|1|B"
"NR_4.0_16139.5","7QTT|1|d+7QTT|1|f+7QTT|1|g","7QTT|1|d+7QTT|1|f+7QTT|1|g,6FF4|1|6+6FF4|1|2+6FF4|1|Z,9S2E|1|6+9S2E|1|2,9R3D|1|6,9J8P|1|B,7ABF|1|6,9S2F|1|6,8RO2|1|6+8RO2|1|2"
"NR_4.0_73553.1","7BV2|1|T+7BV2|1|P","7BV2|1|T+7BV2|1|P"
"NR_4.0_86209.1","7C06|1|1","7C06|1|1"
"NR_4.0_89238.2","6AZ3|1|1+6AZ3|1|2+6AZ3|1|7","6AZ3|1|1+6AZ3|1|2+6AZ3|1|7,5T2A|1|A+5T2A|1|B+5T2A|1|G+5T2A|1|C,3JCS|1|1+3JCS|1|2+3JCS|1|7"
"NR_4.0_24549.3","6AZ3|1|4","6AZ3|1|4,3JCS|1|4"
"NR_4.0_35448.1","3JCS|1|5","3JCS|1|5"
"NR_4.0_24244.3","6AZ3|1|8","6AZ3|1|8,5T2A|1|D,3JCS|1|8"
"NR_4.0_68707.3","7C06|1|X","7C06|1|X,7C06|1|O,7C08|1|X"
"NR_4.0_67835.3","7C07|1|C","7C07|1|C,7C07|1|L,7C07|1|F,7C07|1|U,7C07|1|R"
"NR_4.0_47714.1","7MRL|1|A","7MRL|1|A"
"NR_4.0_56328.1","3JXQ|1|K+3JXQ|1|L","3JXQ|1|K+3JXQ|1|L"
"NR_4.0_68933.3","9BUQ|1|AA+9BUQ|1|AC","9BUQ|1|AA+9BUQ|1|AC,9BUS|1|AA+9BUS|1|AC,9J9I|1|A+9J9I|1|C,9J9H|1|A+9J9H|1|C,9BUP|1|AA+9BUP|1|AC,9BUU|1|AA+9BUU|1|AC,9BUT|1|AA+9BUT|1|AC,5UMD|1|A+5UMD|1|C,3J79|1|A+3J79|1|C"
"NR_4.0_93248.1","7C07|1|O","7C07|1|O"
"NR_4.0_65098.1","7C08|1|1","7C08|1|1"
"NR_4.0_06376.3","3K4E|1|F","3K4E|1|F,3K4E|1|B,3K4E|1|D"
"NR_4.0_24667.1","7C08|1|O","7C08|1|O"
"NR_4.0_38094.1","7C45|1|D","7C45|1|D"
"NR_4.0_44985.1","7C7L|1|C+7C7L|1|D+7C7L|1|E","7C7L|1|C+7C7L|1|D+7C7L|1|E"
"NR_4.0_77859.3","7CGK|1|B","7CGK|1|B,7CGG|1|B"
"NR_4.0_14980.1","3K61|1|B","3K61|1|B"
"NR_4.0_36895.1","7CGH|1|B","7CGH|1|B"
"NR_4.0_46700.1","7N0B|1|T+7N0B|1|D","7N0B|1|T+7N0B|1|D"
"NR_4.0_52626.1","3K64|1|B","3K64|1|B"
"NR_4.0_31724.1","7CGJ|1|B","7CGJ|1|B"
"NR_4.0_08340.3","7N0D|1|T+7N0D|1|K+7N0D|1|P","7N0D|1|T+7N0D|1|K+7N0D|1|P,7N0D|1|I+7N0D|1|L+7N0D|1|J"
"NR_4.0_24803.1","7CGM|1|B","7CGM|1|B"
"NR_4.0_99134.1","7N2V|1|Dt","7N2V|1|Dt"
"NR_4.0_63941.2","9BUQ|1|S7","9BUQ|1|S7,9BUP|1|S7,9BUS|1|S7,6OKK|1|g,3J7A|1|7"
"NR_4.0_25301.4","8RDU|1|1+8RDU|1|3+8RDU|1|6+8RDU|1|4+8RDU|1|5+8RDU|1|2+8RDU|1|7","8RDU|1|1+8RDU|1|3+8RDU|1|6+8RDU|1|4+8RDU|1|5+8RDU|1|2+8RDU|1|7,8RKT|1|1+8RKT|1|3+8RKT|1|2,8BD5|1|B+8BD5|1|C+8BD5|1|D,7PLA|1|B+7PLA|1|C+7PLA|1|D,9GO0|1|B+9GO0|1|C+9GO0|1|D,8AXA|1|B+8AXA|1|C,8EA4|1|7+8EA4|1|1+8EA4|1|4+8EA4|1|3+8EA4|1|2+8EA4|1|5+8EA4|1|6,8AXB|1|B,8EA3|1|7+8EA3|1|1+8EA3|1|4+8EA3|1|3+8EA3|1|2+8EA3|1|5+8EA3|1|6,7N3P|1|B+7N3P|1|C+7N3P|1|D,7N3O|1|B"
"NR_4.0_60357.1","3KOA|1|B+3KOA|1|C","3KOA|1|B+3KOA|1|C"
"NR_4.0_32874.3","3KTW|1|C","3KTW|1|C,3KTW|1|D"
"NR_4.0_34992.3","3L25|1|C+3L25|1|F","3L25|1|C+3L25|1|F,3L26|1|C"
"NR_4.0_63265.1","3LA5|1|A","3LA5|1|A"
"NR_4.0_26483.3","3J7P|1|5+3J7P|1|8","3J7P|1|5+3J7P|1|8,3J7Q|1|5+3J7Q|1|8,3J7R|1|5+3J7R|1|8,3J7O|1|5+3J7O|1|8"
"NR_4.0_86182.1","3LOB|1|R","3LOB|1|R"
"NR_4.0_22409.1","9KDW|1|S6","9KDW|1|S6,7LS2|1|n2,7CPU|1|S6,9KDV|1|S6,7CPV|1|S6,9KDT|1|S6,9H4N|1|n2,7LS1|1|n2"
"NR_4.0_62824.3","3J7Q|1|7","3J7Q|1|7,3J7P|1|7,3J7R|1|7,3J7O|1|7"
"NR_4.0_96295.3","3M7N|1|X","3M7N|1|X,3M7N|1|Z,3M7N|1|Y,3M85|1|X,3M85|1|Z,3M85|1|Y"
"NR_4.0_61505.3","3J7P|1|S2","3J7P|1|S2,3J7R|1|S2"
"NR_4.0_68817.1","7CTT|1|T+7CTT|1|Q","7CTT|1|T+7CTT|1|Q"
"NR_4.0_00935.1","7NDJ|1|C","7NDJ|1|C"
"NR_4.0_34950.1","3J7R|1|S4","3J7R|1|S4"
"NR_4.0_13395.1","3MDG|1|C","3MDG|1|C"
"NR_4.0_40050.3","8R60|1|E","8R60|1|E,7NI0|1|E,7NHC|1|E,7NHX|1|E,7NHA|1|E"
"NR_4.0_12763.37","7QI4|1|A","7QI4|1|A,8RRI|1|A,7QI5|1|A,9OLF|1|A,7OF0|1|A,8ANY|1|A,8K2A|1|L1,7OF6|1|A,7OF7|1|A,7OF4|1|A,7OF2|1|A,7QI6|1|A,9RU6|1|A,7OF3|1|A,9VXM|1|A,9CN3|1|A,9PR4|1|A,9PGL|1|A,7OF5|1|A,9PRA|1|A,9PGF|1|A,9PSM|1|A,8OIT|1|B8,9UWH|1|A,8XT0|1|L1,8XT1|1|L1,8XT3|1|L1,9PGI|1|A,9PG8|1|A,8XT2|1|L1,8OIR|1|B8,9PS7|1|A,8QSJ|1|A,7ODS|1|A,7ODT|1|A,9PGM|1|A,7PO4|1|A,7L20|1|A,9PSI|1|A,7QH7|1|A,6ZSC|1|XA,9S7C|1|A,8K2B|1|L1,7OIE|1|A,9PRX|1|A,7OIA|1|A,6ZSD|1|XA,9PRQ|1|A,9S7E|1|A,9PRD|1|A,7A5I|1|A3,7OID|1|A,7L08|1|A,7OI8|1|A,7OG4|1|XA,8PK0|1|A,7OIB|1|A,6ZSG|1|XA,6ZSA|1|XA,7QH6|1|A,6ZS9|1|XA,6VMI|1|A,6VLZ|1|A,3J7Y|1|A,9S7D|1|A,7OI9|1|A,9PS0|1|A,3J9M|1|A,8QU1|1|A,6I9R|1|A,7OI7|1|A,9S7B|1|A,5OOL|1|A,6NU2|1|A,5OOM|1|A,8QU5|1|A,6ZM6|1|A,6ZM5|1|A,7ODR|1|A,7O9M|1|A,7O9K|1|A,7OIC|1|A,7A5J|1|A,7A5H|1|A,7A5K|1|A3,7PD3|1|A"
"NR_4.0_86272.1","3MEI|1|A+3MEI|1|B","3MEI|1|A+3MEI|1|B"
"NR_4.0_38078.1","3MJ0|1|B","3MJ0|1|B"
"NR_4.0_56999.5","8H2H|1|A","8H2H|1|A,7D1A|1|A"
"NR_4.0_96977.1","3MQK|1|D+3MQK|1|E","3MQK|1|D+3MQK|1|E"
"NR_4.0_83698.1","7D1A|1|B","7D1A|1|B"
"NR_4.0_53806.1","9I89|1|D","9I89|1|D,9I88|1|D,7NHM|1|D,7P48|1|5"
"NR_4.0_07795.3","7D7W|1|A","7D7W|1|A,7D7Z|1|A,7D7X|1|A,7D7Y|1|A"
"NR_4.0_41466.3","8A5I|1|A","8A5I|1|A,8A57|1|A,7NHN|1|A,8A63|1|A"
"NR_4.0_25369.3","3NJ7|1|C+3NJ7|1|D","3NJ7|1|C+3NJ7|1|D,3NJ7|1|E+3NJ7|1|F,3NJ7|1|A+3NJ7|1|B,3NJ6|1|A"
"NR_4.0_89299.3","7D81|1|A","7D81|1|A,7D82|1|A"
"NR_4.0_68529.3","8A5I|1|B","8A5I|1|B,7NHN|1|B,8A63|1|B,8A57|1|B"
"NR_4.0_71275.1","3NKB|1|B+3NKB|1|A","3NKB|1|B+3NKB|1|A"
"NR_4.0_96851.1","7D8C|1|B","7D8C|1|B"
"NR_4.0_62309.1","3NMA|1|B","3NMA|1|B"
"NR_4.0_99575.4","7D8O|1|B","7D8O|1|B,7D8O|1|F,7D8O|1|L,7D8O|1|D,7D8O|1|H,7D8O|1|J"
"NR_4.0_08995.1","7NHN|1|D","7NHN|1|D"
"NR_4.0_81808.2","3NMU|1|E+3NMU|1|K","3NMU|1|E+3NMU|1|K,3NMU|1|D"
"NR_4.0_13974.1","7NJC|1|B","7NJC|1|B"
"NR_4.0_21698.1","3NMU|1|I","3NMU|1|I"
"NR_4.0_50067.1","3NNC|1|B","3NNC|1|B"
"NR_4.0_43181.3","7DA7|1|C","7DA7|1|C,7DAS|1|C"
"NR_4.0_47859.1","7NWG|1|33","7NWG|1|33"
"NR_4.0_49747.1","3NNH|1|F","3NNH|1|F"
"NR_4.0_22385.1","7DCO|1|H+7DCO|1|F","7DCO|1|H+7DCO|1|F"
"NR_4.0_12220.1","7NWG|1|v3","7NWG|1|v3"
"NR_4.0_48635.1","7DFG|1|T+7DFG|1|P","7DFG|1|T+7DFG|1|P"
"NR_4.0_47926.3","7OIF|1|z","7OIF|1|z,7NWW|1|z,7OIG|1|z"
"NR_4.0_35047.1","7DIC|1|C","7DIC|1|C"
"NR_4.0_35764.1","7O19|1|B7","7O19|1|B7"
"NR_4.0_33631.2","3NVK|1|L","3NVK|1|L,3NVK|1|K"
"NR_4.0_32613.3","7O7Z|1|AI","7O7Z|1|AI,7O7Y|1|AI,7O80|1|AI"
"NR_4.0_96072.1","3NVK|1|S","3NVK|1|S"
"NR_4.0_61090.1","7DOI|1|T+7DOI|1|P","7DOI|1|T+7DOI|1|P"
"NR_4.0_79034.1","7DOL|1|C","7DOL|1|C"
"NR_4.0_40560.3","3OIN|1|C","3OIN|1|C,3OIJ|1|D,3OIJ|1|C"
"NR_4.0_42385.1","7DU2|1|R","7DU2|1|R"
"NR_4.0_79803.1","7O80|1|AT","7O80|1|AT"
"NR_4.0_27000.1","7O81|1|AT","7O81|1|AT"
"NR_4.0_74971.1","7E8O|1|X","7E8O|1|X"
"NR_4.0_75220.3","7ECK|1|I+7ECK|1|J","7ECK|1|I+7ECK|1|J,7ECK|1|G+7ECK|1|H,7ECK|1|A+7ECK|1|B,7ECJ|1|A+7ECJ|1|B,7ECL|1|E+7ECL|1|F,7ECK|1|E+7ECK|1|F,7ECL|1|I+7ECL|1|J,7ECL|1|K+7ECL|1|L,7ECL|1|G+7ECL|1|H,7ECL|1|A+7ECL|1|B,7ECL|1|C+7ECL|1|D,7ECK|1|C+7ECK|1|D,7ECK|1|K+7ECK|1|L,7ECJ|1|C"
"NR_4.0_51912.1","7ODF|1|F+7ODF|1|E+7ODF|1|G","7ODF|1|F+7ODF|1|E+7ODF|1|G"
"NR_4.0_02841.3","7ECN|1|A+7ECN|1|B","7ECN|1|A+7ECN|1|B,7ECM|1|A+7ECM|1|B,7ECN|1|C+7ECN|1|D,7ECM|1|C+7ECM|1|D"
"NR_4.0_42626.1","7OFZ|1|C","7OFZ|1|C"
"NR_4.0_45291.1","7OGM|1|P","7OGM|1|P"
"NR_4.0_36012.3","7ECO|1|E+7ECO|1|F","7ECO|1|E+7ECO|1|F,7ECO|1|A+7ECO|1|B,7ECO|1|C+7ECO|1|D"
"NR_4.0_02527.4","9J4N|1|A","9J4N|1|A,7OT5|1|z,7OII|1|z"
"NR_4.0_50716.1","7OJK|1|D+7OJK|1|E","7OJK|1|D+7OJK|1|E"
"NR_4.0_17196.6","8GWE|1|J+8GWE|1|I","8GWE|1|J+8GWE|1|I,8GWF|1|J+8GWF|1|I,8GWO|1|J+8GWO|1|I,8GWB|1|J+8GWB|1|I,7EGQ|1|J+7EGQ|1|I,8GWI|1|J+8GWI|1|I,8GWN|1|J+8GWN|1|I,7EGQ|1|M+7EGQ|1|L,8GWG|1|J+8GWG|1|I"
"NR_4.0_79094.1","7OJN|1|R+7OJN|1|M","7OJN|1|R+7OJN|1|M"
"NR_4.0_73428.31","7QI4|1|B","7QI4|1|B,7QI5|1|B,8ANY|1|B,8RRI|1|B,7PO4|1|B,9OLF|1|B,7QI6|1|B,8K2A|1|L2,9RU6|1|B,9VXM|1|B,7OF6|1|B,7OF4|1|B,7OF0|1|B,7OF2|1|B,7OF3|1|B,9PGF|1|B,7OF7|1|B,9UWH|1|B,9S7C|1|B,8XT0|1|L2,9PGM|1|B,8XT2|1|L2,9PS7|1|B,7L20|1|B,9PR4|1|B,6VMI|1|B,9S7E|1|B,7OF5|1|B,9PRA|1|B,6VLZ|1|B,9PG8|1|B,9PSI|1|B,6ZSC|1|XB,7OIA|1|B,9PGI|1|B,6ZSD|1|XB,9PSM|1|B,8OIR|1|B9,8XT1|1|L2,7ODS|1|B,7OI8|1|B,7L08|1|B,8XT3|1|L2,9PGL|1|B,9PRX|1|B,7OG4|1|XB,9PRQ|1|B,8OIT|1|B9,6ZSG|1|XB,7OIB|1|B,9S7D|1|B,7ODT|1|B,6ZS9|1|XB,6ZSA|1|XB,8QSJ|1|B,3J7Y|1|B,9PRD|1|B,9S7B|1|B,5OOM|1|B,9CN3|1|B,6I9R|1|B,7QH6|1|B,8PK0|1|B,5OOL|1|B,7OID|1|B,7A5I|1|B3,8QU1|1|B,7OIE|1|B,3J9M|1|B,9PS0|1|B,8K2B|1|L2,7OI9|1|B,7OI7|1|B,8QU5|1|B,6ZM6|1|B,6ZM5|1|B,7ODR|1|B,7O9K|1|B,7O9M|1|B,7OIC|1|B,7A5J|1|B,7A5K|1|B3,7A5H|1|B"
"NR_4.0_75279.3","7ELC|1|C","7ELC|1|C,7EL9|1|F,7EL9|1|C"
"NR_4.0_76426.1","7ELH|1|C","7ELH|1|C"
"NR_4.0_84582.5","7ELH|1|P+7ELH|1|Q","7ELH|1|P+7ELH|1|Q,7ELH|1|T+7ELH|1|U"
"NR_4.0_29366.1","7ELH|1|R+7ELH|1|S","7ELH|1|R+7ELH|1|S"
"NR_4.0_38681.1","7ENI|1|B","7ENI|1|B"
"NR_4.0_54098.5","7EOG|1|A","7EOG|1|A,7EOH|1|A,7EOP|1|A,7EOI|1|A,7EOJ|1|A,7EOK|1|A,7EON|1|A,7EOO|1|A,7EOL|1|A,7EOM|1|A"
"NR_4.0_65533.3","3OVB|1|C","3OVB|1|C,3OVA|1|C,3OVB|1|D,3OUY|1|C,3OVS|1|C,3OUY|1|D,3OV7|1|C,3OVS|1|D,3OV7|1|D"
"NR_4.0_62334.1","7EQG|1|M+7EQG|1|N+7EQG|1|O","7EQG|1|M+7EQG|1|N+7EQG|1|O"
"NR_4.0_31984.1","6XQD|1|2v","6XQD|1|2v"
"NR_4.0_84549.1","7EU9|1|B+7EU9|1|C+7EU9|1|D","7EU9|1|B+7EU9|1|C+7EU9|1|D"
"NR_4.0_82754.1","6XRQ|1|B","6XRQ|1|B"
"NR_4.0_28412.1","7F3I|1|D","7F3I|1|D"
"NR_4.0_73142.1","6XYW|1|2","6XYW|1|2"
"NR_4.0_67400.6","6XZR|1|IN1","6XZR|1|IN1,6XZG|1|IN1,6XZQ|1|I,6XZP|1|IN1,6Y0C|1|IN1,6XZD|1|IN1"
"NR_4.0_53377.1","7F3J|1|D","7F3J|1|D"
"NR_4.0_67561.3","7FGI|1|V","7FGI|1|V,7FGI|1|U,7FGI|1|W,7FGI|1|P,7FGI|1|Q,7FGI|1|X,7FGI|1|S,7FGI|1|M,7FGI|1|T,7FGI|1|N,7FGI|1|O,7FGI|1|R"
"NR_4.0_11231.1","6Y0G|1|A4","6Y0G|1|A4"
"NR_4.0_67509.1","6Y57|1|A4","6Y57|1|A4"
"NR_4.0_79588.2","6YAL|1|3","6YAL|1|3,6YAM|1|3"
"NR_4.0_19817.3","7FJI|1|R","7FJI|1|R,7FJJ|1|R"
"NR_4.0_49851.3","6YBV|1|w","6YBV|1|w,8OZ0|1|y,7QP7|1|w,6ZMW|1|w"
"NR_4.0_17548.1","7JHY|1|z","7JHY|1|z"
"NR_4.0_13227.1","10RR|1|F","10RR|1|F,10RR|1|C"
"NR_4.0_25113.2","3P4A|1|A+3P4A|1|B","3P4A|1|A+3P4A|1|B,3P4A|1|E+3P4A|1|F,3P4A|1|C+3P4A|1|D"
"NR_4.0_37307.1","10YZ|1|C","10YZ|1|C"
"NR_4.0_21012.2","8T5S|1|B+8T5S|1|C","8T5S|1|B+8T5S|1|C,7MQ9|1|N0,6YBW|1|7,8SXU|1|C,6ZMW|1|7"
"NR_4.0_52882.1","10ZU|1|A","10ZU|1|A"
"NR_4.0_39715.1","9OZ9|1|2","9OZ9|1|2,9OZZ|1|2,9OZN|1|2,9P0E|1|2,9OY8|1|2,9ZCD|1|2,7JIL|1|2,9OYV|1|2"
"NR_4.0_48143.1","3P59|1|A+3P59|1|C+3P59|1|E+3P59|1|G+3P59|1|B+3P59|1|D+3P59|1|F+3P59|1|H","3P59|1|A+3P59|1|C+3P59|1|E+3P59|1|G+3P59|1|B+3P59|1|D+3P59|1|F+3P59|1|H"
"NR_4.0_50188.3","6YDP|1|BA","6YDP|1|BA"
"NR_4.0_64199.1","9OZ9|1|3","9OZ9|1|3,9OZZ|1|3,9OZN|1|3,9P0E|1|3,7JIL|1|3"
"NR_4.0_32226.1","3PDM|1|R","3PDM|1|R"
"NR_4.0_16650.1","3PKM|1|G","3PKM|1|G"
"NR_4.0_48575.3","7JL1|1|X+7JL1|1|Y","7JL1|1|X+7JL1|1|Y"
"NR_4.0_83671.4","5GIP|1|G+5GIP|1|H+5GIP|1|I+5GIP|1|J","5GIP|1|G+5GIP|1|H+5GIP|1|I+5GIP|1|J,5GIP|1|Q+5GIP|1|R+5GIP|1|S+5GIP|1|T,3PLA|1|G+3PLA|1|H+3PLA|1|I+3PLA|1|J,5GIN|1|G+5GIN|1|H+5GIN|1|I+5GIN|1|J,5GIO|1|G+5GIO|1|H+5GIO|1|I+5GIO|1|J,3PLA|1|N+3PLA|1|O,5GIN|1|N+5GIN|1|O,5GIO|1|N+5GIO|1|O"
"NR_4.0_18633.1","7JRR|1|A","7JRR|1|A"
"NR_4.0_80999.1","7JRT|1|A+7JRT|1|B","7JRT|1|A+7JRT|1|B"
"NR_4.0_39770.1","7JT3|1|4","7JT3|1|4"
"NR_4.0_85950.1","3PTX|1|R","3PTX|1|R"
"NR_4.0_29179.1","3PU1|1|R","3PU1|1|R"
"NR_4.0_43560.1","3Q0L|1|D","3Q0L|1|D"
"NR_4.0_96870.8","9R3A|1|Y","9R3A|1|Y,7ST2|1|5,9RBF|1|Z,7ST6|1|5,7SSO|1|5,9T5X|1|Z,7SSN|1|5,7K54|1|5,7K55|1|5,7SSD|1|5,7K52|1|5,7K53|1|7,7ST7|1|5,7K50|1|7,7SSW|1|5,7K51|1|5,7LV0|1|5,7SSL|1|5,7SS9|1|5,8QOA|1|Y,8QBT|1|6,8QBT|1|5,9VVI|1|Y,9XWO|1|Y"
"NR_4.0_98055.3","3Q0S|1|B","3Q0S|1|B,3Q0N|1|C"
"NR_4.0_81724.3","3Q0N|1|D","3Q0N|1|D,3Q0O|1|C,3Q0O|1|D"
"NR_4.0_93855.32","7QI4|1|AA","7QI4|1|AA,7P2E|1|A,7QI5|1|AA,8RRI|1|AA,9OJM|1|A,9OLF|1|AA,8ANY|1|AA,7PNX|1|A,7PO1|1|A,7PO3|1|A,7QI6|1|AA,6RW5|1|A,7PO2|1|A,8K2A|1|S1,7PNY|1|A,7PNZ|1|A,9VXM|1|AA,9RU6|1|AA,9UWH|1|AA,9PGL|1|AA,8CSS|1|A,9PGF|1|AA,9G5C|1|A,9HFM|1|A,9G5D|1|A,8XT0|1|S1,8QRN|1|A,9HFO|1|A,8CSR|1|A,9PSM|1|AA,9PGI|1|AA,9PG8|1|AA,9PS7|1|AA,8XT2|1|S1,8CSQ|1|A,9PGM|1|AA,8OIR|1|AA,9PSI|1|AA,9ROV|1|A,9H51|1|A,9PRX|1|AA,8CST|1|A,9G5E|1|A,8CSP|1|A,9HFN|1|A,9PRQ|1|AA,9S7C|1|AA,9G5B|1|A,6ZSD|1|AA,7A5I|1|A6,9PRD|1|AA,7L08|1|AA,6ZSC|1|AA,9ROR|1|A,6VMI|1|AA,6ZSG|1|AA,6ZSA|1|AA,9S7E|1|AA,8QRM|1|A,6VLZ|1|AA,8QRL|1|A,3J9M|1|AA,8CSU|1|A,7OG4|1|AA,9H54|1|A,9S7D|1|AA,9H52|1|A,9H55|1|A,9PS0|1|AA,6ZS9|1|AA,9S7B|1|AA,6NU2|1|AA,6ZM6|1|AA,6RW4|1|A,7PO0|1|A,6ZM5|1|AA,8OIS|1|AA,7A5K|1|A6"
"NR_4.0_19061.3","3Q1Q|1|C","3Q1Q|1|C"
"NR_4.0_03885.1","3Q2T|1|F","3Q2T|1|F"
"NR_4.0_34353.1","3QJJ|1|R","3QJJ|1|R"
"NR_4.0_68652.1","3QRP|1|B+3QRP|1|C","3QRP|1|B+3QRP|1|C"
"NR_4.0_02020.1","7K54|1|4","7K54|1|4"
"NR_4.0_23218.1","3QRR|1|B","3QRR|1|B"
"NR_4.0_55755.2","7K98|1|C","7K98|1|C,7K98|1|F,9DSX|1|C,9DTF|1|C,9DRS|1|C,9DRT|1|C,7KA0|1|C,9DRV|1|C,7K9M|1|C,9DSX|1|F,9DTF|1|F,9DRT|1|F,9DRV|1|F,9DRS|1|F,7KAB|1|C,7KA0|1|F"
"NR_4.0_72196.3","7KKV|1|B","7KKV|1|B,7K9D|1|B,7K9E|1|B,7K9E|1|D"
"NR_4.0_30151.1","7KGA|1|B+7KGA|1|A","7KGA|1|B+7KGA|1|A"
"NR_4.0_60368.3","7KI3|1|C+7KI3|1|B","7KI3|1|C+7KI3|1|B,7KI3|1|F+7KI3|1|E"
"NR_4.0_63209.1","3R1E|1|A+3R1E|1|B","3R1E|1|A+3R1E|1|B"
"NR_4.0_05326.3","7KJT|1|A","7KJT|1|A,7KJU|1|A,8UP5|1|T,9D85|1|T"
"NR_4.0_14758.1","3R4F|1|A","3R4F|1|A"
"NR_4.0_55745.2","7KJV|1|D+7KJV|1|C","7KJV|1|D+7KJV|1|C,7KJW|1|D+7KJW|1|C"
"NR_4.0_95874.1","3R9X|1|C","3R9X|1|C"
"NR_4.0_37847.1","7KJX|1|C+7KJX|1|D","7KJX|1|C+7KJX|1|D"
"NR_4.0_07663.3","3RER|1|K","3RER|1|K,4HT9|1|E"
"NR_4.0_30750.1","7KQM|1|B+7KQM|1|C","7KQM|1|B+7KQM|1|C"
"NR_4.0_57598.4","3RG5|1|B","3RG5|1|B,3RG5|1|A"
"NR_4.0_76114.3","3RKF|1|C","3RKF|1|C,3RKF|1|B,3RKF|1|A,3RKF|1|D"
"NR_4.0_30254.3","7KVT|1|B","7KVT|1|B,7KVU|1|G,7KVV|1|D"
"NR_4.0_81965.4","6N6D|1|D","6N6D|1|D,6N6K|1|C,6N6K|1|D,5O58|1|B,7MW8|1|J,7MW8|1|K,7MW8|1|L,7MW8|1|M,7MW8|1|N,7MW8|1|O,6TY9|1|M,3RTJ|1|D"
"NR_4.0_18350.1","7KX9|1|B+7KX9|1|C","7KX9|1|B+7KX9|1|C"
"NR_4.0_94746.2","7L49|1|E+7L49|1|C+7L49|1|D","7L49|1|E+7L49|1|C+7L49|1|D,7L48|1|E"
"NR_4.0_54515.3","7LD5|1|F","7LD5|1|F,7LD5|1|D,7LD5|1|E"
"NR_4.0_58762.1","9O3V|1|Pt","9O3V|1|Pt,9O3W|1|Pt,7LJ3|1|B,7LJ3|1|A,7LJ3|1|C"
"NR_4.0_76909.3","3RW6|1|H","3RW6|1|H,3RW6|1|F"
"NR_4.0_10541.3","3RZD|1|R","3RZD|1|R,3S1R|1|R"
"NR_4.0_35883.1","3RZO|1|R","3RZO|1|R"
"NR_4.0_45705.3","6YW5|1|aa","6YW5|1|aa,6YWE|1|aa,6YWX|1|aa,6YWY|1|aa"
"NR_4.0_96728.1","3S1N|1|R","3S1N|1|R"
"NR_4.0_07962.3","7LNE|1|A+7LNE|1|B","7LNE|1|A+7LNE|1|B,7LNF|1|A+7LNF|1|B,7LNG|1|A+7LNG|1|B"
"NR_4.0_59870.3","3S49|1|E+3S49|1|F","3S49|1|E+3S49|1|F,3S49|1|C+3S49|1|D,3S49|1|A+3S49|1|B,3S49|1|G"
"NR_4.0_72592.3","6YWE|1|A","6YWE|1|A,6YWX|1|A,6YWV|1|A,6YWY|1|A,6YWS|1|A"
"NR_4.0_94066.13","9FY2|1|a","9FY2|1|a,9FY1|1|a,9FY3|1|a,6HA1|1|a,8BUU|1|a,8CDU|1|A,8QPP|1|A,7O5B|1|A,7QV2|1|a,7QV1|1|a,8R55|1|A,5NJT|1|A,8CEC|1|A,6HA8|1|a,3J9W|1|AA,8CEE|1|A,8QCQ|1|a"
"NR_4.0_00361.1","7LYG|1|A","7LYG|1|A"
"NR_4.0_78797.7","4LVW|1|A","4LVW|1|A,4LVX|1|A,4LW0|1|A,4LVY|1|A,4LVV|1|A,4LVZ|1|A,6Q57|1|A,7KD1|1|A,3SD3|1|A"
"NR_4.0_87724.1","6YWX|1|bb","6YWX|1|bb"
"NR_4.0_93098.1","7LYT|1|B+7LYT|1|C+7LYT|1|D","7LYT|1|B+7LYT|1|C+7LYT|1|D"
"NR_4.0_06835.1","6YXX|1|AA","6YXX|1|AA"
"NR_4.0_85749.1","6YYT|1|P+6YYT|1|Q+6YYT|1|T+6YYT|1|U","6YYT|1|P+6YYT|1|Q+6YYT|1|T+6YYT|1|U"
"NR_4.0_27244.1","6Z1P|1|Bb+6Z1P|1|Ba","6Z1P|1|Bb+6Z1P|1|Ba"
"NR_4.0_21705.3","3SKI|1|A","3SKI|1|A,3SKI|1|B,3SLM|1|B,3SKZ|1|A,3SLQ|1|A,3SKZ|1|B,3SLM|1|A,3SLQ|1|B"
"NR_4.0_38944.1","3J9W|1|AY","3J9W|1|AY"
"NR_4.0_47330.3","3SKL|1|B","3SKL|1|B,3SKT|1|A,3SKT|1|B,3SKL|1|A,3SKR|1|A,3SKW|1|A,3SKR|1|B,3SKW|1|B"
"NR_4.0_75875.1","3SN2|1|B","3SN2|1|B"
"NR_4.0_50148.2","6Z9P|1|R+6Z9P|1|K+6Z9P|1|L","6Z9P|1|R+6Z9P|1|K+6Z9P|1|L,7ADC|1|R+7ADC|1|K+7ADC|1|L"
"NR_4.0_49839.1","6ZDP|1|B","6ZDP|1|B"
"NR_4.0_20814.3","3SUX|1|X","3SUX|1|X,3SUH|1|X,3SUY|1|X"
"NR_4.0_44451.1","6ZJ3|1|LE+6ZJ3|1|LI+6ZJ3|1|LH+6ZJ3|1|LF+6ZJ3|1|LC+6ZJ3|1|LG+6ZJ3|1|LD+6ZJ3|1|LA+6ZJ3|1|LB","6ZJ3|1|LE+6ZJ3|1|LI+6ZJ3|1|LH+6ZJ3|1|LF+6ZJ3|1|LC+6ZJ3|1|LG+6ZJ3|1|LD+6ZJ3|1|LA+6ZJ3|1|LB"
"NR_4.0_00321.1","6ZJ3|1|LK","6ZJ3|1|LK"
"NR_4.0_18783.1","6ZJ3|1|LN+6ZJ3|1|LM","6ZJ3|1|LN+6ZJ3|1|LM"
"NR_4.0_86744.1","3SZX|1|A+3SZX|1|B","3SZX|1|A+3SZX|1|B"
"NR_4.0_06563.1","6ZJ3|1|S1","6ZJ3|1|S1"
"NR_4.0_40189.1","3T4B|1|A","3T4B|1|A"
"NR_4.0_28711.1","7QI5|1|Aw","7QI5|1|Aw,8ANY|1|Aw,9S7C|1|Aw,7QI6|1|Aw,9VXM|1|Aw,9S7E|1|Aw,9S7B|1|Aw,9S7D|1|Aw,6ZM6|1|w,6ZM5|1|w"
"NR_4.0_92104.1","3T5Q|1|C","3T5Q|1|C"
"NR_4.0_36843.7","8SCB|1|3","8SCB|1|3,8VFT|1|3,9RHU|1|J1,5LZV|1|3,5LZZ|1|3,5LZT|1|3,3JAI|1|3,5LZU|1|3,5LZY|1|2,3JAH|1|3,5LZS|1|3,5LZW|1|3,5LZY|1|3,3JAG|1|3,5LZX|1|3,8VVU|1|TA,6SGC|1|23,6SGC|1|33"
"NR_4.0_78848.1","3T5Q|1|F","3T5Q|1|F"
"NR_4.0_15508.3","3TRZ|1|U","3TRZ|1|U,3TRZ|1|X,3TRZ|1|W,3TRZ|1|V,3TRZ|1|Y,3TRZ|1|Z"
"NR_4.0_83618.5","8RRI|1|Ax","8RRI|1|Ax,8ANY|1|Ax,7QI5|1|Ax,9VXM|1|Ax,7QI5|1|Ay,9RU6|1|Ax,7QI4|1|Ax,8ANY|1|Ay,9RU6|1|Ay,6ZM6|1|x,6ZM5|1|x"
"NR_4.0_93599.3","5UDZ|1|W","5UDZ|1|W,5UDZ|1|V,3TS0|1|V,3TS0|1|U"
"NR_4.0_21945.1","3TS2|1|U","3TS2|1|U"
"NR_4.0_83775.1","3TZR|1|A+3TZR|1|B","3TZR|1|A+3TZR|1|B"
"NR_4.0_40394.3","7Z26|1|E","7Z26|1|E,7Z26|1|D,6ZOT|1|C"
"NR_4.0_35965.3","3JAJ|1|4","3JAJ|1|4,3JAN|1|4"
"NR_4.0_37313.1","3JB7|1|t+3JB7|1|m","3JB7|1|t+3JB7|1|m"
"NR_4.0_72651.1","6ZQG|1|D5","6ZQG|1|D5"
"NR_4.0_51489.1","6ZU5|1|L70","6ZU5|1|L70"
"NR_4.0_54320.1","6ZVI|1|f","6ZVI|1|f"
"NR_4.0_88533.1","6ZWW|1|B","6ZWW|1|B"
"NR_4.0_97995.1","6ZWW|1|F","6ZWW|1|F"
"NR_4.0_56633.10","7P3K|1|V","7P3K|1|V,7OIZ|1|V,8VWQ|1|5,8W2N|1|5,8URM|1|5,7OJ0|1|V,8VV4|1|5,8UTJ|1|5,8UX8|1|5,5NP6|1|B,3JBU|1|v,6I0Y|1|V,4UY8|1|V"
"NR_4.0_38894.1","6ZYM|1|6+6ZYM|1|Y+6ZYM|1|2","6ZYM|1|6+6ZYM|1|Y+6ZYM|1|2"
"NR_4.0_32878.1","7A01|1|E1","7A01|1|E1"
"NR_4.0_04840.1","3UZT|1|B","3UZT|1|B"
"NR_4.0_97196.1","3V71|1|B","3V71|1|B"
"NR_4.0_47433.3","3V7E|1|D","3V7E|1|D,3V7E|1|C"
"NR_4.0_45693.3","3VJR|1|B","3VJR|1|B,3VJR|1|D"
"NR_4.0_44636.1","3JBV|1|X","3JBV|1|X"
"NR_4.0_99451.3","3VNU|1|G+3VNU|1|T","3VNU|1|G+3VNU|1|T,4FWT|1|G+4FWT|1|T"
"NR_4.0_07321.3","9P8B|1|AT","9P8B|1|AT,9P7O|1|AT,9P76|1|AT,9PA7|1|AT,9P7H|1|AT,9B0S|1|AT,9P7I|1|AT,9P7N|1|AT,9P7L|1|AT,9P7K|1|AT,9PS7|1|Ah,9PRQ|1|Ah"
"NR_4.0_19928.1","3JCM|1|E+3JCM|1|D+3JCM|1|C","3JCM|1|E+3JCM|1|D+3JCM|1|C"
"NR_4.0_65712.1","3VNV|1|T+3VNV|1|G","3VNV|1|T+3VNV|1|G"
"NR_4.0_64483.1","7M2V|1|QQ","7M2V|1|QQ"
"NR_4.0_44691.1","3W3S|1|B","3W3S|1|B"
"NR_4.0_48474.1","7M3T|1|S","7M3T|1|S"
"NR_4.0_69638.3","3WQY|1|C","3WQY|1|C,3WQZ|1|C"
"NR_4.0_21987.1","7M3T|1|TT","7M3T|1|TT"
"NR_4.0_84179.1","3WZI|1|C","3WZI|1|C"
"NR_4.0_38607.1","7A9W|1|B","7A9W|1|B"
"NR_4.0_90350.1","7M3T|1|V","7M3T|1|V"
"NR_4.0_59092.1","7AAP|1|T+7AAP|1|P","7AAP|1|T+7AAP|1|P"
"NR_4.0_77529.1","7M3T|1|X","7M3T|1|X"
"NR_4.0_50885.1","7ABZ|1|8","7ABZ|1|8"
"NR_4.0_16975.1","7M3T|1|a","7M3T|1|a"
"NR_4.0_04998.1","7M3T|1|e","7M3T|1|e"
"NR_4.0_58318.1","406D|1|A+406D|1|E","406D|1|A+406D|1|E"
"NR_4.0_35349.1","7AM2|1|1","7AM2|1|1"
"NR_4.0_11821.1","7M3T|1|i","7M3T|1|i"
"NR_4.0_18908.1","7AM2|1|R2","7AM2|1|R2"
"NR_4.0_26393.1","7M3T|1|ll","7M3T|1|ll"
"NR_4.0_90819.1","413D|1|A","413D|1|A"
"NR_4.0_42139.1","7ANE|1|2","7ANE|1|2"
"NR_4.0_52561.1","7M3T|1|n","7M3T|1|n"
"NR_4.0_27290.3","419D|1|C+419D|1|D","419D|1|C+419D|1|D,419D|1|A+419D|1|B"
"NR_4.0_53658.1","7AOR|1|A","7AOR|1|A"
"NR_4.0_82834.2","7M4Y|1|w","7M4Y|1|w,7UVZ|1|w"
"NR_4.0_06457.1","422D|1|A+422D|1|B","422D|1|A+422D|1|B"
"NR_4.0_73185.1","7M50|1|S","7M50|1|S"
"NR_4.0_54592.3","464D|1|A+464D|1|B","464D|1|A+464D|1|B,464D|1|C+464D|1|D,466D|1|C+466D|1|D,466D|1|A+466D|1|B,4U34|1|A+4U34|1|B,4U35|1|A+4U35|1|B,4U37|1|A+4U37|1|B,4U38|1|A+4U38|1|B,4U38|1|C+4U38|1|D,4U38|1|E+4U38|1|F,4U38|1|G+4U38|1|H,434D|1|C+434D|1|D,434D|1|A+434D|1|B"
"NR_4.0_65450.1","7M50|1|WW","7M50|1|WW"
"NR_4.0_11069.1","7M50|1|bb","7M50|1|bb"
"NR_4.0_70301.1","7M50|1|h","7M50|1|h"
"NR_4.0_24045.1","7M50|1|ll","7M50|1|ll"
"NR_4.0_79129.1","7ASE|1|1","7ASE|1|1"
"NR_4.0_19540.1","7M50|1|qq","7M50|1|qq"
"NR_4.0_30383.3","7R81|1|u1","7R81|1|u1,7R81|1|t1"
"NR_4.0_03798.1","7R81|1|w1","7R81|1|w1"
"NR_4.0_18489.13","11AA|1|3","11AA|1|3,7OHQ|1|6,8V87|1|6,6C0F|1|6,6EM3|1|6,6M62|1|6,7OHV|1|6,8V83|1|6,6YLY|1|6,7OHW|1|6,7OHX|1|6,6ELZ|1|6,7OHP|1|6,8E5T|1|3,8V84|1|6,6EM1|1|6,6YLX|1|6,7BTB|1|6,3JCT|1|6,5Z3G|1|C"
"NR_4.0_54884.1","12SN|1|T+12SN|1|P","12SN|1|T+12SN|1|P"
"NR_4.0_67797.1","7R9G|1|B","7R9G|1|B"
"NR_4.0_65057.1","13FO|1|T","13FO|1|T"
"NR_4.0_07310.3","7REX|1|B","7REX|1|B,7REX|1|A,8FB3|1|B,8FB3|1|C,8FB3|1|A,7REX|1|C"
"NR_4.0_19728.3","7RGU|1|F","7RGU|1|F,7RGU|1|H,7RGU|1|D,7RGU|1|B"
"NR_4.0_87893.3","1IHA|1|A+1IHA|1|B","1IHA|1|A+1IHA|1|B,165D|1|A+165D|1|B,1IDW|1|A+1IDW|1|B"
"NR_4.0_47006.2","7RQB|1|2w","7RQB|1|2w,7RQB|1|1w,7RQB|1|2x,7RQB|1|1x,8T8B|1|2x,8T8B|1|1x,8T8B|1|1w,8T8B|1|2w,7RQE|1|2x,8T8C|1|1w,8T8C|1|2w,8T8C|1|1x,7RQC|1|1x,7RQC|1|2w,7RQC|1|1w,8T8C|1|2x,7RQA|1|2w,7RQA|1|1w,7RQE|1|1x,7RQA|1|1x,7RQA|1|2x,7RQC|1|2x,7RQD|1|1x,7RQD|1|2x"
"NR_4.0_64918.34","11AO|1|B","11AO|1|B,7SOS|1|B,9U49|1|C,6XL1|1|C,6SCE|1|B,8Q42|1|X,6YUD|1|K,6YUD|1|O,6SCF|1|I,6YUD|1|P,6SCF|1|K,6SCF|1|M,6SCF|1|L,6YUD|1|M,8T65|1|C,6YUD|1|Q,8Q44|1|X,8Q40|1|X,8Q41|1|X,9YLX|1|I,9YLX|1|J,8Q43|1|X,8QJK|1|C,9YLU|1|K,8BAO|1|C,6WXQ|1|E,6W11|1|C,6O6X|1|D,9JXX|1|X,9JXX|1|Y,7DID|1|C,4BA2|1|R,9YLU|1|L,9EYK|1|E,7BDV|1|F,8B0R|1|D,9C69|1|C,9MW9|1|g,9MW9|1|f,7BDV|1|H,9EYJ|1|D,9MW9|1|h,9MW9|1|j,9MW9|1|e,9MW9|1|a,9MW9|1|i,9MW9|1|b,9MW9|1|d,9MW9|1|k,9MW9|1|c,6O6X|1|C,9EYI|1|D,9EYI|1|E,9YLX|1|L,9MUD|1|o,8Q3Z|1|X,9MUD|1|f,6R9R|1|E,6O7B|1|C,9MUO|1|a,9YLX|1|K,9MUD|1|e,9MUD|1|b,9MUD|1|k,9EYK|1|D,9MUD|1|d,9MUO|1|b,9MUD|1|j,9MUD|1|g,8PHJ|1|Z,9MUD|1|l,9MUD|1|c,6O6V|1|C,6WXX|1|Y,6WXX|1|X,9MUD|1|i,9MUD|1|h,7YGL|1|C,9YLU|1|M,6R7B|1|D,9MUD|1|m,9MUD|1|a,9YLU|1|N,6OV0|1|H,6OV0|1|E,9MUD|1|n,9MUE|1|b,9MUE|1|a,8JH1|1|C,9C77|1|G,6R9R|1|D,9C77|1|H,6O7I|1|I,7YGH|1|C,6O6V|1|D,9GU5|1|M,9C77|1|I,6R7B|1|E,6OV0|1|G,6O7B|1|D,8Y7G|1|C,6OV0|1|F,6O7H|1|K,5E02|1|C,7Z55|1|CCC"
"NR_4.0_46186.1","8APN|1|C1","8APN|1|C1"
"NR_4.0_00699.3","8AS7|1|P+8AS7|1|G+8AS7|1|T","8AS7|1|P+8AS7|1|G+8AS7|1|T,8ASD|1|P,8R6U|1|P+8R6U|1|T+8R6U|1|G,8AS6|1|P,8R6Y|1|P+8R6Y|1|T+8R6Y|1|G,8ASB|1|P+8ASB|1|T,8R6W|1|P+8R6W|1|T+8R6W|1|G"
"NR_4.0_86020.2","7RQE|1|2w","7RQE|1|2w,7RQE|1|1w,7RQD|1|1w,7RQD|1|2w"
"NR_4.0_20557.3","8ASD|1|E","8ASD|1|E,8R6U|1|E"
"NR_4.0_63886.1","7RYF|1|w","7RYF|1|w"
"NR_4.0_42699.1","8ASD|1|G+8ASD|1|T","8ASD|1|G+8ASD|1|T"
"NR_4.0_44560.4","8SJ7|1|B","8SJ7|1|B,9NM3|1|B,7RZZ|1|B"
"NR_4.0_41924.1","8ASW|1|X","8ASW|1|X"
"NR_4.0_42556.3","8AUV|1|h","8AUV|1|h,8B2L|1|h1"
"NR_4.0_89332.3","1A9N|1|Q","1A9N|1|Q,1A9N|1|R"
"NR_4.0_53333.1","8AW3|1|1","8AW3|1|1"
"NR_4.0_51266.6","2C4Q|1|R","2C4Q|1|R,2C4Y|1|R,2C4Q|1|S,2BU1|1|R,2C4Y|1|S,2C4Z|1|R,2IZ8|1|R,2C51|1|R,2C4Z|1|S,2BU1|1|S,2C50|1|R,2C51|1|S,2IZ8|1|S,2C50|1|S,1ZDH|1|R,1ZDH|1|S,2BQ5|1|R,2BNY|1|R,2BQ5|1|S,2BNY|1|S,1AQ4|1|R,1AQ3|1|R,1AQ3|1|S,1AQ4|1|S,2IZM|1|R,2IZM|1|S,1ZDI|1|R,2B2E|1|R,2B2G|1|R,1ZDI|1|S,2B2E|1|S,1ZDK|1|R,1ZDK|1|S,2B2G|1|S"
"NR_4.0_77912.3","8B2L|1|A3+8B2L|1|B3","8B2L|1|A3+8B2L|1|B3,8AZW|1|A+8AZW|1|B"
"NR_4.0_43483.3","8B2L|1|C3","8B2L|1|C3,8AZW|1|C"
"NR_4.0_57322.1","7S3B|1|B","7S3B|1|B"
"NR_4.0_01086.1","8B0J|1|K","8B0J|1|K"
"NR_4.0_36040.1","7S7C|1|D+7S7C|1|L","7S7C|1|D+7S7C|1|L"
"NR_4.0_18888.1","8B9G|1|C","8B9G|1|C"
"NR_4.0_92531.1","7SLQ|1|R","7SLQ|1|R"
"NR_4.0_74297.1","8BDR|1|R+8BDR|1|M","8BDR|1|R+8BDR|1|M"
"NR_4.0_80277.3","8G90|1|B","8G90|1|B,8G91|1|B,7SOT|1|B"
"NR_4.0_01894.1","8BF5|1|R+8BF5|1|M","8BF5|1|R+8BF5|1|M"
"NR_4.0_42542.1","7SOV|1|B","7SOV|1|B"
"NR_4.0_72506.1","7SVA|1|B","7SVA|1|B"
"NR_4.0_70777.1","7SWQ|1|B+7SWQ|1|D","7SWQ|1|B+7SWQ|1|D"
"NR_4.0_40943.2","8BH8|1|C","8BH8|1|C,8BH8|1|B"
"NR_4.0_12406.7","9KN5|1|zz","9KN5|1|zz,9KN6|1|zz,9KKF|1|zz,9KZU|1|zz,7SYQ|1|z,9KRP|1|zz,7SYV|1|z,7SYW|1|z,7SYP|1|z,7SYS|1|z,7SYN|1|z,7SYR|1|z,9KZX|1|zz,7SYX|1|z"
"NR_4.0_01697.1","8BH9|1|B","8BH9|1|B"
"NR_4.0_80208.2","8BHN|1|3","8BHN|1|3,8BHJ|1|3"
"NR_4.0_29984.1","8BMW|1|R","8BMW|1|R"
"NR_4.0_57530.1","8BSI|1|y","8BSI|1|y"
"NR_4.0_24819.7","1IL2|1|C","1IL2|1|C,1IL2|1|D,3TRA|1|A,2TRA|1|A,1ASZ|1|S,1ASY|1|S,1ASZ|1|R,1ASY|1|R,1VTQ|1|A"
"NR_4.0_19519.2","8BTR|1|y","8BTR|1|y"
"NR_4.0_67862.1","8BTK|1|AT","8BTK|1|AT"
"NR_4.0_12878.1","7SYP|1|7","7SYP|1|7"
"NR_4.0_25877.1","8BVH|1|A","8BVH|1|A"
"NR_4.0_15509.3","8C4H|1|1","8C4H|1|1,8C4H|1|2"
"NR_4.0_73223.3","8C4U|1|H+8C4U|1|T","8C4U|1|H+8C4U|1|T,8C4T|1|C,8C4V|1|H+8C4V|1|V"
"NR_4.0_34221.1","1B23|1|R","1B23|1|R"
"NR_4.0_56607.2","7TNY|1|B+7TNY|1|C","7TNY|1|B+7TNY|1|C,7TNZ|1|B+7TNZ|1|C,7TO0|1|B+7TO0|1|C"
"NR_4.0_50500.1","8C4V|1|S","8C4V|1|S"
"NR_4.0_67275.1","8C8J|1|C+8C8J|1|B","8C8J|1|C+8C8J|1|B"
"NR_4.0_27151.1","8CBK|1|T","8CBK|1|T"
"NR_4.0_64200.1","7TOR|1|MRNA","7TOR|1|MRNA"
"NR_4.0_65741.3","7TR9|1|R+7TR9|1|S+7TR9|1|T","7TR9|1|R+7TR9|1|S+7TR9|1|T,7TR6|1|R,7TR8|1|R"
"NR_4.0_61064.1","8CBO|1|T","8CBO|1|T"
"NR_4.0_21998.3","8CEE|1|B","8CEE|1|B,8CEC|1|B"
"NR_4.0_61964.1","1B7F|1|P","1B7F|1|P"
"NR_4.0_12473.1","7TUV|1|B","7TUV|1|B"
"NR_4.0_65422.1","8CI5|1|C","8CI5|1|C"
"NR_4.0_11198.1","1BMV|1|M","1BMV|1|M"
"NR_4.0_86966.1","9PJ7|1|A","9PJ7|1|A,9PJ9|1|A,9PJ8|1|A,8CRX|1|A,8CWO|1|A,8CVO|1|A"
"NR_4.0_00194.1","9PJ7|1|a","9PJ7|1|a,9PJ9|1|a,9PJ8|1|a,8CVM|1|a,8CRX|1|a,9C4G|1|a"
"NR_4.0_99203.2","7U5D|1|1+7U5D|1|2+7U5D|1|3","7U5D|1|1+7U5D|1|2+7U5D|1|3"
"NR_4.0_54171.3","7UCK|1|2","7UCK|1|2,7UCJ|1|2"
"NR_4.0_35118.1","9PJ9|1|b","9PJ9|1|b,9PJ7|1|b,9PJ8|1|b,8CVM|1|b,8CRX|1|b,9C4G|1|b"
"NR_4.0_99149.3","7UIN|1|B+7UIN|1|A","7UIN|1|B+7UIN|1|A,8T2R|1|B,7UIM|1|B,8T2T|1|B"
"NR_4.0_56204.3","6UGG|1|B","6UGG|1|B,6UGG|1|A,1C0A|1|B,1EFW|1|C,1EFW|1|D"
"NR_4.0_67696.1","7UJ1|1|D","7UJ1|1|D"
"NR_4.0_30612.1","8CTI|1|C","8CTI|1|C"
"NR_4.0_41279.1","7UML|1|R","7UML|1|R"
"NR_4.0_73413.1","8CX1|1|K","8CX1|1|K"
"NR_4.0_09975.1","1CGM|1|I","1CGM|1|I"
"NR_4.0_70397.1","8CX2|1|K","8CX2|1|K"
"NR_4.0_85902.1","1CVJ|1|M","1CVJ|1|M"
"NR_4.0_64004.1","8D1V|1|J+8D1V|1|N","8D1V|1|J+8D1V|1|N"
"NR_4.0_56381.1","7UO1|1|C","7UO1|1|C"
"NR_4.0_47265.1","8D29|1|J","8D29|1|J"
"NR_4.0_76503.6","7UOB|1|T+7UOB|1|P","7UOB|1|T+7UOB|1|P,7UOE|1|T+7UOE|1|P,7UO9|1|T+7UO9|1|P,8SQ9|1|T+8SQ9|1|P"
"NR_4.0_31790.3","8D4A|1|B+8D4A|1|C","8D4A|1|B+8D4A|1|C,8D4B|1|B+8D4B|1|C"
"NR_4.0_48063.1","11EL|1|A","11EL|1|A,11DG|1|A"
"NR_4.0_05106.1","1CWP|1|D","1CWP|1|D"
"NR_4.0_79175.1","8D97|1|C","8D97|1|C"
"NR_4.0_07078.1","11FV|1|C","11FV|1|C"
"NR_4.0_63075.1","7UQ6|1|B","7UQ6|1|B"
"NR_4.0_33594.1","11GI|1|C+11GI|1|B","11GI|1|C+11GI|1|B,9DHX|1|C+9DHX|1|B,9NHB|1|C+9NHB|1|B"
"NR_4.0_11917.1","11GK|1|C+11GK|1|B","11GK|1|C+11GK|1|B"
"NR_4.0_87092.2","1D4R|1|A+1D4R|1|B","1D4R|1|A+1D4R|1|B,1D4R|1|C"
"NR_4.0_03657.1","1DDL|1|D","1DDL|1|D"
"NR_4.0_30505.1","7UTN|1|C+7UTN|1|A+7UTN|1|B","7UTN|1|C+7UTN|1|A+7UTN|1|B,9LIR|1|A+9LIR|1|B,7XHT|1|B+7XHT|1|C+7XHT|1|D,8CSZ|1|C+8CSZ|1|B+8CSZ|1|E,9LJ4|1|B+9LJ4|1|D+9LJ4|1|C,9LIQ|1|B,9LIS|1|B+9LIS|1|D+9LIS|1|C,8CTL|1|C+8CTL|1|A+8CTL|1|B"
"NR_4.0_20765.1","7UU3|1|C+7UU3|1|D","7UU3|1|C+7UU3|1|D"
"NR_4.0_09965.1","7UU5|1|M+7UU5|1|N","7UU5|1|M+7UU5|1|N"
"NR_4.0_19572.1","7UWS|1|H","7UWS|1|H"
"NR_4.0_91710.1","7UZ0|1|A","7UZ0|1|A"
"NR_4.0_29442.1","7UZX|1|L+7UZX|1|G","7UZX|1|L+7UZX|1|G"
"NR_4.0_19462.1","7V00|1|G","7V00|1|G"
"NR_4.0_00883.3","7V4G|1|D","7V4G|1|D,7V4G|1|E,7V4G|1|F,7WL0|1|F,7WKV|1|B,7WKV|1|D,7WKV|1|F,7WL0|1|B,7WL0|1|D,7WL0|1|H,7WL0|1|J"
"NR_4.0_08828.2","8ZAU|1|A","8ZAU|1|A,7V9E|1|A"
"NR_4.0_67068.2","7XJG|1|H+7XJG|1|G+7XJG|1|I","7XJG|1|H+7XJG|1|G+7XJG|1|I,7XJG|1|E+7XJG|1|D+7XJG|1|F,7V9X|1|E+7V9X|1|D+7V9X|1|F,7V9X|1|H+7V9X|1|G+7V9X|1|I,7V9U|1|E+7V9U|1|D,7V9U|1|G+7V9U|1|C+7V9U|1|H"
"NR_4.0_73482.1","7VBC|1|R","7VBC|1|R"
"NR_4.0_67225.1","10FC|1|D","10FC|1|D,10FC|1|C,10FB|1|C"
"NR_4.0_14136.1","1DFU|1|M+1DFU|1|N","1DFU|1|M+1DFU|1|N"
"NR_4.0_18211.1","8OO0|1|2","8OO0|1|2,7Z3O|1|2,7Z3N|1|2,7OLC|1|2,7OLD|1|2,9XAE|1|A,9XAD|1|A,9XAJ|1|A,9XAC|1|A,9XAK|1|A,9XAA|1|A,9XAB|1|A,9XA9|1|A"
"NR_4.0_83025.1","7VG2|1|D+7VG2|1|C","7VG2|1|D+7VG2|1|C"
"NR_4.0_32759.1","7VKI|1|B","7VKI|1|B"
"NR_4.0_00196.3","7VNV|1|A","7VNV|1|A,7VNV|1|B,7VNW|1|A,7VNW|1|B"
"NR_4.0_23049.3","1KUQ|1|B","1KUQ|1|B,1F7Y|1|B,1DK1|1|B"
"NR_4.0_96910.1","7VSJ|1|B","7VSJ|1|B"
"NR_4.0_57060.1","1DQH|1|B+1DQH|1|A","1DQH|1|B+1DQH|1|A"
"NR_4.0_39532.1","7VTN|1|B+7VTN|1|C","7VTN|1|B+7VTN|1|C"
"NR_4.0_43236.2","7VYX|1|C+7VYX|1|E+7VYX|1|G","7VYX|1|C+7VYX|1|E+7VYX|1|G,7VYX|1|D+7VYX|1|F+7VYX|1|H"
"NR_4.0_72703.3","7W0A|1|D+7W0A|1|C","7W0A|1|D+7W0A|1|C,7W0A|1|H+7W0A|1|G"
"NR_4.0_08609.1","7W0C|1|C+7W0C|1|D","7W0C|1|C+7W0C|1|D"
"NR_4.0_08909.2","7WAY|1|D+7WAY|1|B+7WAY|1|C","7WAY|1|D+7WAY|1|B+7WAY|1|C,7WB0|1|D+7WB0|1|B+7WB0|1|C"
"NR_4.0_00676.1","7OLD|1|5","7OLD|1|5"
"NR_4.0_48074.1","7WAZ|1|D+7WAZ|1|B+7WAZ|1|C","7WAZ|1|D+7WAZ|1|B+7WAZ|1|C"
"NR_4.0_52535.3","7WIE|1|V","7WIE|1|V,7WIB|1|V,7WIF|1|V,7WIA|1|V,7WII|1|V,7WI9|1|V"
"NR_4.0_99432.1","1DUH|1|A","1DUH|1|A"
"NR_4.0_01186.4","7P6Z|1|5","7P6Z|1|5,7OOC|1|5,8P7X|1|5,8P6P|1|5,8P7Y|1|5"
"NR_4.0_31708.1","7WJU|1|C+7WJU|1|D+7WJU|1|E","7WJU|1|C+7WJU|1|D+7WJU|1|E"
"NR_4.0_20904.1","7WM4|1|A+7WM4|1|B","7WM4|1|A+7WM4|1|B"
"NR_4.0_05647.1","7WNU|1|D","7WNU|1|D"
"NR_4.0_76251.4","7P6Z|1|4","7P6Z|1|4,8P8B|1|4,8P7X|1|4,7OOD|1|4,8P7Y|1|4"
"NR_4.0_97519.80","9NO7|1|A","9NO7|1|A,9DFE|1|1A,9D0J|1|1A,9DFE|1|2A,8VTW|1|1A,9DFC|1|1A,8VTW|1|2A,9MTP|1|1A,9D0I|1|1A,9MTQ|1|1A,9DFD|1|1A,9MTS|1|1A,7RQB|1|1A,9D0H|1|1A,7RQB|1|2A,9MTT|1|1A,9O3K|1|1A,8FC6|1|1A,9D0G|1|1A,8FC5|1|1A,8FC6|1|2A,9DFC|1|2A,8FC5|1|2A,9D0J|1|2A,8FC2|1|1A,8FC3|1|1A,8FC2|1|2A,9MTQ|1|2A,8VTY|1|1A,9D7R|1|1A,9MTP|1|2A,8UD7|1|1A,9MTS|1|2A,9DFD|1|2A,8FC1|1|1A,8FC3|1|2A,4Y4O|1|1A,8G2A|1|1A,8G2C|1|1A,4Y4O|1|2A,9MTT|1|2A,8VTY|1|2A,9D7T|1|1A,8VTU|1|1A,9D7S|1|1A,8UD7|1|2A,8FC1|1|2A,9MTR|1|1A,9O3K|1|2A,5FDV|1|1A,8G2A|1|2A,5FDU|1|1A,8G2C|1|2A,9O3H|1|1A,8UD6|1|1A,8VTU|1|2A,9D0I|1|2A,8G29|1|1A,9O3J|1|1A,5HCQ|1|1A,8VTX|1|1A,5HCQ|1|2A,7U2J|1|1A,8UD8|1|1A,8T8B|1|1A,4V8I|1|BA,8VTV|1|1A,5FDV|1|2A,7RQE|1|1A,8G2B|1|1A,6CAE|1|1A,8UD6|1|2A,5FDU|1|2A,8EKB|1|1A,7U2H|1|1A,9D7R|1|2A,8G29|1|2A,4V9H|1|BA,8UVS|1|1A,8T8B|1|2A,7RQE|1|2A,7U2J|1|2A,8VTX|1|2A,6CFL|1|1A,6XHX|1|1A,5DFE|1|YA,5IBB|1|1H,5IB7|1|1H,4WPO|1|AA,9O3L|1|1A,4V8I|1|DA,6XHX|1|2A,6CAE|1|2A,8UD8|1|2A,8UVR|1|1A,7U2H|1|2A,9D0H|1|2A,4WZD|1|14,8VTV|1|2A,7RQ8|1|1A,9MTR|1|2A,8EKB|1|2A,9D7T|1|2A,4WQ1|1|1H,8G2B|1|2A,9D7S|1|2A,8FC4|1|1A,6CFL|1|2A,5IBB|1|14,8T8C|1|1A,5DFE|1|RA,9D0G|1|2A,5E81|1|1H,8EV7|1|1A,7RQ8|1|2A,4WQ1|1|14,4WQR|1|1H,8UVR|1|2A,4WSM|1|1H,4WZD|1|1H,4V95|1|BA,8T8C|1|2A,5IB7|1|14,6XHY|1|1A,9O3J|1|2A,8FC4|1|2A,9O3H|1|2A,6CFK|1|1A,4Z8C|1|2A,8UVS|1|2A,5E81|1|14,7RQC|1|1A,4WSM|1|14,5W4K|1|1A,4WPO|1|CA,9O3I|1|1A,6XHY|1|2A,4WQR|1|14,5IB8|1|1H,7RQC|1|2A,6CFK|1|2A,8EV7|1|2A,4Z8C|1|1A,5HCR|1|2A,4WSD|1|1H,6OF1|1|1A,7AZO|1|23SA,5IB8|1|14,5HCR|1|1A,9O3L|1|2A,5J4B|1|1A,5NDK|1|1H,5J4B|1|2A,6CFJ|1|1A,7U2I|1|1A,4WSD|1|14,7AZO|1|23SB,5EL7|1|1H,10PX|1|1A,4WQU|1|AA,7MD7|1|1A,8CVK|1|1A,6XHW|1|1A,1VY4|1|DA,6QNR|1|1H,5W4K|1|2A,7RQD|1|1A,4V9R|1|BA,1VY4|1|BA,5J8B|1|A,5WIS|1|1A,7U2I|1|2A,5NDK|1|14,5EL7|1|14,4WQF|1|AA,4V95|1|DA,6OF1|1|2A,4LNT|1|YA,5J4C|1|1A,8EV6|1|1A,4V8G|1|BA,5EL6|1|14,7MD7|1|2A,4W2I|1|BA,7RQD|1|2A,4V8D|1|BA,6XHV|1|1A,5EL4|1|1H,6XHW|1|2A,5HCP|1|1A,4V9S|1|BA,4V8G|1|DA,5J4C|1|2A,4W2G|1|BA,8G2D|1|1A,5HD1|1|1A,4W2H|1|DA,5HD1|1|2A,6QNQ|1|1H,4W2H|1|BA,4V6G|1|DA,4V9R|1|DA,4W4G|1|YA,8CVK|1|2A,4Z3S|1|1A,5HCP|1|2A,4W2G|1|DA,5EL6|1|1H,6CFJ|1|2A,4WT1|1|1H,6FKR|1|1A,9B00|1|1A,8CVJ|1|1A,4WT1|1|14,4W2I|1|DA,6ND5|1|1A,4W4G|1|RA,4WT8|1|C1,8EV6|1|2A,4V9S|1|DA,4V7M|1|BA,4V5F|1|DA,8G2D|1|2A,6XHV|1|2A,4V5J|1|DA,6QNR|1|14,7RQA|1|1A,9O3I|1|2A,6XQD|1|1A,5WIS|1|2A,6QNQ|1|14,5EL4|1|14,5HAU|1|1A,4Z3S|1|2A,4WT8|1|D1,4V8H|1|DA,6C5L|1|DA,4LNT|1|RA,4V5F|1|BA,4V8H|1|BA,4WR6|1|1H,6C5L|1|BA,5HAU|1|2A,7RQA|1|2A,6ND5|1|2A,4V8D|1|DA,4WRA|1|1H,4WU1|1|1H,4WQF|1|CA,4WR6|1|14,4WU1|1|14,4V6G|1|BA,4WRA|1|14,4W2F|1|DA,4W2F|1|BA,6FKR|1|2A,6XQD|1|2A,4V8B|1|BA,8CVL|1|1A,9B00|1|2A,8CVJ|1|2A,5E7K|1|1H,6O97|1|1A,4WQU|1|CA,4ZER|1|1A,4Y4P|1|1A,4WQY|1|AA,5NDJ|1|1H,4V7J|1|AA,1VY5|1|BA,1VY7|1|BA,5V8I|1|1A,5WIT|1|1A,5VP2|1|1A,7RQ9|1|1A,4V5J|1|BA,4Y4P|1|2A,10PX|1|2A,5E7K|1|14,1VY5|1|DA,8CVL|1|2A,4ZER|1|2A,4V7J|1|BA,7JQM|1|1A,5DOY|1|1A,4V9B|1|DA,5EL5|1|1H,6O97|1|2A,5EL5|1|14,5DOY|1|2A,4V9B|1|BA,7RQ9|1|2A,1VY7|1|DA,4L47|1|YA,4YZV|1|RA,6GZQ|1|A1,5NDJ|1|14,4YZV|1|YA,4V8B|1|DA,4V5R|1|DA,4V5R|1|BA,4YPB|1|YA,7JQM|1|2A,5WIT|1|2A,5VP2|1|2A,7AZS|1|23SA,4YPB|1|RA,4WZO|1|1H,7JQL|1|1A,5V8I|1|2A,1VY6|1|BA,7AZS|1|23SB,4V87|1|AA,4WQY|1|CA,1VY6|1|DA,4TUD|1|YA,4ZSN|1|YA,4L47|1|RA,4ZSN|1|RA,6ND6|1|1A,7JQL|1|2A,4TUA|1|YA,4V5E|1|BA,4V5E|1|DA,4V8A|1|BA,5VPO|1|YA,4TUD|1|RA,4P6F|1|YA,4WZO|1|14,4V7K|1|AA,4TUE|1|YA,4V8Q|1|AA,4WRO|1|1H,4TUC|1|YA,6GSK|1|1H,4V5P|1|BA,4V5D|1|BA,4V5K|1|BA,6UO1|1|1A,4V7K|1|BA,4V5C|1|BA,4TUA|1|RA,4V87|1|DA,4WRO|1|14,6ND6|1|2A,4TUE|1|RA,4V8C|1|AA,4V83|1|DA,4V5P|1|DA,5F8K|1|1A,4V5Q|1|BA,4V5S|1|BA,4LT8|1|YA,4TUC|1|RA,4V5S|1|DA,4LSK|1|YA,6UO1|1|2A,4V83|1|BA,4V8A|1|AA,6XQE|1|1A,4V5C|1|DA,4V5D|1|DA,4V8C|1|BA,6GSK|1|14,4P6F|1|RA,4V8E|1|AA,4V5K|1|DA,4V5Q|1|DA,5VPO|1|RA,4TUB|1|YA,4V51|1|BA,5F8K|1|2A,4V97|1|DA,4V5L|1|BA,4LT8|1|RA,4V6F|1|DA,4V51|1|DA,4V90|1|BA,6XQE|1|2A,4V7M|1|DA,4W2E|1|A,4V9I|1|BA,4V8F|1|AA,4TUB|1|RA,4V8E|1|CA,7LH5|1|DA,4V9A|1|BA,4V9A|1|DA,4LSK|1|RA,4V9Q|1|CA,4V7Y|1|BA,1VVJ|1|YA,4V9I|1|DA,5DOX|1|2A,7LH5|1|BA,5CZP|1|RA,4V6F|1|AA,4V8F|1|DA,4V7Y|1|DA,5CZP|1|YA,4V9Q|1|AA,5DOX|1|1A,4V97|1|BA,1VVJ|1|RA,6B4V|1|B,4V9K|1|BA,4XEJ|1|B23S,4V9K|1|DA,6N9E|1|2A,4V7X|1|BA,6N9F|1|1A,6Q95|1|1,6N9E|1|1A,5OT7|1|4,6N9F|1|2A,6N1D|1|A23S,4P70|1|YA,6CZR|1|1A,4L71|1|YA,4XEJ|1|A23S,6N1D|1|B23S,6B4V|1|FB,4V7L|1|BA,4V84|1|DA,4P70|1|RA,4V7X|1|DA,4LFZ|1|YA,4V84|1|BA,8WV1|1|A,8WV1|1|a,4L71|1|RA,4V7W|1|BA,5UQ8|1|A,4LFZ|1|RA,4V67|1|BA,4V7W|1|DA,6UCQ|1|1A,4V7P|1|BA,4V7P|1|CA,6CZR|1|2A,4V67|1|DA,4V7L|1|DA,6UCQ|1|2A,5ZLU|1|V,5D8B|1|ZC,4V63|1|DA,5D8B|1|VC,4LEL|1|YA,4V63|1|BA,4V9L|1|BA,4V9M|1|BA,4V9L|1|DA,4LEL|1|RA,4V9M|1|DA,4V8J|1|DA,4V8J|1|BA,4V7Z|1|BA,4V4J|1|w,4V5G|1|DA,4V5G|1|BA,4V7Z|1|DA,4V4I|1|w,5UQ7|1|A,4V5A|1|DA,4V5A|1|BA,4V8O|1|BA,5IMQ|1|D,6GSJ|1|1H,6GSJ|1|14,5J4D|1|B,5J4D|1|GB,4V8N|1|BA,4V8X|1|DA,4V8X|1|BA,4V6A|1|BA,4V8N|1|DA,4V9N|1|DA,4V9N|1|BA,4V6A|1|DA,4V8U|1|BA,4V8U|1|DA,4V9J|1|DA,4V9J|1|BA,6GSL|1|1H,6GSL|1|14,6BOK|1|B,6BOK|1|EB,6BOH|1|GB,6BOH|1|B,5VPP|1|YA,5VPP|1|RA,5J3C|1|YA,6OTR|1|RA,6ORD|1|YA,5J3C|1|RA,6OTR|1|YA,6ORD|1|RA,6OPE|1|RA,6OPE|1|YA,6NTA|1|RA,6NTA|1|YA,6BZ6|1|RA,6BZ6|1|YA,6OJ2|1|RA,6OJ2|1|YA,6OF6|1|YA,5J30|1|RA,6OF6|1|RA,6NUO|1|YA,5J30|1|YA,6OXA|1|RA,6NUO|1|RA,6OXA|1|YA,6NSH|1|YA,6NSH|1|RA,6OXI|1|RA,6OXI|1|YA,6BUW|1|YA,8FOM|1|RA,8FOM|1|YA,6BUW|1|RA,6NWY|1|YA,8FON|1|RA,6NWY|1|RA,8FON|1|YA,6NDK|1|RA,6NDK|1|YA,6BZ8|1|RA,6BZ8|1|YA,6BZ7|1|RA,6BZ7|1|YA,6O3M|1|YA,6O3M|1|RA"
"NR_4.0_93611.1","7WWV|1|M+7WWV|1|N+7WWV|1|O","7WWV|1|M+7WWV|1|N+7WWV|1|O"
"NR_4.0_21756.4","8D9G|1|C+8D9G|1|D","8D9G|1|C+8D9G|1|D,7Y8T|1|D,7X8A|1|C,8D9F|1|C,7Y8Y|1|D+7Y8Y|1|E,8D9H|1|C+8D9H|1|D,8GU6|1|C+8GU6|1|J,7X7A|1|C,8D8N|1|C+8D8N|1|D,8D9E|1|C+8D9E|1|D,8D9I|1|C+8D9I|1|D"
"NR_4.0_51524.1","7ORI|1|P+7ORI|1|T","7ORI|1|P+7ORI|1|T"
"NR_4.0_98623.1","7ORK|1|P","7ORK|1|P"
"NR_4.0_71414.2","7ORO|1|T+7ORO|1|P","7ORO|1|T+7ORO|1|P,7ORM|1|T+7ORM|1|P"
"NR_4.0_05115.1","7XC7|1|J+7XC7|1|C","7XC7|1|J+7XC7|1|C"
"NR_4.0_12661.3","7OS0|1|F","7OS0|1|F,7OS0|1|D"
"NR_4.0_10255.51","7O7Z|1|B7","7O7Z|1|B7,8SCB|1|7,9RHU|1|B3,8RJB|1|u,11IQ|1|5,8RJD|1|u,8RJC|1|u,8BPO|1|B1,9YQ1|1|7,9YPZ|1|7,9YPW|1|7,9YQ0|1|7,9YPG|1|7,8VVQ|1|XA,9QQA|1|B7,9YPO|1|7,9MR4|1|7,9YPS|1|7,9YPY|1|7,9BDL|1|A5S,8B6C|1|7,9YPV|1|7,9YPT|1|7,8B5L|1|7,8P2K|1|B7,11HV|1|5,7UCK|1|7,7NWI|1|7,11HE|1|5,8VVP|1|XA,7OBR|1|7,9NDP|1|7,8BHF|1|B2,9F1B|1|B7,7TOR|1|A5S,6P5I|1|7,6R5Q|1|7,7UCJ|1|7,6P5K|1|7,7O81|1|B7,9Q7Q|1|7,9BDN|1|A5S,11HG|1|6,7ZJX|1|L7,6P5N|1|7,11JJ|1|6,6R6P|1|7,7TM3|1|u,6MTD|1|7,7TOQ|1|A5S,8VVT|1|XA,7MDZ|1|7,9F1D|1|B7,5LZS|1|7,6MTE|1|7,5LZV|1|7,6MTC|1|7,5LZZ|1|7,9QQB|1|B7,7NFX|1|7,11KH|1|5,6P5J|1|7,8VVR|1|XA,8VVS|1|XA,6MTB|1|7,8VFT|1|7,5LZW|1|7,6ZVK|1|d2,6FRK|1|7,8VVV|1|7,7A01|1|d2,5LZT|1|7,3JAH|1|7,7NWG|1|71,7QWR|1|7,6GZ5|1|A4,9F1C|1|B7,5LZU|1|7,7TUT|1|u,6D90|1|7,9BDP|1|A5S,7QWQ|1|7,6HCF|1|72,3JAG|1|7,6GZ4|1|A4,6GZ3|1|A4,6R6G|1|7,5LZY|1|7,6D9J|1|7,3JAI|1|7,6HCJ|1|71,6R7Q|1|7,5LZX|1|7,3J92|1|7,8VVU|1|XA,7QWS|1|7,6T59|1|74,3JAJ|1|7,3JAN|1|7,7O7Y|1|B7,7ZJW|1|L7,7O80|1|B7,6SGC|1|74,8BTK|1|B7,7OYD|1|K,9Q1S|1|7,9Q2P|1|7,9Q2M|1|7,9Q1Q|1|7"
"NR_4.0_22199.1","7OSA|1|mRNA","7OSA|1|mRNA"
"NR_4.0_50084.2","7QR0|1|A+7QR0|1|C+7QR0|1|D","7QR0|1|A+7QR0|1|C+7QR0|1|D,7QR1|1|A+7QR1|1|C+7QR1|1|D,7OX8|1|A+7OX8|1|C+7OX8|1|D"
"NR_4.0_38171.1","7XFZ|1|E+7XFZ|1|F+7XFZ|1|G","7XFZ|1|E+7XFZ|1|F+7XFZ|1|G"
"NR_4.0_99289.1","7OYC|1|51+7OYC|1|81","7OYC|1|51+7OYC|1|81"
"NR_4.0_97567.3","7XK0|1|B","7XK0|1|B,7XJZ|1|B"
"NR_4.0_45428.3","7OZQ|1|H","7OZQ|1|H,7OZQ|1|F,7OZQ|1|E,7OZQ|1|G"
"NR_4.0_47353.3","7XPG|1|D","7XPG|1|D,7XPG|1|E,7XPG|1|F"
"NR_4.0_95956.5","8PV7|1|C4","8PV7|1|C4,8PVL|1|C4,8PV1|1|C4,8PV8|1|C4,8PV2|1|C4,8PVK|1|C4,8PV4|1|C4,8PV6|1|C4,8PV3|1|C4,7OZS|1|3,8PV5|1|C4,8I9R|1|C4"
"NR_4.0_24351.1","7XS4|1|B","7XS4|1|B"
"NR_4.0_05611.1","7XT4|1|r+7XT4|1|a","7XT4|1|r+7XT4|1|a"
"NR_4.0_28592.1","7XUI|1|R+7XUI|1|B","7XUI|1|R+7XUI|1|B"
"NR_4.0_35591.1","7XWZ|1|F","7XWZ|1|F"
"NR_4.0_13077.3","7OZU|1|T+7OZU|1|P","7OZU|1|T+7OZU|1|P,7OZV|1|T+7OZV|1|P"
"NR_4.0_73563.3","8ID2|1|C","8ID2|1|C,8ID2|1|D,7P0V|1|B"
"NR_4.0_99059.3","7P6Z|1|7","7P6Z|1|7"
"NR_4.0_74214.1","7P7T|1|C","7P7T|1|C"
"NR_4.0_49702.1","7PDV|1|F","7PDV|1|F"
"NR_4.0_13465.1","7PKT|1|1","7PKT|1|1"
"NR_4.0_86590.3","7PLI|1|C","7PLI|1|C,7PLI|1|D,7PLI|1|L,7PLI|1|K,7PLI|1|H"
"NR_4.0_74379.3","7PMM|1|D","7PMM|1|D,7PMM|1|C"
"NR_4.0_30013.3","7PMQ|1|F","7PMQ|1|F,7PMQ|1|H,7PMQ|1|E,7PMQ|1|G"
"NR_4.0_92888.4","8EEY|1|C+8EEY|1|D","8EEY|1|C+8EEY|1|D,7Y9Y|1|R+7Y9Y|1|D,7Y9X|1|R,8EEX|1|C"
"NR_4.0_39170.3","7PNV|1|A","7PNV|1|A,7PNW|1|A,7PNU|1|A,7PNT|1|A"
"NR_4.0_28350.1","7YED|1|N+7YED|1|T+7YED|1|M","7YED|1|N+7YED|1|T+7YED|1|M"
"NR_4.0_41686.1","7PU7|1|T+7PU7|1|P","7PU7|1|T+7PU7|1|P"
"NR_4.0_23013.1","7PUA|1|CB","7PUA|1|CB"
"NR_4.0_12466.1","7YEY|1|B","7YEY|1|B"
"NR_4.0_06524.1","7YFE|1|N","7YFE|1|N"
"NR_4.0_72866.1","7YFQ|1|B+7YFQ|1|C","7YFQ|1|B+7YFQ|1|C"
"NR_4.0_57980.1","7YFY|1|B+7YFY|1|C","7YFY|1|B+7YFY|1|C"
"NR_4.0_62230.1","7YG7|1|U","7YG7|1|U"
"NR_4.0_00138.4","8FRU|1|1+8FRU|1|4","8FRU|1|1+8FRU|1|4,7PWO|1|1+7PWO|1|42,7PWG|1|1+7PWG|1|4,8BTR|1|Lt+8BTR|1|LD,8BSI|1|Lt+8BSI|1|LD,8BR8|1|Lt+8BR8|1|LD,8BRM|1|Lt+8BRM|1|LD"
"NR_4.0_14928.1","7YGB|1|A","7YGB|1|A"
"NR_4.0_66236.1","7YGN|1|B","7YGN|1|B"
"NR_4.0_41143.3","7YNC|1|B+7YNC|1|C","7YNC|1|B+7YNC|1|C,7YNB|1|B+7YNB|1|C,7YNA|1|B+7YNA|1|C,7YND|1|B,7YN9|1|B"
"NR_4.0_29569.1","7YPB|1|H+7YPB|1|I","7YPB|1|H+7YPB|1|I"
"NR_4.0_08676.1","7PWG|1|w","7PWG|1|w"
"NR_4.0_28322.6","7ZPK|1|B","7ZPK|1|B,7ZPJ|1|B"
"NR_4.0_58155.3","9G6J|1|1+9G6J|1|4","9G6J|1|1+9G6J|1|4,9G30|1|1+9G30|1|4,8Q5I|1|1+8Q5I|1|4,9G1Z|1|1+9G1Z|1|4,8OI5|1|1+8OI5|1|4,8CRE|1|1+8CRE|1|4,8CRE|1|AS+8CRE|1|AU,8CQ7|1|1+8CQ7|1|4,8OI5|1|AS+8OI5|1|AU,8OEQ|1|1+8OEQ|1|4,8OEQ|1|AS+8OEQ|1|AU,8CQ7|1|AS+8CQ7|1|AU,8C3A|1|1+8C3A|1|4,8OJ3|1|1+8OJ3|1|4,8CQW|1|1+8CQW|1|4,8C3A|1|AS+8C3A|1|AU,8CQW|1|AS+8CQW|1|AU,8OGJ|1|1+8OGJ|1|4,8OJ3|1|AS+8OJ3|1|AU,8OH6|1|1+8OH6|1|4,8OH6|1|AS+8OH6|1|AU,7Q08|1|1+7Q08|1|4,7Q0F|1|1+7Q0F|1|4,7PZY|1|1+7PZY|1|4,7Q0R|1|1+7Q0R|1|4,7Q0P|1|1+7Q0P|1|4"
"NR_4.0_49541.1","7Z2Z|1|R","7Z2Z|1|R"
"NR_4.0_56731.3","7Z4O|1|VVV","7Z4O|1|VVV,7Z4O|1|UUU"
"NR_4.0_91843.3","7ZGP|1|E","7ZGP|1|E,7ZGR|1|E"
"NR_4.0_68255.1","7ZHH|1|C","7ZHH|1|C"
"NR_4.0_13595.3","7ZJX|1|S","7ZJX|1|S,7ZJW|1|S"
"NR_4.0_06944.3","7ZLQ|1|D+7ZLQ|1|E","7ZLQ|1|D+7ZLQ|1|E,7ZLQ|1|C"
"NR_4.0_48342.3","7ZNK|1|2","7ZNK|1|2,7ZNK|1|4"
"NR_4.0_04252.1","7ZO1|1|A+7ZO1|1|C+7ZO1|1|D","7ZO1|1|A+7ZO1|1|C+7ZO1|1|D"
"NR_4.0_11024.1","7ZTA|1|ATR1","7ZTA|1|ATR1"
"NR_4.0_51130.1","7ZW0|1|sn","7ZW0|1|sn"
"NR_4.0_72694.5","8OGJ|1|10","8OGJ|1|10,7PZY|1|10,7Q0R|1|10,7Q0P|1|10"
"NR_4.0_43040.4","8A22|1|A5+8A22|1|A4","8A22|1|A5+8A22|1|A4,8APN|1|A5+8APN|1|A4,8APO|1|A5+8APO|1|A4"
"NR_4.0_83277.11","9G6J|1|3","9G6J|1|3,9G30|1|3,8Q5I|1|3,9G1Z|1|3,8OI5|1|3,8CRE|1|AT,8CRE|1|3,8OI5|1|AT,8CQ7|1|3,8CQ7|1|AT,8OGJ|1|3,8OEQ|1|AT,8OEQ|1|3,8C3A|1|3,8C3A|1|AT,8OJ3|1|3,8CQW|1|AT,8OJ3|1|AT,8CQW|1|3,8OH6|1|3,8OH6|1|AT,7PZY|1|3,7Q08|1|3,7Q0F|1|3,7Q0R|1|3,7Q0P|1|3"
"NR_4.0_12051.4","8A22|1|A9","8A22|1|A9,8APN|1|A9,8APO|1|A9"
"NR_4.0_82174.1","8A3L|1|X","8A3L|1|X"
"NR_4.0_31798.6","9FXO|1|L3","9FXO|1|L3,9HL9|1|L3,8QIE|1|3,8A98|1|3,8OVJ|1|3,8RXX|1|L3,8A3W|1|3,8RXH|1|L3,8QHU|1|3"
"NR_4.0_22526.9","9G6J|1|A","9G6J|1|A,9G30|1|A,8Q5I|1|A,8CRE|1|CM,8OI5|1|B,8OI5|1|CM,8CRE|1|B,8CQ7|1|CM,8CQ7|1|B,8OEQ|1|B,8C3A|1|CM,8OEQ|1|CM,8OJ3|1|B,8OJ3|1|CM,8C3A|1|B,8CQW|1|CM,8CQW|1|B,8OH6|1|B,8OH6|1|CM,9G1Z|1|A,8OGJ|1|A,7Q08|1|A,7Q0F|1|A,7PZY|1|A,7Q0R|1|A,7Q0P|1|A"
"NR_4.0_96456.6","9FXO|1|L5","9FXO|1|L5,8QIE|1|5,8A98|1|5,9HL9|1|L5,8OVJ|1|5,8RXX|1|L5,8A3W|1|5,8QHU|1|5,8RXH|1|L5"
"NR_4.0_50971.6","9FXO|1|L8","9FXO|1|L8,8QIE|1|8,9HL9|1|L8,8A98|1|8,8OVJ|1|8,8QHU|1|8,8RXH|1|L8,8RXX|1|L8,8A3W|1|8"
"NR_4.0_95072.2","7Q4O|1|2+7Q4O|1|h","7Q4O|1|2+7Q4O|1|h,7Q4P|1|2"
"NR_4.0_63923.5","7Q80|1|B+7Q80|1|C+7Q80|1|A","7Q80|1|B+7Q80|1|C+7Q80|1|A,9KBR|1|B+9KBR|1|C+9KBR|1|A,7Q81|1|B+7Q81|1|C+7Q81|1|A,9S1D|1|B+9S1D|1|C+9S1D|1|A,7Q7X|1|B+7Q7X|1|C+7Q7X|1|A,7Q82|1|B+7Q82|1|C+7Q82|1|A,7Q7Z|1|B+7Q7Z|1|C+7Q7Z|1|A,7Q7Y|1|B+7Q7Y|1|C+7Q7Y|1|A,9KFV|1|B+9KFV|1|C+9KFV|1|A"
"NR_4.0_76740.4","8A98|1|S4","8A98|1|S4,8A3W|1|S4,8OVJ|1|S4"
"NR_4.0_25416.3","7QCA|1|L70","7QCA|1|L70"
"NR_4.0_80915.1","7QDY|1|E","7QDY|1|E"
"NR_4.0_82438.1","8AF0|1|C+8AF0|1|D","8AF0|1|C+8AF0|1|D"
"NR_4.0_96182.1","7QEP|1|2","7QEP|1|2"
"NR_4.0_96955.1","7QGG|1|t+7QGG|1|D","7QGG|1|t+7QGG|1|D"
"NR_4.0_57826.1","7QH7|1|B","7QH7|1|B"
"NR_4.0_98144.1","7QI4|1|Ay","7QI4|1|Ay"
"NR_4.0_95195.3","7QIW|1|2+7QIW|1|8","7QIW|1|2+7QIW|1|8,7QIZ|1|2+7QIZ|1|8"
"NR_4.0_85044.3","7QIW|1|5","7QIW|1|5,7QIZ|1|5"
"NR_4.0_73924.4","7QIZ|1|S2","7QIZ|1|S2,7QIX|1|2,7QIY|1|2"
"NR_4.0_33575.1","7QR8|1|A+7QR8|1|C+7QR8|1|D","7QR8|1|A+7QR8|1|C+7QR8|1|D"
"NR_4.0_40062.1","7QTN|1|A+7QTN|1|B","7QTN|1|A+7QTN|1|B"
"NR_4.0_83314.1","7QVP|1|A4","7QVP|1|A4"
"NR_4.0_98794.3","8BE0|1|M+8BE0|1|R","8BE0|1|M+8BE0|1|R,7R1F|1|M+7R1F|1|R"
"NR_4.0_71941.1","12CI|1|B","12CI|1|B,12CI|1|A"
"NR_4.0_76432.1","7R21|1|R","7R21|1|R"
"NR_4.0_90153.1","12CJ|1|B","12CJ|1|B,12CJ|1|A"
"NR_4.0_55442.1","7R6K|1|1","7R6K|1|1"
"NR_4.0_05457.1","12EG|1|R+12EG|1|A+12EG|1|B","12EG|1|R+12EG|1|A+12EG|1|B,12EE|1|R+12EE|1|A+12EE|1|B,12EI|1|R+12EI|1|A+12EI|1|B,12EB|1|R+12EB|1|A+12EB|1|B,12EC|1|R+12EC|1|A+12EC|1|B,12EF|1|R+12EF|1|A+12EF|1|B,12ED|1|R+12ED|1|A+12ED|1|B,12EH|1|R+12EH|1|A+12EH|1|B"
"NR_4.0_65051.1","7R7C|1|1","7R7C|1|1"
"NR_4.0_85225.1","7R81|1|A2","7R81|1|A2"
"NR_4.0_99344.1","8K7W|1|A","8K7W|1|A,9VMZ|1|A"
"NR_4.0_44966.1","8WX0|1|E","8WX0|1|E"
"NR_4.0_51609.1","8K85|1|A+8K85|1|B","8K85|1|A+8K85|1|B"
"NR_4.0_01700.1","8WX0|1|G","8WX0|1|G"
"NR_4.0_04129.1","8X0N|1|B","8X0N|1|B"
"NR_4.0_08831.4","4XCO|1|M","4XCO|1|M,4XCO|1|E,3NDB|1|M,1Z43|1|A,2V3C|1|N,2V3C|1|M,1LNG|1|B"
"NR_4.0_25658.1","8X5V|1|B+8X5V|1|C+8X5V|1|D","8X5V|1|B+8X5V|1|C+8X5V|1|D"
"NR_4.0_48869.2","1M5K|1|B+1M5K|1|A","1M5K|1|B+1M5K|1|A,1M5K|1|E+1M5K|1|D,1M5O|1|B+1M5O|1|A,1M5O|1|E+1M5O|1|D,1M5V|1|B+1M5V|1|A+1M5V|1|M,1M5P|1|B+1M5P|1|A+1M5P|1|M,1M5P|1|E+1M5P|1|D+1M5P|1|P,1M5V|1|E+1M5V|1|D+1M5V|1|P"
"NR_4.0_25852.3","1M8V|1|P","1M8V|1|P,1M8V|1|R,1M8V|1|U,1M8V|1|Q,1M8V|1|T,1M8V|1|S,1M8V|1|O"
"NR_4.0_22168.1","8XI2|1|F+8XI2|1|H","8XI2|1|F+8XI2|1|H"
"NR_4.0_45932.1","8XKO|1|F+8XKO|1|E","8XKO|1|F+8XKO|1|E"
"NR_4.0_62308.1","8XPO|1|T+8XPO|1|P","8XPO|1|T+8XPO|1|P"
"NR_4.0_18853.1","8XYC|1|C+8XYC|1|B+8XYC|1|D","8XYC|1|C+8XYC|1|B+8XYC|1|D"
"NR_4.0_93459.1","1M8W|1|F","1M8W|1|F"
"NR_4.0_63957.3","8KI8|1|E","8KI8|1|E,8KI7|1|E"
"NR_4.0_49241.3","7B5K|1|x","7B5K|1|x,5O2R|1|x,8ZYC|1|C,8ZYD|1|C,5KCS|1|1x,1FFY|1|T"
"NR_4.0_92440.1","8KI7|1|F+8KI7|1|B","8KI7|1|F+8KI7|1|B"
"NR_4.0_77347.1","8OMR|1|C","8OMR|1|C"
"NR_4.0_60623.3","8OP2|1|U","8OP2|1|U,8OOU|1|U,8OOU|1|e,8OP2|1|C"
"NR_4.0_03715.4","1QU2|1|T","1QU2|1|T,1QU3|1|T"
"NR_4.0_59782.3","8Y05|1|B+8Y05|1|C+8Y05|1|D","8Y05|1|B+8Y05|1|C+8Y05|1|D,8Y07|1|B+8Y07|1|C+8Y07|1|D,8Y09|1|B+8Y09|1|C+8Y09|1|D,8Y07|1|F+8Y07|1|G+8Y07|1|H,8Y06|1|B+8Y06|1|C+8Y06|1|D,8Y04|1|B+8Y04|1|C+8Y04|1|D,8Y09|1|F+8Y09|1|G+8Y09|1|H,8Y0A|1|F+8Y0A|1|G+8Y0A|1|H,8Y0A|1|B+8Y0A|1|C+8Y0A|1|D,8Y08|1|B+8Y08|1|C+8Y08|1|D,8Y08|1|F+8Y08|1|G+8Y08|1|H"
"NR_4.0_41733.1","1FFZ|1|B","1FFZ|1|B"
"NR_4.0_03296.3","8OP1|1|J","8OP1|1|J,8OP1|1|I,8OP1|1|G,8OP1|1|H,8OP1|1|F"
"NR_4.0_90775.1","1FIR|1|A","1FIR|1|A"
"NR_4.0_58357.1","1FJG|1|X","1FJG|1|X"
"NR_4.0_45353.1","8OPS|1|C","8OPS|1|C"
"NR_4.0_13125.1","1G1X|1|D+1G1X|1|E","1G1X|1|D+1G1X|1|E"
"NR_4.0_10782.1","8OST|1|C","8OST|1|C"
"NR_4.0_88266.1","1G2E|1|B","1G2E|1|B"
"NR_4.0_37229.5","1MFQ|1|A","1MFQ|1|A,5M73|1|A,5M73|1|E,4P3E|1|A,7NFX|1|1,7QWQ|1|1,3KTV|1|C,3KTV|1|A"
"NR_4.0_23629.2","1I7J|1|A+1I7J|1|B","1I7J|1|A+1I7J|1|B,310D|1|A+310D|1|B"
"NR_4.0_73530.1","8Y2I|1|C+8Y2I|1|B+8Y2I|1|D","8Y2I|1|C+8Y2I|1|B+8Y2I|1|D"
"NR_4.0_46963.2","1PJG|1|A+1PJG|1|B","1PJG|1|A+1PJG|1|B,1PJO|1|A+1PJO|1|B,1G4Q|1|A+1G4Q|1|B,7OOO|1|A+7OOO|1|B,7OOO|1|D+7OOO|1|E,1JB8|1|A+1JB8|1|B,7NRP|1|A+7NRP|1|B,7OOS|1|A+7OOS|1|B,7OZZ|1|A+7OZZ|1|B"
"NR_4.0_24465.1","8Y6O|1|J+8Y6O|1|K","8Y6O|1|J+8Y6O|1|K"
"NR_4.0_39003.1","1MHK|1|L+1MHK|1|S","1MHK|1|L+1MHK|1|S"
"NR_4.0_10095.1","8YB6|1|C","8YB6|1|C"
"NR_4.0_13007.1","8YE9|1|C","8YE9|1|C"
"NR_4.0_36971.1","8YHD|1|M+8YHD|1|N","8YHD|1|M+8YHD|1|N"
"NR_4.0_61820.3","8YII|1|C","8YII|1|C,8YIG|1|D,8YIG|1|C"
"NR_4.0_11882.2","8ZNR|1|L+8ZNR|1|I","8ZNR|1|L+8ZNR|1|I,8ZDY|1|L,8Z0K|1|L+8Z0K|1|I+8Z0K|1|J,8Z0L|1|L+8Z0L|1|I+8Z0L|1|J"
"NR_4.0_73673.3","8Z1G|1|T","8Z1G|1|T"
"NR_4.0_98665.3","8Z3K|1|H","8Z3K|1|H,8Z3K|1|I,8Z3P|1|X,8Z3P|1|Y,8Z3P|1|Z"
"NR_4.0_40415.3","8P1N|1|B","8P1N|1|B,8P1M|1|D"
"NR_4.0_33878.1","8P2K|1|AI","8P2K|1|AI"
"NR_4.0_33048.3","8P7X|1|7","8P7X|1|7,8P8B|1|7,8P7Y|1|7,8P6P|1|7"
"NR_4.0_08950.3","8P8B|1|8","8P8B|1|8,8P7X|1|8,8P7Y|1|8,8P6P|1|8"
"NR_4.0_82547.1","8Z70|1|s","8Z70|1|s"
"NR_4.0_64750.3","8P7B|1|R","8P7B|1|R,8P7B|1|T,8P7C|1|T,8P7C|1|R"
"NR_4.0_19355.3","8P7X|1|6","8P7X|1|6,8P7Y|1|6"
"NR_4.0_33013.1","8P8B|1|5","8P8B|1|5"
"NR_4.0_22497.3","8PDS|1|E","8PDS|1|E,8PDO|1|C"
"NR_4.0_51931.1","8PE3|1|C","8PE3|1|C"
"NR_4.0_50481.1","8PJ1|1|7","8PJ1|1|7"
"NR_4.0_77160.3","8Z9R|1|F+8Z9R|1|G","8Z9R|1|F+8Z9R|1|G,8Z9H|1|F+8Z9H|1|G,8Z97|1|F+8Z97|1|G"
"NR_4.0_84424.1","1GTN|1|W","1GTN|1|W"
"NR_4.0_94037.1","8Z9H|1|K","8Z9H|1|K"
"NR_4.0_30137.3","8Z9Q|1|D","8Z9Q|1|D,8Z9R|1|K"
"NR_4.0_66106.2","9SFQ|1|T","9SFQ|1|T,9SDF|1|T,9SFB|1|T,1H3E|1|B"
"NR_4.0_28560.2","8ZA0|1|D+8ZA0|1|C","8ZA0|1|D+8ZA0|1|C,8ZA0|1|F+8ZA0|1|E,8ZA0|1|B+8ZA0|1|A"
"NR_4.0_00684.1","8PJB|1|C","8PJB|1|C"
"NR_4.0_26284.3","1H4S|1|T","1H4S|1|T,1H4Q|1|T"
"NR_4.0_65028.4","301D|1|B+301D|1|A","301D|1|B+301D|1|A,359D|1|B+359D|1|A,1MME|1|D+1MME|1|C,299D|1|B+299D|1|A,1MME|1|B+1MME|1|A,300D|1|B+300D|1|A,1NYI|1|B+1NYI|1|A,1Q29|1|B+1Q29|1|A,488D|1|D+488D|1|B+488D|1|A+488D|1|C,379D|1|B+379D|1|A"
"NR_4.0_39889.1","1HMH|1|A+1HMH|1|B","1HMH|1|A+1HMH|1|B"
"NR_4.0_65455.1","8ZCY|1|B","8ZCY|1|B"
"NR_4.0_00585.1","8PNF|1|A","8PNF|1|A"
"NR_4.0_10593.2","8PSO|1|V+8PSO|1|S","8PSO|1|V+8PSO|1|S,8PT6|1|V+8PT6|1|S,8PSN|1|V+8PSN|1|S"
"NR_4.0_70324.2","8ZDR|1|A+8ZDR|1|B+8ZDR|1|D","8ZDR|1|A+8ZDR|1|B+8ZDR|1|D,8ZQ9|1|A"
"NR_4.0_46884.3","1MZP|1|B","1MZP|1|B"
"NR_4.0_21850.1","8ZGR|1|Ta","8ZGR|1|Ta"
"NR_4.0_13358.1","1N32|1|Y+1N32|1|Z","1N32|1|Y+1N32|1|Z"
"NR_4.0_92489.7","8RZA|1|R","8RZA|1|R,8V9J|1|v,4DR7|1|b,4DR5|1|V,1I5L|1|Y,4DR6|1|b,1I5L|1|U,6I2N|1|U,9VCW|1|C,5IP2|1|F,5IP2|1|D"
"NR_4.0_57770.1","1N35|1|C+1N35|1|B","1N35|1|C+1N35|1|B"
"NR_4.0_41190.2","8PSZ|1|V+8PSZ|1|D","8PSZ|1|V+8PSZ|1|D,8PTH|1|V+8PTH|1|D,8QZ8|1|V+8QZ8|1|P,8PTJ|1|V,8PTJ|1|D,8PT2|1|V+8PT2|1|D,8PSU|1|V+8PSU|1|S,8PSX|1|V"
"NR_4.0_20339.3","1NBS|1|B","1NBS|1|B,1NBS|1|A"
"NR_4.0_85104.3","1NJP|1|5","1NJP|1|5,1NJM|1|5"
"NR_4.0_26651.1","1NJO|1|5","1NJO|1|5"
"NR_4.0_35581.2","8PSZ|1|S+8PSZ|1|P","8PSZ|1|S+8PSZ|1|P,8PSX|1|S+8PSX|1|P"
"NR_4.0_42979.1","8PTG|1|R","8PTG|1|R"
"NR_4.0_70974.2","6CAQ|1|W+6CAQ|1|Y","6CAQ|1|W+6CAQ|1|Y,6CAP|1|W,7DUI|1|W,7DUL|1|W,4DR4|1|W+4DR4|1|V,1IBL|1|Y,6CAO|1|W+6CAO|1|Y,4DR5|1|W,1IBM|1|Y,6CAS|1|W,6CAR|1|W,4AQY|1|Z+4AQY|1|W,7DUK|1|W,7DUG|1|W,7DUJ|1|W,7DUH|1|W"
"NR_4.0_71883.3","8Q87|1|A2","8Q87|1|A2,8Q7Z|1|A2"
"NR_4.0_99699.3","8Q87|1|B5+8Q87|1|B8","8Q87|1|B5+8Q87|1|B8,8Q7Z|1|B5+8Q7Z|1|B8"
"NR_4.0_64462.3","8Q87|1|B7","8Q87|1|B7,8Q7Z|1|B7"
"NR_4.0_61738.3","8Q87|1|V","8Q87|1|V,8Q7Z|1|V"
"NR_4.0_90919.3","8Q9T|1|B","8Q9T|1|B,8QCA|1|X"
"NR_4.0_96464.1","8QBT|1|7","8QBT|1|7"
"NR_4.0_96683.11","5Z4J|1|B","5Z4J|1|B,24BR|1|C,6E4P|1|J,5GMF|1|E,5GMF|1|H,5GMF|1|F,5GMF|1|G,5GMG|1|D,5GMG|1|C,6E4P|1|K,8V9L|1|v,1IBL|1|Z,1IBM|1|Z,4DR6|1|V,3IE1|1|E,4DR7|1|V,3IE1|1|H,9VCV|1|C,3IE1|1|F,3IE1|1|G,6YTF|1|9,9FIA|1|bG,2QQP|1|R,6YS5|1|9,1NB7|1|E,1NB7|1|F"
"NR_4.0_35102.1","8QCQ|1|8","8QCQ|1|8"
"NR_4.0_30081.2","3C3Z|1|A+3C3Z|1|B","3C3Z|1|A+3C3Z|1|B,2OIY|1|A+2OIY|1|B,462D|1|A+462D|1|B,1NLC|1|A+1NLC|1|B,3C44|1|A+3C44|1|B,1O3Z|1|A+1O3Z|1|B,3C5D|1|A+3C5D|1|B,1Y73|1|A+1Y73|1|B,3C7R|1|A+3C7R|1|B,1Y99|1|A+1Y99|1|B,2OJ0|1|A+2OJ0|1|B,3DVV|1|A+3DVV|1|B,1Y90|1|A+1Y90|1|B,1WVD|1|A+1WVD|1|B,2OIJ|1|A+2OIJ|1|B,1Y6T|1|A+1Y6T|1|B,1Y95|1|A+1Y95|1|B,3FAR|1|A+3FAR|1|B,1Y6S|1|A+1Y6S|1|B"
"NR_4.0_13482.3","8QGT|1|C","8QGT|1|C,8QH3|1|C"
"NR_4.0_94340.7","9HL9|1|S4","9HL9|1|S4,9FXO|1|S4,8RXX|1|S4,8QIE|1|S4,8RXH|1|S4,8QHU|1|S4"
"NR_4.0_39783.3","8DFS|1|L","8DFS|1|L,8DEX|1|L,8DFO|1|L"
"NR_4.0_20614.3","8DFV|1|E","8DFV|1|E,8DG5|1|E"
"NR_4.0_56652.1","8QMH|1|A+8QMH|1|B","8QMH|1|A+8QMH|1|B"
"NR_4.0_45854.1","8DG7|1|F+8DG7|1|E","8DG7|1|F+8DG7|1|E"
"NR_4.0_04705.3","8DK7|1|C","8DK7|1|C,8DK7|1|F"
"NR_4.0_41552.1","8DMB|1|W+8DMB|1|X+8DMB|1|Y","8DMB|1|W+8DMB|1|X+8DMB|1|Y"
"NR_4.0_33742.2","8QPB|1|z","8QPB|1|z"
"NR_4.0_68018.1","8DP3|1|R","8DP3|1|R"
"NR_4.0_53722.2","8QWF|1|C+8QWF|1|N+8QWF|1|T","8QWF|1|C+8QWF|1|N+8QWF|1|T,8QWE|1|C+8QWE|1|N+8QWE|1|T"
"NR_4.0_04798.4","8DZK|1|N","8DZK|1|N,8DZK|1|F,8DZK|1|G"
"NR_4.0_70706.1","8R0S|1|C+8R0S|1|D","8R0S|1|C+8R0S|1|D"
"NR_4.0_66171.1","8R55|1|7","8R55|1|7"
"NR_4.0_98171.3","1ICG|1|A+1ICG|1|B","1ICG|1|A+1ICG|1|B,1ID9|1|A+1ID9|1|B"
"NR_4.0_41946.1","8DZK|1|P","8DZK|1|P"
"NR_4.0_48446.1","8R6W|1|C","8R6W|1|C"
"NR_4.0_70420.1","1J1U|1|B","1J1U|1|B"
"NR_4.0_48560.1","8E29|1|B","8E29|1|B"
"NR_4.0_04578.4","9GBW|1|R+9GBW|1|G","9GBW|1|R+9GBW|1|G,8R7N|1|A,9GCM|1|A,9GBZ|1|R+9GBZ|1|G,9GCL|1|A,9GC0|1|Q,8Y6O|1|P+8Y6O|1|A"
"NR_4.0_49890.3","1NUV|1|E+1NUV|1|F","1NUV|1|E+1NUV|1|F,1NUV|1|C+1NUV|1|D,1NUJ|1|C+1NUJ|1|D,1NUJ|1|E+1NUJ|1|F,429D|1|C+429D|1|D"
"NR_4.0_76721.1","8E3I|1|E","8E3I|1|E"
"NR_4.0_40068.2","8E8M|1|R+8E8M|1|O+8E8M|1|P","8E8M|1|R+8E8M|1|O+8E8M|1|P,8E74|1|R+8E74|1|O+8E74|1|P,8E79|1|R+8E79|1|O+8E79|1|P"
"NR_4.0_90279.1","8EG0|1|C","8EG0|1|C"
"NR_4.0_03683.1","8R8R|1|E","8R8R|1|E"
"NR_4.0_99102.2","404D|1|A+404D|1|B","404D|1|A+404D|1|B"
"NR_4.0_12024.1","8RBJ|1|B+8RBJ|1|C","8RBJ|1|B+8RBJ|1|C"
"NR_4.0_40477.1","8ENK|1|N","8ENK|1|N"
"NR_4.0_86318.3","8RJB|1|q","8RJB|1|q,8RJD|1|q,8RJC|1|q"
"NR_4.0_11927.3","8ESQ|1|6","8ESQ|1|6,8ESR|1|6,8EV3|1|6,8ETH|1|6,8ETG|1|6,8EUP|1|6,8ETI|1|6"
"NR_4.0_92694.1","8RO2|1|IN","8RO2|1|IN"
"NR_4.0_58707.1","8RRI|1|Ay","8RRI|1|Ay"
"NR_4.0_01867.1","8EVS|1|EC","8EVS|1|EC"
"NR_4.0_06844.1","8EWG|1|B","8EWG|1|B"
"NR_4.0_70889.1","8EY7|1|B","8EY7|1|B"
"NR_4.0_98067.3","8EYU|1|A","8EYU|1|A,8EYU|1|B,8EYW|1|B,8EYW|1|A,8EYV|1|B,8EYV|1|A,8F0N|1|A,8F0N|1|B"
"NR_4.0_28920.4","9FXO|1|S3","9FXO|1|S3,8RXX|1|S3,8RXH|1|S3"
"NR_4.0_81653.3","1J6S|1|A","1J6S|1|A,1J6S|1|C,1J6S|1|D,1J6S|1|B"
"NR_4.0_33476.1","8S8K|1|3","8S8K|1|3"
"NR_4.0_71199.7","5ZEG|1|A+5ZEG|1|B","5ZEG|1|A+5ZEG|1|B,3TD0|1|A+3TD0|1|B,2PWT|1|A+2PWT|1|B,4P3T|1|A+4P3T|1|B,6JBF|1|A+6JBF|1|B,3TD1|1|A+3TD1|1|B,4K32|1|A+4K32|1|B,5XZ1|1|A+5XZ1|1|B,5XZ1|1|C+5XZ1|1|D,6JBF|1|C+6JBF|1|D,7EDL|1|A+7EDL|1|B,3BNL|1|A+3BNL|1|B,5ZEI|1|A+5ZEI|1|B,4P3S|1|A+4P3S|1|B,2ET5|1|A+2ET5|1|B,4GPY|1|A+4GPY|1|B,6JBG|1|C+6JBG|1|D,5Z1I|1|A,4GPW|1|A+4GPW|1|B,7EDM|1|A+7EDM|1|B,4P43|1|A+4P43|1|B,6JBG|1|A+6JBG|1|B,1MWL|1|A+1MWL|1|B,4GPX|1|A+4GPX|1|B,2ET4|1|A+2ET4|1|B,5ZEG|1|C,5Z1H|1|A+5Z1H|1|B,2ESJ|1|A+2ESJ|1|B,3WRU|1|A+3WRU|1|B,2ESI|1|A+2ESI|1|B,4F8U|1|A+4F8U|1|B,4F8V|1|A+4F8V|1|B,3S4P|1|A+3S4P|1|B,1LC4|1|A+1LC4|1|B,4P20|1|A+4P20|1|B,5ZEJ|1|A+5ZEJ|1|B,2ET3|1|A+2ET3|1|B,5ZEM|1|A+5ZEM|1|B,7EDN|1|A,5Z71|1|A+5Z71|1|B,2BE0|1|A+2BE0|1|B,2BEE|1|A+2BEE|1|B,1J7T|1|A+1J7T|1|B,2F4T|1|B+2F4T|1|A,1YRJ|1|A+1YRJ|1|B"
"NR_4.0_86423.2","8F24|1|A+8F24|1|B","8F24|1|A+8F24|1|B,8F24|1|C+8F24|1|D,8F24|1|E+8F24|1|F"
"NR_4.0_24013.1","8S9T|1|F","8S9T|1|F"
"NR_4.0_19932.1","1E8S|1|C","1E8S|1|C"
"NR_4.0_97426.2","8SA2|1|B+8SA2|1|A","8SA2|1|B+8SA2|1|A,8SA3|1|A,8SA3|1|B,8SA4|1|A+8SA4|1|B,8SA5|1|A+8SA5|1|B"
"NR_4.0_53294.1","1EC6|1|D","1EC6|1|D"
"NR_4.0_62404.3","8F4O|1|B","8F4O|1|B,8F4O|1|A"
"NR_4.0_74849.3","1MMS|1|D","1MMS|1|D,1MMS|1|C"
"NR_4.0_43166.3","8F5G|1|D","8F5G|1|D,8F5G|1|E,8F5G|1|F"
"NR_4.0_94729.13","4NLF|1|A","4NLF|1|A,5D99|1|A,6Y0Y|1|A,7QP2|1|A,1Q9A|1|A,6ZYB|1|A,4NMG|1|A,3DW4|1|A,3DW6|1|A,4Y27|1|A,7L3R|1|A,7JJE|1|A,4NXH|1|A,9RB4|1|A,3DVZ|1|A,3S7C|1|A,5NQI|1|A,5MRX|1|A,3DW5|1|A,7QSH|1|A,3DW7|1|A,3S8U|1|A,483D|1|A,7JJD|1|A,1MSY|1|A,480D|1|A,6Y0T|1|B,6Y0T|1|A,7JJF|1|A,7M3V|1|A,7EEN|1|A,7EEN|1|B,7EEN|1|D,7EEN|1|C,1JBS|1|D,1JBS|1|C,6ZXZ|1|B,1JBR|1|D,7EEM|1|A,6ZXZ|1|A,6ZXZ|1|C,1JBT|1|C,1JBT|1|D,7EEO|1|A,7EEO|1|B,7UCR|1|A"
"NR_4.0_59302.1","8SFH|1|B+8SFH|1|C+8SFH|1|D","8SFH|1|B+8SFH|1|C+8SFH|1|D"
"NR_4.0_18224.2","8FCU|1|M+8FCU|1|N+8FCU|1|O","8FCU|1|M+8FCU|1|N+8FCU|1|O,8FF4|1|M+8FF4|1|N+8FF4|1|O,8FF5|1|M+8FF5|1|N+8FF5|1|O"
"NR_4.0_08041.1","8SNX|1|T","8SNX|1|T"
"NR_4.0_74024.1","8FIZ|1|AW","8FIZ|1|AW"
"NR_4.0_82191.1","8SP9|1|C","8SP9|1|C"
"NR_4.0_88294.3","8FJL|1|a3+8FJL|1|b3","8FJL|1|a3+8FJL|1|b3,8FJK|1|a3+8FJK|1|b3"
"NR_4.0_24362.1","8SQK|1|T+8SQK|1|P","8SQK|1|T+8SQK|1|P"
"NR_4.0_82445.1","8FJK|1|a4+8FJK|1|b4","8FJK|1|a4+8FJK|1|b4"
"NR_4.0_11108.3","8SX6|1|A+8SX6|1|B","8SX6|1|A+8SX6|1|B,8SY1|1|A+8SY1|1|B,8SWO|1|A+8SWO|1|B,8SY1|1|C+8SY1|1|D"
"NR_4.0_28046.3","8FJL|1|a5+8FJL|1|b5","8FJL|1|a5+8FJL|1|b5,8FJK|1|a6+8FJK|1|b6"
"NR_4.0_93104.1","8FJL|1|a2+8FJL|1|b2","8FJL|1|a2+8FJL|1|b2"
"NR_4.0_77156.1","8SX5|1|A+8SX5|1|B","8SX5|1|A+8SX5|1|B"
"NR_4.0_06497.3","8FKW|1|L2","8FKW|1|L2,8FKV|1|L2,8FKX|1|L2,8FKQ|1|L2,8FKP|1|L2,8FLD|1|L2,8FKU|1|L2,8FL2|1|L2,8FLA|1|L2,8FKT|1|L2,8FKR|1|L2,8FKS|1|L2,8FL6|1|L2,8FKY|1|L2,8FKZ|1|L2"
"NR_4.0_59908.1","8SXT|1|C+8SXT|1|B","8SXT|1|C+8SXT|1|B"
"NR_4.0_97001.3","8T29|1|R","8T29|1|R,8T2B|1|R,8T2A|1|R,8T2O|1|R"
"NR_4.0_15727.1","8T2S|1|B","8T2S|1|B"
"NR_4.0_41549.1","8TDV|1|J","8TDV|1|J"
"NR_4.0_03898.3","8FMW|1|AA","8FMW|1|AA,8FN2|1|A"
"NR_4.0_51234.1","8TDW|1|J","8TDW|1|J"
"NR_4.0_05698.3","8FMW|1|AB","8FMW|1|AB,8FN2|1|B"
"NR_4.0_59090.1","8TDY|1|A","8TDY|1|A"
"NR_4.0_46934.1","8FMW|1|X","8FMW|1|X"
"NR_4.0_28948.1","8TE0|1|A","8TE0|1|A"
"NR_4.0_48165.4","8D28|1|B","8D28|1|B,8D28|1|A,8D5L|1|D,8D5L|1|C,8D5L|1|B,8D5L|1|A,8D2B|1|A,8D2B|1|B,8D2A|1|B,8D2A|1|A,8D5O|1|A,8D5O|1|B"
"NR_4.0_15963.1","8FNC|1|g","8FNC|1|g"
"NR_4.0_96291.1","8TG4|1|C","8TG4|1|C"
"NR_4.0_90190.1","8FNF|1|g","8FNF|1|g"
"NR_4.0_93050.3","8TJX|1|N","8TJX|1|N,8TJQ|1|N"
"NR_4.0_03718.1","8FNI|1|g","8FNI|1|g"
"NR_4.0_79194.1","8TJU|1|A","8TJU|1|A"
"NR_4.0_26264.3","1JID|1|B","1JID|1|B"
"NR_4.0_48854.1","8FNK|1|m+8FNK|1|g","8FNK|1|m+8FNK|1|g"
"NR_4.0_24279.1","8TOC|1|R","8TOC|1|R"
"NR_4.0_18464.1","8FOM|1|XX","8FOM|1|XX"
"NR_4.0_73383.1","8TSV|1|A+8TSV|1|B","8TSV|1|A+8TSV|1|B"
"NR_4.0_81286.1","8FON|1|XX","8FON|1|XX"
"NR_4.0_10125.1","8TUX|1|R","8TUX|1|R"
"NR_4.0_83593.11","5AXM|1|P","5AXM|1|P,1EVV|1|A,6XZB|1|g2,9YPG|1|12,9YPO|1|12,8CDR|1|Bb,8CEH|1|Bb,6LVR|1|D,5AXN|1|P,9YPS|1|12,5M1J|1|A3,1OB2|1|B,9YPW|1|12,9YPY|1|12,9YPV|1|12,6LVR|1|B,9YPT|1|12,3WC2|1|P,8CF5|1|Bb,9Y4G|1|Bb,9F9S|1|DP,6GQV|1|AY,6GZ3|1|Bw,8CTH|1|C,6XIR|1|AX,3WC2|1|Q,6GQB|1|AX,6GZ5|1|Bw,8CG8|1|Bb,6XIR|1|AZ,4TNA|1|A,1EHZ|1|A,8CCS|1|Bb,8CIV|1|Bb,1I9V|1|A,1TN1|1|A,1TN2|1|A,4TRA|1|A,6TNA|1|A,1TTT|1|F,1TTT|1|D,1TTT|1|E,6XZ7|1|g,8CDL|1|Bb,1TRA|1|A,8CKU|1|Bb"
"NR_4.0_47494.1","8FR8|1|E","8FR8|1|E"
"NR_4.0_78706.4","1ZCI|1|A+1ZCI|1|B","1ZCI|1|A+1ZCI|1|B,1ZCI|1|C+1ZCI|1|D,2FD0|1|A+2FD0|1|B,2B8S|1|A+2B8S|1|B,2FCZ|1|A+2FCZ|1|B,2FCZ|1|C+2FCZ|1|D,2FCY|1|A+2FCY|1|B,2B8R|1|A+2B8R|1|B,1K9W|1|B+1K9W|1|A,1Y3S|1|A+1Y3S|1|B,2FCX|1|A+2FCX|1|B,1Y3O|1|A+1Y3O|1|B,1K9W|1|D+1K9W|1|C,1YXP|1|A+1YXP|1|B,1XPE|1|A+1XPE|1|B,1XPF|1|A+1XPF|1|B,1XP7|1|A+1XP7|1|B"
"NR_4.0_51486.1","8FTI|1|B","8FTI|1|B"
"NR_4.0_93073.1","8FTM|1|D","8FTM|1|D"
"NR_4.0_79376.1","8FVI|1|B+8FVI|1|C","8FVI|1|B+8FVI|1|C"
"NR_4.0_58042.2","8UB7|1|I+8UB7|1|H+8UB7|1|G","8UB7|1|I+8UB7|1|H+8UB7|1|G,8UB8|1|I+8UB8|1|H+8UB8|1|G,8UB9|1|I+8UB9|1|H+8UB9|1|G,8UBA|1|I+8UBA|1|H+8UBA|1|G,8UBC|1|I,8UBB|1|I+8UBB|1|H+8UBB|1|G,8UBE|1|I+8UBE|1|H,8UBD|1|I+8UBD|1|H+8UBD|1|G"
"NR_4.0_71994.1","8FYH|1|M","8FYH|1|M"
"NR_4.0_04796.1","8FZA|1|B","8FZA|1|B"
"NR_4.0_61320.1","8FZT|1|B+8FZT|1|A+8FZT|1|C+8FZT|1|D","8FZT|1|B+8FZT|1|A+8FZT|1|C+8FZT|1|D"
"NR_4.0_07488.1","8G4S|1|k","8G4S|1|k"
"NR_4.0_05425.1","8UBF|1|I+8UBF|1|H","8UBF|1|I+8UBF|1|H"
"NR_4.0_52927.1","8UD4|1|G+8UD4|1|H","8UD4|1|G+8UD4|1|H"
"NR_4.0_48101.1","8UHA|1|P","8UHA|1|P"
"NR_4.0_38877.1","1KFO|1|A","1KFO|1|A"
"NR_4.0_30748.3","8G7P|1|w","8G7P|1|w,8G7Q|1|w"
"NR_4.0_28334.3","1KNZ|1|W","1KNZ|1|W,1KNZ|1|X,1KNZ|1|Z,1KNZ|1|Y"
"NR_4.0_44821.1","8G7S|1|v","8G7S|1|v"
"NR_4.0_24874.1","8UO6|1|A","8UO6|1|A"
"NR_4.0_14947.3","1KOG|1|O","1KOG|1|O,1KOG|1|J,1KOG|1|L,1KOG|1|I,1KOG|1|P,1KOG|1|M,1KOG|1|N,1KOG|1|K"
"NR_4.0_77736.1","8G9S|1|O","8G9S|1|O"
"NR_4.0_11542.1","9O2Y|1|Y","9O2Y|1|Y,9O2X|1|Y,8UPT|1|A"
"NR_4.0_89890.2","8GAM|1|K+8GAM|1|L+8GAM|1|O","8GAM|1|K+8GAM|1|L+8GAM|1|O,8GAF|1|K"
"NR_4.0_32978.1","8GH6|1|R+8GH6|1|B+8GH6|1|T+8GH6|1|P","8GH6|1|R+8GH6|1|B+8GH6|1|T+8GH6|1|P"
"NR_4.0_09882.1","8GNA|1|J+8GNA|1|C","8GNA|1|J+8GNA|1|C"
"NR_4.0_85038.1","8URB|1|J+8URB|1|I","8URB|1|J+8URB|1|I"
"NR_4.0_18162.1","1KQ2|1|R","1KQ2|1|R"
"NR_4.0_36715.2","8GWE|1|H","8GWE|1|H,9UHT|1|H"
"NR_4.0_13707.3","8UTG|1|B","8UTG|1|B,8UTG|1|A"
"NR_4.0_24274.3","8GXB|1|A","8GXB|1|A,8GXC|1|A"
"NR_4.0_63276.3","8UUA|1|A","8UUA|1|A,8UU4|1|A,8UU5|1|A,8UU9|1|A,8UU8|1|A,8UU7|1|A,8UU6|1|A"
"NR_4.0_22486.3","8GXB|1|B","8GXB|1|B,8GXC|1|B"
"NR_4.0_14390.3","8GZP|1|S","8GZP|1|S,8GZQ|1|S"
"NR_4.0_56009.1","8GZR|1|C","8GZR|1|C"
"NR_4.0_18471.3","4V4J|1|2","4V4J|1|2,4V4I|1|0"
"NR_4.0_01147.1","6GZ4|1|Bw","6GZ4|1|Bw"
"NR_4.0_73776.1","8H67|1|B","8H67|1|B"
"NR_4.0_50138.4","8UU4|1|a","8UU4|1|a,8UU5|1|a,8UU7|1|a,8UU6|1|a,8UU8|1|a,8UU9|1|a"
"NR_4.0_37087.1","8H7Q|1|D+8H7Q|1|L","8H7Q|1|D+8H7Q|1|L"
"NR_4.0_31819.8","1QTQ|1|B","1QTQ|1|B,4JXX|1|B,5NWY|1|M,1ZJW|1|B,9GFT|1|M,9GGR|1|M,4V7M|1|AW,4V7M|1|CW,4V7L|1|AW,4V7L|1|CW,7QGN|1|M,4V7L|1|AY,4V7L|1|CY,1EUY|1|B,7QG8|1|M,1EUQ|1|B,1QRS|1|B,1QRT|1|B,1QRU|1|B,1GTR|1|B,1GSG|1|T,1GTS|1|B,2RD2|1|B,2RE8|1|B,1O0C|1|B,1O0B|1|B,1EXD|1|B"
"NR_4.0_83957.3","8I3Z|1|B+8I3Z|1|A","8I3Z|1|B+8I3Z|1|A,8HB1|1|B+8HB1|1|A,8HB3|1|B+8HB3|1|A"
"NR_4.0_00546.1","8UU8|1|w","8UU8|1|w"
"NR_4.0_17379.1","8UW3|1|B+8UW3|1|C","8UW3|1|B+8UW3|1|C"
"NR_4.0_37791.1","8HF0|1|N+8HF0|1|P","8HF0|1|N+8HF0|1|P"
"NR_4.0_20468.1","8UXA|1|AM","8UXA|1|AM"
"NR_4.0_53681.3","8HF1|1|M+8HF1|1|L","8HF1|1|M+8HF1|1|L,8HF1|1|K+8HF1|1|J"
"NR_4.0_65824.3","8VUP|1|5","8VUP|1|5,8UXB|1|5,8UZ3|1|5,8UZG|1|5,8V03|1|5"
"NR_4.0_81473.2","8HHL|1|B+8HHL|1|C+8HHL|1|D","8HHL|1|B+8HHL|1|C+8HHL|1|D,8HHM|1|B+8HHM|1|C+8HHM|1|D"
"NR_4.0_66074.1","8HIO|1|B","8HIO|1|B"
"NR_4.0_27894.7","8HKU|1|A23S","8HKU|1|A23S,8HL1|1|A23S"
"NR_4.0_69729.7","8HKU|1|A5S","8HKU|1|A5S,8HL1|1|A5S"
"NR_4.0_49829.1","8HKU|1|AETN","8HKU|1|AETN"
"NR_4.0_60221.3","8VAH|1|F","8VAH|1|F,8VAH|1|D,8VAH|1|E"
"NR_4.0_33406.2","8HNT|1|B","8HNT|1|B,8HNW|1|B+8HNW|1|C+8HNW|1|D,8HNV|1|B+8HNV|1|C+8HNV|1|D"
"NR_4.0_77910.1","8VAJ|1|F+8VAJ|1|E","8VAJ|1|F+8VAJ|1|E"
"NR_4.0_28942.3","8HRA|1|L","8HRA|1|L,8HRA|1|M,8HRA|1|K,8HRB|1|a,8HRB|1|X,8HRB|1|W,8HRB|1|V,8HRB|1|Z,8HRB|1|Y"
"NR_4.0_46482.1","8VAK|1|E","8VAK|1|E"
"NR_4.0_92595.1","8VAK|1|G","8VAK|1|G"
"NR_4.0_06439.1","1F27|1|A+1F27|1|B","1F27|1|A+1F27|1|B"
"NR_4.0_55857.1","8VFS|1|A+8VFS|1|B","8VFS|1|A+8VFS|1|B"
"NR_4.0_31201.1","8VJT|1|A","8VJT|1|A"
"NR_4.0_99953.3","1FEU|1|C+1FEU|1|B","1FEU|1|C+1FEU|1|B,1FEU|1|F+1FEU|1|E"
"NR_4.0_69326.1","8VKV|1|7+8VKV|1|5+8VKV|1|6","8VKV|1|7+8VKV|1|5+8VKV|1|6"
"NR_4.0_26150.5","4V9F|1|0","4V9F|1|0,1S72|1|0,1YI2|1|0,1JJ2|1|0,3CCU|1|0,1YIJ|1|0,1YHQ|1|0,3CCL|1|0,3G6E|1|0,3CMA|1|0,3CD6|1|0,1YJW|1|0,3G71|1|0,3CCV|1|0,3CCM|1|0,2QEX|1|0,1YJN|1|0,3CC2|1|0,1YIT|1|0,3I56|1|0,3CC4|1|0,2OTL|1|0,1YJ9|1|0,1KQS|1|0,3CCQ|1|0,3CCS|1|0,3CC7|1|0,2OTJ|1|0,3CCR|1|0,3G4S|1|0,3I55|1|0,2QA4|1|0,3CCJ|1|0,3OW2|1|0,3CCE|1|0,1VQO|1|0,1VQ8|1|0,1VQM|1|0,1VQP|1|0,1VQK|1|0,1VQL|1|0,1VQN|1|0,1VQ9|1|0,1VQ7|1|0,1VQ4|1|0,1VQ6|1|0,3CPW|1|0,1M90|1|A,3CME|1|0,1VQ5|1|0,3CXC|1|0,1QVG|1|0,1NJI|1|A,1KC8|1|A,1K73|1|A,1Q82|1|A,1Q81|1|A,1QVF|1|0,1K9M|1|A,1KD1|1|A,1K8A|1|A,1Q86|1|A,1M1K|1|A,1Q7Y|1|A,1FFK|1|0,1FG0|1|A,1FFZ|1|A,1N8R|1|A,1W2B|1|0"
"NR_4.0_51224.3","8J7R|1|C","8J7R|1|C,8HUJ|1|C"
"NR_4.0_04219.3","8HZE|1|B","8HZE|1|B,8HZE|1|A,8HZK|1|A,8HZK|1|B,8HZD|1|A,8HZD|1|B,8HZM|1|A,8HZJ|1|A,8HZJ|1|B,8HZM|1|B,8HZF|1|A,8HZF|1|B"
"NR_4.0_74733.2","8VOO|1|7+8VOO|1|5+8VOO|1|6","8VOO|1|7+8VOO|1|5+8VOO|1|6"
"NR_4.0_24655.3","8VSA|1|ATRN","8VSA|1|ATRN,8VS9|1|ATRN"
"NR_4.0_51591.3","8VU0|1|C","8VU0|1|C,8VU0|1|D"
"NR_4.0_76335.3","8VUO|1|F","8VUO|1|F,8VUO|1|E"
"NR_4.0_53992.3","8HZL|1|B","8HZL|1|B,8HZL|1|A"
"NR_4.0_92754.1","8VV2|1|C","8VV2|1|C"
"NR_4.0_73350.1","8I3Q|1|C","8I3Q|1|C"
"NR_4.0_16641.1","8VVJ|1|A","8VVJ|1|A"
"NR_4.0_20260.4","8PV7|1|C3","8PV7|1|C3,8PV1|1|C3,8PVK|1|C3,8PV3|1|C3,8PV4|1|C3,8I9V|1|C3,8I9T|1|C3"
"NR_4.0_47611.2","8VVQ|1|TA","8VVQ|1|TA,8VVP|1|TA,8VVR|1|TA,8VVS|1|TA"
"NR_4.0_93618.3","8IBX|1|D","8IBX|1|D,8IBW|1|D"
"NR_4.0_45392.2","8VVQ|1|UA","8VVQ|1|UA,8VVP|1|UA,8VVR|1|UA,8VVS|1|UA"
"NR_4.0_85680.1","8IBY|1|E","8IBY|1|E"
"NR_4.0_18353.1","8IDF|1|B","8IDF|1|B"
"NR_4.0_44051.2","8VVP|1|VA","8VVP|1|VA,8VVQ|1|VA"
"NR_4.0_31115.2","8JL0|1|C+8JL0|1|D","8JL0|1|C+8JL0|1|D,8IN8|1|I+8IN8|1|J"
"NR_4.0_82559.2","8VVR|1|VA","8VVR|1|VA,8VVS|1|VA"
"NR_4.0_38507.2","1KQS|1|4","1KQS|1|4,3NMA|1|C,1Q81|1|5,1Q82|1|5"
"NR_4.0_86654.2","8WRP|1|B+8WRP|1|C+8WRP|1|D","8WRP|1|B+8WRP|1|C+8WRP|1|D,8WRQ|1|B+8WRQ|1|C+8WRQ|1|D,8WRR|1|B+8WRR|1|C+8WRR|1|D,8INB|1|B+8INB|1|C+8INB|1|D,8WRT|1|B"
"NR_4.0_38170.1","8VVU|1|VA","8VVU|1|VA"
"NR_4.0_26998.1","1KXK|1|A","1KXK|1|A"
"NR_4.0_42984.1","9SHX|1|J+9SHX|1|K+9SHX|1|L","9SHX|1|J+9SHX|1|K+9SHX|1|L,9SIT|1|J+9SIT|1|K+9SIT|1|L,9SIU|1|J+9SIU|1|K+9SIU|1|L,8W1P|1|R+8W1P|1|N+8W1P|1|T,9SJC|1|J+9SJC|1|K+9SJC|1|L,9SJD|1|J+9SJD|1|K+9SJD|1|L,9SJO|1|J,9SJM|1|J,9SJN|1|J,9SJL|1|J+9SJL|1|K+9SJL|1|L,8YEO|1|C+8YEO|1|T+8YEO|1|N,8YDB|1|C+8YDB|1|T+8YDB|1|N,8YH9|1|C"
"NR_4.0_77122.3","8IP8|1|cl","8IP8|1|cl,8IPA|1|cl,8IP9|1|cl,8IPB|1|cl"
"NR_4.0_54586.3","1L3Z|1|B","1L3Z|1|B,1L3Z|1|A"
"NR_4.0_70955.1","1L9A|1|B","1L9A|1|B"
"NR_4.0_57970.1","8IPM|1|A","8IPM|1|A"
"NR_4.0_16987.1","8IUO|1|F","8IUO|1|F"
"NR_4.0_23459.1","8J12|1|C+8J12|1|D+8J12|1|E","8J12|1|C+8J12|1|D+8J12|1|E"
"NR_4.0_71692.2","9AUF|1|B+9AUF|1|D+9AUF|1|c+9AUF|1|C","9AUF|1|B+9AUF|1|D+9AUF|1|c+9AUF|1|C,8W2Z|1|B+8W2Z|1|C+8W2Z|1|D,8W2S|1|B"
"NR_4.0_16384.1","8WA1|1|S+8WA1|1|Q+8WA1|1|R","8WA1|1|S+8WA1|1|Q+8WA1|1|R"
"NR_4.0_54266.1","8JDM|1|B","8JDM|1|B"
"NR_4.0_24237.1","8WCS|1|G","8WCS|1|G"
"NR_4.0_51746.3","8JSL|1|G","8JSL|1|G,8JSM|1|G,8JSN|1|G"
"NR_4.0_87529.1","8WF9|1|B+8WF9|1|C","8WF9|1|B+8WF9|1|C"
"NR_4.0_41134.1","8WFB|1|B+8WFB|1|C","8WFB|1|B+8WFB|1|C"
"NR_4.0_36280.1","8JTR|1|B","8JTR|1|B"
"NR_4.0_57883.3","8WML|1|R","8WML|1|R,8WM4|1|R,8WMC|1|R,8WMI|1|R"
"NR_4.0_68688.1","8K0K|1|J","8K0K|1|J"
"NR_4.0_70722.3","8WND|1|T","8WND|1|T,8WND|1|R"
"NR_4.0_28241.1","8WO8|1|B","8WO8|1|B"
"NR_4.0_22827.3","8K1E|1|A","8K1E|1|A,8K1E|1|B,8VT5|1|A"
"NR_4.0_35974.5","8XCA|1|B+8XCA|1|C+8XCA|1|D","8XCA|1|B+8XCA|1|C+8XCA|1|D,8WRU|1|B+8WRU|1|C+8WRU|1|D,8XCC|1|B+8XCC|1|C+8XCC|1|D,8ZQH|1|B+8ZQH|1|C+8ZQH|1|D,8ZQB|1|B,8ZQS|1|B"
"NR_4.0_27930.1","8WRV|1|B+8WRV|1|C+8WRV|1|D","8WRV|1|B+8WRV|1|C+8WRV|1|D"
"NR_4.0_40231.1","8K28|1|P+8K28|1|Q+8K28|1|R","8K28|1|P+8K28|1|Q+8K28|1|R"
"NR_4.0_17941.1","9WHX|1|E+9WHX|1|F+9WHX|1|I+9WHX|1|J+9WHX|1|G+9WHX|1|H","9WHX|1|E+9WHX|1|F+9WHX|1|I+9WHX|1|J+9WHX|1|G+9WHX|1|H,9WHY|1|E+9WHY|1|F+9WHY|1|G+9WHY|1|J+9WHY|1|H+9WHY|1|I,8WT8|1|E+8WT8|1|F+8WT8|1|G+8WT8|1|J+8WT8|1|H+8WT8|1|I,8WT7|1|E+8WT7|1|G+8WT7|1|H"
"NR_4.0_24977.2","8WUT|1|B+8WUT|1|C+8WUT|1|F+8WUT|1|D","8WUT|1|B+8WUT|1|C+8WUT|1|F+8WUT|1|D,8WUU|1|B+8WUU|1|C+8WUU|1|F+8WUU|1|D"
"NR_4.0_59062.1","8K3O|1|V","8K3O|1|V"
"NR_4.0_16712.1","8WUV|1|B+8WUV|1|C+8WUV|1|F+8WUV|1|D","8WUV|1|B+8WUV|1|C+8WUV|1|F+8WUV|1|D"
"NR_4.0_91591.1","9M7W|1|G","9M7W|1|G,9M7U|1|G"
"NR_4.0_04164.1","9G6K|1|lO+9G6K|1|lJ+9G6K|1|lM+9G6K|1|l4+9G6K|1|l3+9G6K|1|l9","9G6K|1|lO+9G6K|1|lJ+9G6K|1|lM+9G6K|1|l4+9G6K|1|l3+9G6K|1|l9"
"NR_4.0_95931.2","9M86|1|D","9M86|1|D,9M86|1|B"
"NR_4.0_94313.1","9G6K|1|lQ","9G6K|1|lQ"
"NR_4.0_32537.1","9M8Q|1|B+9M8Q|1|C","9M8Q|1|B+9M8Q|1|C"
"NR_4.0_08851.1","9G6K|1|lS","9G6K|1|lS"
"NR_4.0_09257.1","9MCW|1|B+9MCW|1|A","9MCW|1|B+9MCW|1|A"
"NR_4.0_50087.1","9G6K|1|lU","9G6K|1|lU"
"NR_4.0_84731.1","9G6K|1|lW","9G6K|1|lW"
"NR_4.0_81027.2","9MME|1|k+9MME|1|o+9MME|1|s+9MME|1|w","9MME|1|k+9MME|1|o+9MME|1|s+9MME|1|w,9MME|1|U+9MME|1|Y+9MME|1|c+9MME|1|g"
"NR_4.0_51452.1","9G7C|5|A","9G7C|5|A"
"NR_4.0_71108.2","9MQT|1|A","9MQT|1|A,9MQU|1|A,9MQS|1|A"
"NR_4.0_31877.3","9G9E|1|R","9G9E|1|R,9G9A|1|R,9G9B|1|R,9G9J|1|R"
"NR_4.0_98636.4","9G9C|1|T+9G9C|1|R","9G9C|1|T+9G9C|1|R,9G9D|1|T+9G9D|1|R,9G9F|1|T+9G9F|1|R,9G9H|1|T+9G9H|1|R,9G9G|1|T+9G9G|1|R,9G9K|1|T+9G9K|1|R,9G9I|1|T+9G9I|1|R"
"NR_4.0_42587.1","9GAQ|1|D","9GAQ|1|D"
"NR_4.0_07507.1","9MVS|1|C+9MVS|1|D","9MVS|1|C+9MVS|1|D"
"NR_4.0_89100.3","9GAT|1|E","9GAT|1|E,9GAV|1|D"
"NR_4.0_88759.1","9MW7|1|B+9MW7|1|C","9MW7|1|B+9MW7|1|C"
"NR_4.0_14629.3","9GAT|1|F","9GAT|1|F,9GAV|1|E,9GAT|1|G,9GAV|1|F,9GAT|1|H"
"NR_4.0_11093.1","9N6T|1|D+9N6T|1|B+9N6T|1|C","9N6T|1|D+9N6T|1|B+9N6T|1|C"
"NR_4.0_66140.3","9GFT|1|A3","9GFT|1|A3,9GGR|1|A3"
"NR_4.0_03353.1","9GJU|1|G+9GJU|1|F","9GJU|1|G+9GJU|1|F"
"NR_4.0_14792.1","9GR1|1|4","9GR1|1|4"
"NR_4.0_40183.1","9NAK|1|C","9NAK|1|C"
"NR_4.0_48037.3","9GUX|1|X+9GUX|1|7+9GUX|1|6","9GUX|1|X+9GUX|1|7+9GUX|1|6,9GUV|1|X,9GUU|1|X,9GUW|1|X+9GUW|1|6+9GUW|1|7,9GUS|1|X,9GUT|1|X,9GUP|1|X"
"NR_4.0_84487.1","9NDW|1|A+9NDW|1|B","9NDW|1|A+9NDW|1|B,9NDX|1|A,9NDX|1|B,9NDV|1|A"
"NR_4.0_70050.1","9NEP|1|B","9NEP|1|B"
"NR_4.0_71129.2","9H1K|1|C","9H1K|1|C,9MUJ|1|C"
"NR_4.0_89584.1","9NFA|1|C","9NFA|1|C"
"NR_4.0_31124.2","9H3G|1|A+9H3G|1|3","9H3G|1|A+9H3G|1|3,9H6I|1|A+9H6I|1|3,9HMW|1|A+9HMW|1|3,9HES|1|A+9HES|1|3,9SCU|1|5+9SCU|1|7"
"NR_4.0_84595.1","9NJB|1|D","9NJB|1|D"
"NR_4.0_79347.2","9NL3|1|R+9NL3|1|B+9NL3|1|T+9NL3|1|P","9NL3|1|R+9NL3|1|B+9NL3|1|T+9NL3|1|P,9NL2|1|R+9NL2|1|B+9NL2|1|T+9NL2|1|P"
"NR_4.0_69535.1","9NL5|1|M","9NL5|1|M"
"NR_4.0_66731.1","9H3G|1|W2","9H3G|1|W2,9HES|1|W2,9H6I|1|W2,9HMW|1|W2"
"NR_4.0_49287.2","9H3G|1|h1","9H3G|1|h1,9HES|1|h1,9H6I|1|h1,9HMW|1|h1,9SDP|1|9"
"NR_4.0_77641.1","9NO0|1|D","9NO0|1|D"
"NR_4.0_61221.1","9NO7|1|x","9NO7|1|x"
"NR_4.0_43655.1","9NPX|1|i","9NPX|1|i"
"NR_4.0_39464.1","9NQ7|1|R","9NQ7|1|R"
"NR_4.0_21258.1","9H4J|1|B+9H4J|1|C+9H4J|1|D","9H4J|1|B+9H4J|1|C+9H4J|1|D,9H4K|1|B+9H4K|1|C+9H4K|1|D,9H4L|1|B+9H4L|1|C,9H4M|1|B+9H4M|1|F"
"NR_4.0_03029.1","9H4N|1|Bx","9H4N|1|Bx"
"NR_4.0_24636.1","9H91|1|A","9H91|1|A"
"NR_4.0_99885.2","9H9I|1|3","9H9I|1|3,9H9H|1|3,9H9K|1|3"
"NR_4.0_60492.2","9HBV|1|O","9HBV|1|O,9HBW|1|R"
"NR_4.0_10294.1","9HBW|1|O","9HBW|1|O"
"NR_4.0_47517.1","9NVU|1|W+9NVU|1|T+9NVU|1|N","9NVU|1|W+9NVU|1|T+9NVU|1|N"
"NR_4.0_38740.1","9NYY|1|D","9NYY|1|D"
"NR_4.0_04874.1","9HBZ|1|H","9HBZ|1|H"
"NR_4.0_78700.1","9HBZ|1|O","9HBZ|1|O"
"NR_4.0_97346.1","9HIG|1|A","9HIG|1|A"
"NR_4.0_06081.1","9HIG|1|X","9HIG|1|X"
"NR_4.0_97349.1","9HIG|1|b","9HIG|1|b"
"NR_4.0_97772.1","9HLX|1|B","9HLX|1|B"
"NR_4.0_48758.1","9HM0|1|t","9HM0|1|t"
"NR_4.0_45167.1","9HM6|1|B+9HM6|1|C","9HM6|1|B+9HM6|1|C"
"NR_4.0_42207.1","9HN9|1|C","9HN9|1|C"
"NR_4.0_28903.1","9HQV|1|SO","9HQV|1|SO"
"NR_4.0_20467.1","9HQV|1|ST+9HQV|1|SS","9HQV|1|ST+9HQV|1|SS"
"NR_4.0_42200.1","9HQV|1|UC","9HQV|1|UC"
"NR_4.0_56483.1","8ZH3|1|Ta","8ZH3|1|Ta"
"NR_4.0_76217.1","8ZHC|1|Ta","8ZHC|1|Ta"
"NR_4.0_73067.3","8ZLU|1|A","8ZLU|1|A,8ZOL|1|A,8ZM3|1|A"
"NR_4.0_45951.1","9HX7|1|B","9HX7|1|B"
"NR_4.0_99347.1","9I05|1|RB+9I05|1|RC","9I05|1|RB+9I05|1|RC"
"NR_4.0_85803.1","9I05|1|RF","9I05|1|RF"
"NR_4.0_50582.1","9I05|1|RN","9I05|1|RN"
"NR_4.0_31794.1","8ZQC|1|B+8ZQC|1|C","8ZQC|1|B+8ZQC|1|C,9IX6|1|B"
"NR_4.0_19917.1","9I05|1|RV+9I05|1|RU","9I05|1|RV+9I05|1|RU"
"NR_4.0_95047.1","8ZTY|1|B","8ZTY|1|B"
"NR_4.0_21193.1","9I0V|1|C","9I0V|1|C,9I0V|1|D"
"NR_4.0_50426.1","9I14|1|A4","9I14|1|A4"
"NR_4.0_60812.2","9I2F|1|D+9I2F|1|G","9I2F|1|D+9I2F|1|G,9I2F|1|E+9I2F|1|H,9I2G|1|D+9I2G|1|G,9I2G|1|F+9I2G|1|I,9I2G|1|E+9I2G|1|H,9I2F|1|F+9I2F|1|I,9S1F|1|F+9S1F|1|I,9S1F|1|D+9S1F|1|G,9S1F|1|E+9S1F|1|H"
"NR_4.0_64348.1","9ASO|1|E","9ASO|1|E"
"NR_4.0_58572.1","9AUR|1|R","9AUR|1|R"
"NR_4.0_01178.4","9AXV|1|AA","9AXV|1|AA,9RVU|1|AA,9AXT|1|AA"
"NR_4.0_24975.1","9I5T|1|B","9I5T|1|B,9I5V|1|B,9I5X|1|B"
"NR_4.0_66671.1","9I9W|1|AAA+9I9W|1|BBB","9I9W|1|AAA+9I9W|1|BBB"
"NR_4.0_59583.1","9AXV|1|S3","9AXV|1|S3"
"NR_4.0_33755.1","9B0L|1|C+9B0L|1|A+9B0L|1|B","9B0L|1|C+9B0L|1|A+9B0L|1|B"
"NR_4.0_88749.1","9IF0|1|AAA+9IF0|1|BBB","9IF0|1|AAA+9IF0|1|BBB"
"NR_4.0_59363.1","9IF7|1|N2+9IF7|1|N6+9IF7|1|LO","9IF7|1|N2+9IF7|1|N6+9IF7|1|LO,9IF8|1|N2+9IF8|1|N6+9IF8|1|LO"
"NR_4.0_95619.1","9IF7|1|N5","9IF7|1|N5,9IF8|1|N5"
"NR_4.0_47917.1","9IF7|1|RN","9IF7|1|RN"
"NR_4.0_06952.1","9IF8|1|UX","9IF8|1|UX"
"NR_4.0_49493.3","9IIZ|1|B+9IIZ|1|C","9IIZ|1|B+9IIZ|1|C,9IJ2|1|B+9IJ2|1|C"
"NR_4.0_05174.1","9IJ0|1|B+9IJ0|1|C","9IJ0|1|B+9IJ0|1|C"
"NR_4.0_14109.1","9B83|1|C","9B83|1|C"
"NR_4.0_42622.80","9NO7|1|B","9NO7|1|B,9DFE|1|1B,8VTW|1|1B,7RQB|1|1B,9D0J|1|1B,9DFC|1|1B,8VTW|1|2B,9MTP|1|1B,8FC6|1|1B,8FC5|1|1B,9MTQ|1|1B,8FC3|1|1B,9MTS|1|1B,8UD7|1|1B,9DFD|1|1B,9D0H|1|1B,9D0I|1|1B,8G2C|1|1B,5FDV|1|1B,9O3K|1|1B,8FC2|1|1B,8FC5|1|2B,8G2A|1|1B,9MTT|1|1B,5FDU|1|1B,8VTY|1|1B,8FC1|1|1B,9D0G|1|1B,8G29|1|1B,7RQB|1|2B,9DFE|1|2B,8VTU|1|1B,8FC6|1|2B,8UD7|1|2B,8VTX|1|1B,7U2J|1|1B,9MTR|1|1B,8FC2|1|2B,8G2A|1|2B,8UD6|1|1B,4Y4O|1|1B,9D7R|1|1B,9DFC|1|2B,8UD8|1|1B,8G2C|1|2B,5DFE|1|YB,5HCQ|1|1B,8T8B|1|1B,8EKB|1|1B,9D7T|1|1B,8G2B|1|1B,6CFL|1|1B,9D7S|1|1B,8G29|1|2B,4Y4O|1|2B,8FC3|1|2B,4WPO|1|AB,8VTV|1|1B,7U2H|1|1B,6CAE|1|1B,8UVS|1|1B,7RQE|1|1B,8VTU|1|2B,9DFD|1|2B,5DFE|1|RB,8VTY|1|2B,9O3J|1|1B,5IBB|1|16,8FC4|1|1B,9MTQ|1|2B,5FDV|1|2B,8UVR|1|1B,9O3H|1|1B,6XHX|1|1B,8T8C|1|1B,5FDU|1|2B,4V8I|1|BB,4WQR|1|16,5E81|1|16,8UD8|1|2B,7RQ8|1|1B,5W4K|1|1B,5IB7|1|16,8VTX|1|2B,9MTP|1|2B,8EV7|1|1B,5IB8|1|16,9O3L|1|1B,6CFK|1|1B,6XHY|1|1B,8VTV|1|2B,7U2J|1|2B,8G2B|1|2B,8UD6|1|2B,5IBB|1|1J,4V95|1|BB,9MTT|1|2B,7RQC|1|1B,6XHX|1|2B,5E81|1|1J,5HCR|1|1B,4Z8C|1|1B,4WSM|1|16,5J4B|1|1B,9MTS|1|2B,8EKB|1|2B,6OF1|1|1B,4WQ1|1|1J,4WQU|1|AB,9O3I|1|1B,4WSM|1|1J,7U2I|1|1B,6XHY|1|2B,4WSD|1|16,7RQE|1|2B,5NDK|1|16,6CFL|1|2B,8T8B|1|2B,8UVR|1|2B,8CVK|1|1B,6XHW|1|1B,5NDK|1|1J,4LNT|1|YB,7MD7|1|1B,4WT1|1|16,4WQ1|1|16,10PX|1|1B,4WZD|1|1J,4W2G|1|BB,5IB7|1|1J,8EV6|1|1B,9MTR|1|2B,6CFJ|1|1B,4W2I|1|BB,5J4C|1|1B,8FC1|1|2B,7RQD|1|1B,5EL7|1|16,6CAE|1|2B,4V8G|1|BB,7U2H|1|2B,5J4B|1|2B,5HD1|1|1B,5HCP|1|1B,5EL6|1|16,6XHV|1|1B,9D0J|1|2B,4WQF|1|AB,6ND5|1|1B,1VY4|1|BB,4V9R|1|BB,8FC4|1|2B,6QNR|1|16,7RQC|1|2B,8UVS|1|2B,4WPO|1|CB,5J8B|1|B,4WT8|1|Cs,4Z3S|1|1B,4Z8C|1|2B,8G2D|1|1B,4V9H|1|BB,8CVJ|1|1B,4LNT|1|RB,4V8D|1|BB,8EV7|1|2B,9B00|1|1B,4V5J|1|DB,5WIS|1|1B,4WQY|1|AB,7AZO|1|5SA,5EL4|1|16,4W2H|1|BB,4WQR|1|1J,6XQD|1|1B,8T8C|1|2B,4WR6|1|16,9O3K|1|2B,5HAU|1|1B,6CFK|1|2B,6FKR|1|1B,6O97|1|1B,8CVK|1|2B,8CVL|1|1B,7RQA|1|1B,5EL6|1|1J,5J4C|1|2B,4V8D|1|DB,6OF1|1|2B,6XHV|1|2B,7RQD|1|2B,4V7M|1|BB,7U2I|1|2B,6QNQ|1|16,4W4G|1|RB,9D7T|1|2B,6XHW|1|2B,4W2F|1|BB,5VP2|1|1B,9D7R|1|2B,4WRA|1|16,5EL7|1|1J,5HAU|1|2B,4WSD|1|1J,5HCQ|1|2B,4ZER|1|1B,1VY7|1|BB,8EV6|1|2B,5V8I|1|1B,7RQ8|1|2B,5IB8|1|1J,5WIT|1|1B,4W4G|1|YB,5W4K|1|2B,1VY5|1|BB,4V6G|1|DB,4YZV|1|YB,9D0I|1|2B,7JQM|1|1B,4V9S|1|BB,7MD7|1|2B,4Y4P|1|1B,6CFJ|1|2B,4WZD|1|16,4WRA|1|1J,6C5L|1|DB,7RQ9|1|1B,5DOY|1|1B,4V8B|1|BB,5NDJ|1|16,4YZV|1|RB,6FKR|1|2B,4W2I|1|DB,5E7K|1|1J,4V9B|1|BB,4WU1|1|16,9B00|1|2B,4V8H|1|BB,8G2D|1|2B,4V8G|1|DB,7RQA|1|2B,8CVJ|1|2B,4V5F|1|BB,4V5F|1|DB,9O3L|1|2B,4ZSN|1|YB,6QNR|1|1J,4WU1|1|1J,9D0G|1|2B,5E7K|1|16,4W2G|1|DB,4WQF|1|CB,4ZSN|1|RB,4LT8|1|YB,5WIS|1|2B,5VPO|1|YB,7JQL|1|1B,8CVL|1|2B,6O97|1|2B,4V8E|1|AB,9O3H|1|2B,4V95|1|DB,4L47|1|YB,4V5R|1|DB,5HD1|1|2B,4V9S|1|DB,9D7S|1|2B,7RQ9|1|2B,5NDJ|1|1J,5EL5|1|16,6ND5|1|2B,4V8A|1|BB,9O3J|1|2B,6XQD|1|2B,4YPB|1|YB,6C5L|1|BB,7AZO|1|5SB,4WT8|1|Ds,5HCR|1|2B,6UO1|1|1B,4TUD|1|RB,4YPB|1|RB,5VP2|1|2B,4W2F|1|DB,4V7J|1|AB,4WQY|1|CB,4Z3S|1|2B,4ZER|1|2B,4V5R|1|BB,4V9R|1|DB,6GZQ|1|B1,4WQU|1|CB,4WR6|1|1J,4TUA|1|YB,6GSK|1|16,7AZS|1|5SA,5EL4|1|1J,1VY6|1|BB,6ND6|1|1B,4V90|1|BB,4V6F|1|DB,4WZO|1|16,4V7J|1|BB,4V9B|1|DB,4L47|1|RB,4WT1|1|1J,4TUC|1|YB,6QNQ|1|1J,5F8K|1|1B,1VY4|1|DB,4V5P|1|BB,4Y4P|1|2B,5DOY|1|2B,5HCP|1|2B,7JQM|1|2B,6UO1|1|2B,4V5Q|1|BB,4V5P|1|DB,9D0H|1|2B,4TUA|1|RB,4V8C|1|AB,4WRO|1|16,4V5E|1|DB,6XQE|1|1B,4P6F|1|YB,7JQL|1|2B,4V5S|1|BB,4V6G|1|BB,4V8H|1|DB,4V5D|1|BB,4LSK|1|YB,4V87|1|AB,4V8I|1|DB,4V8C|1|BB,4W2E|1|B,4V8F|1|AB,4W2H|1|DB,4V5C|1|BB,4TUD|1|YB,1VY5|1|DB,10PX|1|2B,4V5Q|1|DB,4V97|1|DB,4TUE|1|RB,4V8B|1|DB,6ND6|1|2B,4V51|1|BB,5CZP|1|YB,5WIT|1|2B,4V87|1|DB,4V8Q|1|AB,4V5S|1|DB,4LT8|1|RB,4V5J|1|BB,5DOX|1|1B,6CZR|1|1B,6XQE|1|2B,9O3I|1|2B,6N9E|1|2B,6N9F|1|2B,4TUE|1|YB,5V8I|1|2B,4V9I|1|BB,5CZP|1|RB,4V51|1|DB,5ZLU|1|X,4V9A|1|BB,6GSK|1|1J,4V5E|1|BB,6N9F|1|1B,4TUB|1|YB,4V97|1|BB,4TUC|1|RB,7AZS|1|5SB,4V9Q|1|CB,5VPO|1|RB,5EL5|1|1J,1VVJ|1|YB,4V7K|1|AB,4V5D|1|DB,4V7L|1|BB,4V5K|1|BB,5DOX|1|2B,6N9E|1|1B,4V83|1|DB,1VY6|1|DB,4WZO|1|1J,4V5L|1|BB,4V7K|1|BB,5F8K|1|2B,4V8E|1|CB,4WRO|1|1J,4V83|1|BB,1VY7|1|DB,4V9Q|1|AB,7LH5|1|DB,1VVJ|1|RB,4LSK|1|RB,4V7L|1|DB,4P70|1|RB,6Q95|1|3,4V5K|1|DB,4TUB|1|RB,4P70|1|YB,6UCQ|1|1B,4L71|1|YB,6B4V|1|C,4P6F|1|RB,5OT7|1|5,4V6F|1|AB,6UCQ|1|2B,4V8A|1|AB,7LH5|1|BB,8WV1|1|B,8WV1|1|b,6B4V|1|GB,4V9K|1|BB,5D8B|1|AD,4V9I|1|DB,4L71|1|RB,4V9A|1|DB,4V5C|1|DB,4V9K|1|DB,6CZR|1|2B,4V8F|1|DB,4V67|1|BB,4LEL|1|YB,4V7Y|1|BB,5UQ8|1|B,5D8B|1|WC,4LFZ|1|YB,6N1D|1|B5S,4LFZ|1|RB,4V63|1|BB,4V7X|1|BB,4V63|1|DB,4V8J|1|BB,4V4J|1|x,4V7W|1|BB,4V9L|1|BB,4V9M|1|BB,4V7P|1|BB,4V9M|1|DB,4V7P|1|CB,4V84|1|BB,4LEL|1|RB,4V5G|1|BB,4XEJ|1|B5S,4V5G|1|DB,4V9L|1|DB,4V67|1|DB,4V84|1|DB,4V7Y|1|DB,4XEJ|1|A5S,4V7M|1|DB,5UQ7|1|B,6N1D|1|A5S,4V4I|1|x,4V7W|1|DB,4V5A|1|BB,4V7X|1|DB,4V5A|1|DB,4V8J|1|DB,5IMQ|1|E,4V7Z|1|BB,4V7Z|1|DB,4V8O|1|BB,6GSJ|1|16,6GSJ|1|1J,5J4D|1|C,4V6A|1|BB,5J4D|1|HB,4V8U|1|BB,4V8N|1|BB,4V6A|1|DB,4V8X|1|BB,4V8U|1|DB,4V9J|1|BB,4V9J|1|DB,4V9N|1|DB,4V9N|1|BB,4V8X|1|DB,4V8N|1|DB,6GSL|1|16,6GSL|1|1J,6BOK|1|C,6BOK|1|FB,6BOH|1|HB,6BOH|1|C,5VPP|1|YB,5VPP|1|RB,6OTR|1|YB,6ORD|1|RB,6NTA|1|YB,5J3C|1|RB,6ORD|1|YB,6OPE|1|YB,6NTA|1|RB,6OTR|1|RB,5J3C|1|YB,5J30|1|RB,6OPE|1|RB,6BZ6|1|RB,6BZ6|1|YB,6OXA|1|YB,6OJ2|1|YB,6OJ2|1|RB,6NUO|1|RB,6NUO|1|YB,6OXA|1|RB,6OF6|1|RB,6OF6|1|YB,5J30|1|YB,6NSH|1|RB,6NSH|1|YB,8FON|1|YB,8FOM|1|RB,8FOM|1|YB,6OXI|1|YB,6NWY|1|RB,6NWY|1|YB,8FON|1|RB,6OXI|1|RB,6NDK|1|YB,6BZ7|1|RB,6BUW|1|RB,6NDK|1|RB,6BUW|1|YB,6BZ7|1|YB,6BZ8|1|YB,6BZ8|1|RB,6O3M|1|RB,6O3M|1|YB"
"NR_4.0_67460.1","9B89|1|C","9B89|1|C"
"NR_4.0_28231.1","9IMM|1|O","9IMM|1|O"
"NR_4.0_96854.1","9BCU|1|7+9BCU|1|5+9BCU|1|6","9BCU|1|7+9BCU|1|5+9BCU|1|6"
"NR_4.0_73630.1","9IOB|1|B","9IOB|1|B,9IOA|1|H,9IOA|1|B,9IOA|1|D,9IOB|1|L,9IOA|1|F,9IOB|1|F,9IOB|1|J,9IOB|1|H,9IOB|1|D,9VMA|1|G,9VMA|1|L,9VMA|1|J,9VMA|1|K,9VMA|1|H,9VMA|1|I,9VKU|1|H,9VKU|1|E,9VKU|1|G,9VKU|1|F"
"NR_4.0_54953.3","9CAI|1|A5+9CAI|1|A8","9CAI|1|A5+9CAI|1|A8,9BH5|1|A5+9BH5|1|A8"
"NR_4.0_18146.3","9CAI|1|A7","9CAI|1|A7,9BH5|1|A7"
"NR_4.0_31828.3","9CAI|1|B2","9CAI|1|B2,9BH5|1|B2"
"NR_4.0_53342.4","9CAI|1|DA","9CAI|1|DA,9BH5|1|DA,9BH5|1|DB"
"NR_4.0_39609.1","9BLF|1|T+9BLF|1|P","9BLF|1|T+9BLF|1|P"
"NR_4.0_15186.1","9IRF|1|I","9IRF|1|I"
"NR_4.0_62862.1","9BUP|1|mR","9BUP|1|mR"
"NR_4.0_97378.1","9IS7|1|B+9IS7|1|A","9IS7|1|B+9IS7|1|A"
"NR_4.0_45227.2","9BUT|1|S7","9BUT|1|S7,9BUU|1|S7"
"NR_4.0_64361.1","9BUT|1|mR","9BUT|1|mR"
"NR_4.0_02775.1","9C0I|1|R","9C0I|1|R,9C0J|1|R,9LJE|1|B,9LV5|1|R,9LJF|1|B,9LV6|1|R,9LV7|1|R,9LV6|1|D"
"NR_4.0_09681.2","9IZP|1|B+9IZP|1|C+9IZP|1|D","9IZP|1|B+9IZP|1|C+9IZP|1|D,9IZS|1|B+9IZS|1|D+9IZS|1|C,9IZR|1|B+9IZR|1|C+9IZR|1|D,9IZQ|1|B+9IZQ|1|C+9IZQ|1|D"
"NR_4.0_16916.1","9C2K|1|C","9C2K|1|C"
"NR_4.0_78459.2","9J09|1|R+9J09|1|C+9J09|1|D","9J09|1|R+9J09|1|C+9J09|1|D,9UDI|1|R+9UDI|1|C+9UDI|1|D"
"NR_4.0_81928.1","9C3H|1|S4","9C3H|1|S4"
"NR_4.0_36224.1","9J4O|1|A","9J4O|1|A"
"NR_4.0_88423.1","9C68|1|C","9C68|1|C"
"NR_4.0_08425.1","9J6P|1|A+9J6P|1|B","9J6P|1|A+9J6P|1|B"
"NR_4.0_93506.2","9C75|1|R","9C75|1|R,9E7G|1|R"
"NR_4.0_51954.1","9C7A|1|B","9C7A|1|B"
"NR_4.0_32954.1","9CA4|1|E","9CA4|1|E"
"NR_4.0_70092.1","9CDB|1|H","9CDB|1|H"
"NR_4.0_35121.1","9CDB|1|J","9CDB|1|J"
"NR_4.0_99645.1","9CF1|1|W+9CF1|1|N+9CF1|1|T","9CF1|1|W+9CF1|1|N+9CF1|1|T"
"NR_4.0_48141.1","9CF3|1|W+9CF3|1|T+9CF3|1|N","9CF3|1|W+9CF3|1|T+9CF3|1|N"
"NR_4.0_76846.2","9J9H|1|AQ","9J9H|1|AQ,9J9I|1|AQ"
"NR_4.0_92905.1","9JA9|1|A","9JA9|1|A,9JA7|1|A"
"NR_4.0_38806.1","9CM4|1|G","9CM4|1|G,9CM4|1|J"
"NR_4.0_63413.2","9JC8|1|N","9JC8|1|N"
"NR_4.0_41131.1","9CMP|1|T+9CMP|1|G","9CMP|1|T+9CMP|1|G"
"NR_4.0_18795.1","9JFS|1|B+9JFS|1|C+9JFS|1|D","9JFS|1|B+9JFS|1|C+9JFS|1|D,9JG3|1|B+9JG3|1|C+9JG3|1|D"
"NR_4.0_63561.2","9JGM|1|D","9JGM|1|D,9JGM|1|C,9JGM|1|B,9JGM|1|A"
"NR_4.0_09144.1","9CSQ|1|A","9CSQ|1|A"
"NR_4.0_42504.1","9JHB|1|A","9JHB|1|A"
"NR_4.0_12289.1","9CXF|1|A","9CXF|1|A"
"NR_4.0_95580.1","9JHD|1|T","9JHD|1|T"
"NR_4.0_05925.1","9CY7|1|D","9CY7|1|D"
"NR_4.0_27795.1","9JPF|1|G","9JPF|1|G"
"NR_4.0_79006.1","9D9P|1|R","9D9P|1|R"
"NR_4.0_97375.1","9JPH|1|J","9JPH|1|J"
"NR_4.0_97271.2","9DE7|1|A","9DE7|1|A,9DE6|1|A,9DE6|1|B,9DE5|1|B,9DE5|1|E,9DE8|1|A,9DE5|1|C,9DE5|1|D"
"NR_4.0_89383.1","9JSB|1|H","9JSB|1|H"
"NR_4.0_78295.1","9JWK|1|B+9JWK|1|D","9JWK|1|B+9JWK|1|D"
"NR_4.0_77368.1","9JZL|1|R","9JZL|1|R"
"NR_4.0_20317.1","9K1Q|1|G+9K1Q|1|H","9K1Q|1|G+9K1Q|1|H"
"NR_4.0_91056.1","9DEI|1|R","9DEI|1|R,9Z0H|1|R"
"NR_4.0_49653.1","9K1Y|1|G+9K1Y|1|H","9K1Y|1|G+9K1Y|1|H,9K1W|1|G+9K1W|1|H"
"NR_4.0_12146.2","9DID|1|A","9DID|1|A,9DIB|1|A"
"NR_4.0_58413.1","9K2Z|1|B+9K2Z|1|C+9K2Z|1|D","9K2Z|1|B+9K2Z|1|C+9K2Z|1|D"
"NR_4.0_92767.2","9DID|1|B","9DID|1|B,9DIB|1|B"
"NR_4.0_79642.1","9K31|1|B+9K31|1|C+9K31|1|D","9K31|1|B+9K31|1|C+9K31|1|D"
"NR_4.0_57352.2","9DIG|1|A","9DIG|1|A,9DIG|1|B,9DII|1|B,9DII|1|A"
"NR_4.0_61657.1","9K3V|1|Z","9K3V|1|Z"
"NR_4.0_65106.3","9DN4|1|F","9DN4|1|F,9DN4|1|E"
"NR_4.0_20812.1","9DOU|1|R+9DOU|1|B+9DOU|1|T+9DOU|1|P","9DOU|1|R+9DOU|1|B+9DOU|1|T+9DOU|1|P"
"NR_4.0_44975.1","9E16|1|X","9E16|1|X"
"NR_4.0_37869.3","9E71|1|2","9E71|1|2,9E6Q|1|2,9E7F|1|2"
"NR_4.0_46662.1","9K6P|1|B+9K6P|1|C","9K6P|1|B+9K6P|1|C"
"NR_4.0_72790.1","9K6R|1|B+9K6R|1|C","9K6R|1|B+9K6R|1|C"
"NR_4.0_86629.1","9K6T|1|B+9K6T|1|C","9K6T|1|B+9K6T|1|C"
"NR_4.0_49355.1","9K8O|1|D+9K8O|1|C","9K8O|1|D+9K8O|1|C"
"NR_4.0_39007.1","9E75|1|A","9E75|1|A"
"NR_4.0_51636.1","9K8O|1|H+9K8O|1|G","9K8O|1|H+9K8O|1|G"
"NR_4.0_02652.1","9K8P|1|B","9K8P|1|B"
"NR_4.0_21066.1","9E93|1|H+9E93|1|G","9E93|1|H+9E93|1|G,9E93|1|D+9E93|1|C,9E9V|1|D+9E9V|1|C,9E9V|1|H+9E9V|1|G"
"NR_4.0_00554.1","9KBZ|1|C+9KBZ|1|D","9KBZ|1|C+9KBZ|1|D"
"NR_4.0_26257.4","9HCG|1|A","9HCG|1|A,9HCH|1|A,9HCF|1|A,9E9C|1|A"
"NR_4.0_31423.1","9KFX|1|r","9KFX|1|r,9KFX|1|R"
"NR_4.0_44584.4","9HCG|1|B","9HCG|1|B,9HCF|1|B,9HCH|1|B,9E9C|1|B"
"NR_4.0_38948.1","9KGH|1|U","9KGH|1|U,9KGG|1|U"
"NR_4.0_68948.1","9KJ6|1|B+9KJ6|1|C+9KJ6|1|D","9KJ6|1|B+9KJ6|1|C+9KJ6|1|D"
"NR_4.0_45133.1","9E9Q|1|A","9E9Q|1|A,9E9O|1|A"
"NR_4.0_02670.1","9EBV|1|A","9EBV|1|A,9EBV|1|M,9EC4|1|M,9EC4|1|A,9EBP|1|M,9EBP|1|A"
"NR_4.0_20677.1","9KPH|1|B+9KPH|1|A","9KPH|1|B+9KPH|1|A"
"NR_4.0_39269.1","9EBU|1|B","9EBU|1|B"
"NR_4.0_48703.1","9KU4|1|C","9KU4|1|C,9KTW|1|C"
"NR_4.0_53046.1","9EC8|1|B+9EC8|1|C","9EC8|1|B+9EC8|1|C,9ECD|1|B+9ECD|1|C"
"NR_4.0_60716.2","9KWB|1|B","9KWB|1|B,9KWC|1|G"
"NR_4.0_93653.1","9EC9|1|B+9EC9|1|C","9EC9|1|B+9EC9|1|C,9ECB|1|B+9ECB|1|C,9ECA|1|B+9ECA|1|C"
"NR_4.0_39334.1","9KZX|1|zv","9KZX|1|zv"
"NR_4.0_98017.1","9LEE|1|D","9LEE|1|D,9LEE|1|H,9LEE|1|C,9LEE|1|E,9LEE|1|A,9LEE|1|B,9LEE|1|G,9LEE|1|J,9LEC|1|J,9LEE|1|I,9LEE|1|F,9LEM|1|J,9LEM|1|H,9LEM|1|C,9LEM|1|B,9LEM|1|A,9LEM|1|G,9LEM|1|I,9LEM|1|E,9LEM|1|D,9LEM|1|F,9LEL|1|J,9LMF|1|A,9LMF|1|F,9LMF|1|J,9LMF|1|B,9LMF|1|H,9LMF|1|G,9LMF|1|I,9LMF|1|E,9LMF|1|D,9LMF|1|C"
"NR_4.0_37797.1","9ECC|1|C","9ECC|1|C"
"NR_4.0_89924.1","9EHF|1|B+9EHF|1|c+9EHF|1|C+9EHF|1|D","9EHF|1|B+9EHF|1|c+9EHF|1|C+9EHF|1|D,9EHX|1|B+9EHX|1|c+9EHX|1|C+9EHX|1|D,9EHR|1|B+9EHR|1|C+9EHR|1|D,9EHG|1|B+9EHG|1|c+9EHG|1|C+9EHG|1|D,9EHH|1|B+9EHH|1|C+9EHH|1|D,9EHW|1|B+9EHW|1|C+9EHW|1|D"
"NR_4.0_17928.1","9EHO|1|3","9EHO|1|3"
"NR_4.0_34685.1","9EHO|1|7","9EHO|1|7"
"NR_4.0_02051.3","9ENE|1|C","9ENE|1|C,9ENE|1|D"
"NR_4.0_42289.3","9ENF|1|D","9ENF|1|D,9ENF|1|C"
"NR_4.0_84685.3","9GMX|1|T","9GMX|1|T,9ERE|1|T"
"NR_4.0_69281.1","9ERF|1|T","9ERF|1|T"
"NR_4.0_58032.1","9GYT|1|3","9GYT|1|3,9EVS|1|3"
"NR_4.0_13980.1","9EVS|1|6","9EVS|1|6"
"NR_4.0_14383.1","9F0J|1|X+9F0J|1|Z","9F0J|1|X+9F0J|1|Z"
"NR_4.0_58979.2","9L12|1|D+9L12|1|B+9L12|1|C","9L12|1|D+9L12|1|B+9L12|1|C,9L12|1|L+9L12|1|J,9L12|1|H+9L12|1|F"
"NR_4.0_72394.3","9F1D|1|AT","9F1D|1|AT,9F1B|1|AT,9F1C|1|AT"
"NR_4.0_86252.2","9L5R|1|6+9L5R|1|2","9L5R|1|6+9L5R|1|2,9L5S|1|6+9L5S|1|2,9L5T|1|6+9L5T|1|2"
"NR_4.0_77240.1","9F2L|1|X+9F2L|1|Y","9F2L|1|X+9F2L|1|Y"
"NR_4.0_92599.1","9FCO|1|Y","9FCO|1|Y"
"NR_4.0_87365.3","9FHL|1|2","9FHL|1|2,9FRA|1|2,9FSF|1|2,9FY0|1|2,9FS6|1|2,9FRK|1|2,9FRL|1|2,9FS8|1|2"
"NR_4.0_55503.3","9FSF|1|s","9FSF|1|s,9FRA|1|s,9FHL|1|s"
"NR_4.0_19515.1","9L8O|1|C+9L8O|1|D","9L8O|1|C+9L8O|1|D"
"NR_4.0_53805.1","9FI8|1|hD","9FI8|1|hD"
"NR_4.0_58771.1","9FI8|1|hL","9FI8|1|hL"
"NR_4.0_88460.1","9FI8|1|hR","9FI8|1|hR"
"NR_4.0_29188.1","9FIA|1|b1","9FIA|1|b1"
"NR_4.0_14868.1","9FIA|1|bI","9FIA|1|bI"
"NR_4.0_50667.1","9FIA|1|bL","9FIA|1|bL"
"NR_4.0_37673.1","9FIA|1|bQ","9FIA|1|bQ"
"NR_4.0_57603.1","9LCR|1|B+9LCR|1|A","9LCR|1|B+9LCR|1|A"
"NR_4.0_65306.1","9FIA|1|bS","9FIA|1|bS"
"NR_4.0_73231.1","9MEE|1|A+9MEE|1|B+9MEE|1|F+9MEE|1|G+9MEE|1|C+9MEE|1|D+9MEE|1|E","9MEE|1|A+9MEE|1|B+9MEE|1|F+9MEE|1|G+9MEE|1|C+9MEE|1|D+9MEE|1|E,9MEE|1|H+9MEE|1|I+9MEE|1|J+9MEE|1|K+9MEE|1|L+9MEE|1|M+9MEE|1|N,9LHL|1|A+9LHL|1|B+9LHL|1|C+9LHL|1|D+9LHL|1|E+9LHL|1|F+9LHL|1|G,9LHL|1|H+9LHL|1|I+9LHL|1|J+9LHL|1|K+9LHL|1|L+9LHL|1|M+9LHL|1|N,9LHK|1|G"
"NR_4.0_94062.1","9FIA|1|bU","9FIA|1|bU"
"NR_4.0_36433.1","9FIB|1|Y","9FIB|1|Y"
"NR_4.0_72735.3","9FN3|1|B","9FN3|1|B,9FN2|1|A"
"NR_4.0_22241.3","9FN2|1|B","9FN2|1|B,9FN3|1|A"
"NR_4.0_82748.3","9FPZ|1|1","9FPZ|1|1"
"NR_4.0_68723.1","9LJV|1|B","9LJV|1|B,9LJR|1|T"
"NR_4.0_35270.1","9FS6|1|5","9FS6|1|5"
"NR_4.0_27137.1","9LJS|1|B","9LJS|1|B"
"NR_4.0_28134.1","9FSF|1|5","9FSF|1|5"
"NR_4.0_94179.1","9LJU|1|T","9LJU|1|T"
"NR_4.0_61439.1","9LKE|1|A","9LKE|1|A"
"NR_4.0_43202.1","9FY0|1|5","9FY0|1|5"
"NR_4.0_85201.1","9LKV|1|X","9LKV|1|X"
"NR_4.0_74781.1","9FY3|1|9","9FY3|1|9"
"NR_4.0_92223.1","9LM3|1|D","9LM3|1|D"
"NR_4.0_84118.2","9G25|1|4+9G25|1|3","9G25|1|4+9G25|1|3,9G28|1|4+9G28|1|3"
"NR_4.0_22134.1","9LM3|1|L","9LM3|1|L"
"NR_4.0_80456.2","9G30|1|AT","9G30|1|AT,9G30|1|PT"
"NR_4.0_40840.1","9LOV|1|X+9LOV|1|Y","9LOV|1|X+9LOV|1|Y"
"NR_4.0_48588.1","9G44|1|J+9G44|1|K+9G44|1|L","9G44|1|J+9G44|1|K+9G44|1|L"
"NR_4.0_97444.2","9G4Q|1|A","9G4Q|1|A,9G4Q|1|B"
"NR_4.0_43057.1","9G4R|1|A","9G4R|1|A"
"NR_4.0_53789.2","9I05|1|Ra","9I05|1|Ra,9G6K|1|l1"
"NR_4.0_48198.1","9G6K|1|l2","9G6K|1|l2"
"NR_4.0_33644.1","9G6K|1|l8","9G6K|1|l8"
"NR_4.0_50419.1","9G6K|1|lB","9G6K|1|lB"
"NR_4.0_06182.1","9LTT|1|C","9LTT|1|C"
"NR_4.0_26543.1","9G6K|1|lE","9G6K|1|lE"
"NR_4.0_00850.1","9LZU|1|C+9LZU|1|B","9LZU|1|C+9LZU|1|B"
"NR_4.0_19115.1","9M31|1|B","9M31|1|B"
"NR_4.0_02622.3","4GHA|1|I+4GHA|1|J","4GHA|1|I+4GHA|1|J,4LG2|1|I+4LG2|1|J,4LG2|1|E+4LG2|1|F"
"NR_4.0_79459.1","4GKJ|1|X+4GKJ|1|W","4GKJ|1|X+4GKJ|1|W"
"NR_4.0_33620.1","4GKK|1|X","4GKK|1|X"
"NR_4.0_05822.1","9W3W|1|4","9W3W|1|4"
"NR_4.0_85566.3","4GV6|1|C+4GV6|1|B","4GV6|1|C+4GV6|1|B,4GV3|1|C+4GV3|1|B,4GV9|1|F+4GV9|1|E"
"NR_4.0_24084.1","9W8V|1|P+9W8V|1|T+9W8V|1|N","9W8V|1|P+9W8V|1|T+9W8V|1|N,9W8U|1|P+9W8U|1|T+9W8U|1|N,9W8W|1|P+9W8W|1|T+9W8W|1|N"
"NR_4.0_99716.2","6ASX|1|R+6ASX|1|A+6ASX|1|B","6ASX|1|R+6ASX|1|A+6ASX|1|B,4GZY|1|R+4GZY|1|T+4GZY|1|N"
"NR_4.0_79189.2","4K4Y|1|J+4K4Y|1|K+4K4Y|1|L","4K4Y|1|J+4K4Y|1|K+4K4Y|1|L,4K4Y|1|F+4K4Y|1|G+4K4Y|1|H,4K4Y|1|B+4K4Y|1|C,4K4Y|1|N+4K4Y|1|O"
"NR_4.0_08724.3","4H5O|1|L","4H5O|1|L,4H5O|1|K"
"NR_4.0_46480.1","9WMH|1|C+9WMH|1|B","9WMH|1|C+9WMH|1|B"
"NR_4.0_00747.3","4H5P|1|F","4H5P|1|F,4H5P|1|E"
"NR_4.0_78245.3","4K50|1|B+4K50|1|C","4K50|1|B+4K50|1|C,4K50|1|J+4K50|1|K,4K50|1|N+4K50|1|O,4K50|1|F+4K50|1|G"
"NR_4.0_42708.1","9WN8|1|G","9WN8|1|G"
"NR_4.0_40103.1","4HKQ|1|E+4HKQ|1|F","4HKQ|1|E+4HKQ|1|F"
"NR_4.0_96945.1","9WXI|1|A+9WXI|1|E","9WXI|1|A+9WXI|1|E"
"NR_4.0_65232.1","4HOS|1|X","4HOS|1|X"
"NR_4.0_72481.3","4KJI|1|C","4KJI|1|C,4KJI|1|D"
"NR_4.0_91350.1","9X4H|1|T","9X4H|1|T"
"NR_4.0_73115.3","4HT9|1|D","4HT9|1|D,4HT8|1|I,4HT8|1|K"
"NR_4.0_78931.1","4KNQ|1|B","4KNQ|1|B"
"NR_4.0_35479.1","4KQY|1|A","4KQY|1|A"
"NR_4.0_12719.3","4IFD|1|R","4IFD|1|R,5C0X|1|R"
"NR_4.0_12417.1","9XD6|1|C","9XD6|1|C,9XE9|1|E,9XE6|1|E,9XE7|1|E,9XEC|1|E"
"NR_4.0_30288.1","4IG8|1|B+4IG8|1|C","4IG8|1|B+4IG8|1|C"
"NR_4.0_61818.3","4IJS|1|E","4IJS|1|E,4IJS|1|G,4IJS|1|F"
"NR_4.0_53766.1","4KR6|1|D","4KR6|1|D"
"NR_4.0_31263.3","4ILL|1|R","4ILL|1|R,4ILL|1|C"
"NR_4.0_41594.3","4ILM|1|K","4ILM|1|K,4ILM|1|R,4ILM|1|E,4ILM|1|M,4ILM|1|G,4ILM|1|I,4ILM|1|C,4ILM|1|O"
"NR_4.0_98585.3","4KRF|1|R","4KRF|1|R,8R3Z|1|B"
"NR_4.0_45345.1","9XE9|1|F","9XE9|1|F,9XEC|1|F"
"NR_4.0_33413.1","4KTG|1|B+4KTG|1|E","4KTG|1|B+4KTG|1|E"
"NR_4.0_30136.1","9XEC|1|C+9XEC|1|D","9XEC|1|C+9XEC|1|D"
"NR_4.0_41718.1","4KYY|1|A+4KYY|1|B","4KYY|1|A+4KYY|1|B"
"NR_4.0_89801.1","9XYI|1|D","9XYI|1|D"
"NR_4.0_27557.4","4KZD|1|R","4KZD|1|R,6B14|1|R,6B3K|1|R,4KZE|1|R,4Q9Q|1|R,4Q9R|1|R"
"NR_4.0_83898.1","9XZR|1|A","9XZR|1|A,9XZQ|1|A,9XZS|1|A"
"NR_4.0_87746.3","4IQS|1|C+4IQS|1|D","4IQS|1|C+4IQS|1|D,4IQS|1|A+4IQS|1|B,4IQS|1|E,4IQS|1|F"
"NR_4.0_15208.1","9Y79|1|7","9Y79|1|7"
"NR_4.0_28720.1","4J1G|1|E","4J1G|1|E"
"NR_4.0_97014.3","7MSH|1|z","7MSH|1|z,4V97|1|CX,4L71|1|XX,5D8B|1|HD,5D8B|1|GD,4L71|1|QX,4V5K|1|AX,4V8X|1|AX,6NDK|1|XX,6NDK|1|QX,6BZ8|1|XX"
"NR_4.0_86833.1","9YBN|1|C","9YBN|1|C"
"NR_4.0_95404.1","9YCO|1|C","9YCO|1|C,9YCN|1|C,9YCM|1|C,9YCM|1|F"
"NR_4.0_96423.1","9YD4|1|A+9YD4|1|B","9YD4|1|A+9YD4|1|B"
"NR_4.0_23121.1","9YDK|1|A","9YDK|1|A"
"NR_4.0_86191.1","9YFN|1|J","9YFN|1|J"
"NR_4.0_21476.1","9YLU|1|I","9YLU|1|I"
"NR_4.0_00135.1","9YXB|1|S8","9YXB|1|S8"
"NR_4.0_25790.1","9YXV|1|B","9YXV|1|B"
"NR_4.0_60255.1","4LMZ|1|B","4LMZ|1|B"
"NR_4.0_03605.1","9Z2O|1|B","9Z2O|1|B,9Z2T|1|B"
"NR_4.0_00908.1","9Z2P|1|B","9Z2P|1|B"
"NR_4.0_21239.1","9Z2W|1|B","9Z2W|1|B"
"NR_4.0_48214.1","9Z6Y|1|V+9Z6Y|1|f","9Z6Y|1|V+9Z6Y|1|f,9Z6Y|1|T+9Z6Y|1|b,9Z6Y|1|U+9Z6Y|1|d,9Z6Y|1|W+9Z6Y|1|h,9Z6Y|1|R+9Z6Y|1|X,9Z6Y|1|S+9Z6Y|1|Z,9Z6Z|1|W,9Z6Z|1|R,9Z6Z|1|U,9Z6Z|1|V,9Z6Z|1|T,9Z6Z|1|S"
"NR_4.0_55785.3","4M59|1|C","4M59|1|C,4OE1|1|C"
"NR_4.0_27182.3","4M59|1|D","4M59|1|D,4OE1|1|D"
"NR_4.0_22632.3","4M6D|1|H","4M6D|1|H,4M6D|1|F,4M6D|1|J,4M6D|1|D,4M6D|1|B,4M6D|1|L"
"NR_4.0_17764.3","4M7A|1|P","4M7A|1|P,4M7A|1|O"
"NR_4.0_85369.1","9Z7Q|1|N","9Z7Q|1|N"
"NR_4.0_42085.3","4M7D|1|P","4M7D|1|P,4M7D|1|O"
"NR_4.0_30703.1","9NZT|1|E+9NZT|1|C+9NZT|1|D","9NZT|1|E+9NZT|1|C+9NZT|1|D,9NZS|1|E+9NZS|1|C+9NZS|1|D,9NZQ|1|E+9NZQ|1|C+9NZQ|1|D"
"NR_4.0_69766.3","4MCF|1|D+4MCF|1|C","4MCF|1|D+4MCF|1|C,4MCF|1|B+4MCF|1|A,4MCE|1|B+4MCE|1|A,4MCF|1|H+4MCF|1|G,4MCF|1|F+4MCF|1|E,4MCE|1|D+4MCE|1|C"
"NR_4.0_80423.1","4MDX|1|C","4MDX|1|C"
"NR_4.0_33297.1","9O47|1|B","9O47|1|B,9O47|1|A"
"NR_4.0_40111.1","9ZNF|1|8","9ZNF|1|8,9ZNG|1|8"
"NR_4.0_31699.6","9OWM|1|C","9OWM|1|C,9OWL|1|C,4MGN|1|B,9OWV|1|C,4MGN|1|D,4MGM|1|B,4MGM|1|A"
"NR_4.0_91738.1","9O7T|1|G","9O7T|1|G"
"NR_4.0_56052.1","9ZQ6|1|C","9ZQ6|1|C"
"NR_4.0_92803.1","9OBD|1|B","9OBD|1|B,9OBE|1|B"
"NR_4.0_96667.1","9ZTL|1|5","9ZTL|1|5"
"NR_4.0_39717.1","9OGY|1|A","9OGY|1|A"
"NR_4.0_99301.1","9ZY0|1|D+9ZY0|1|E","9ZY0|1|D+9ZY0|1|E,9ZY1|1|D+9ZY1|1|E"
"NR_4.0_50868.1","9ZZY|1|AE","9ZZY|1|AE"
"NR_4.0_84152.1","9OJV|1|E+9OJV|1|F","9OJV|1|E+9OJV|1|F"
"NR_4.0_45527.1","4N2Q|1|B","4N2Q|1|B"
"NR_4.0_25591.1","9OKT|1|A","9OKT|1|A"
"NR_4.0_98303.3","4N48|1|D","4N48|1|D,4N48|1|G"
"NR_4.0_36432.1","9OKV|1|A","9OKV|1|A"
"NR_4.0_47933.3","4NGD|1|B","4NGD|1|B,4NGB|1|B"
"NR_4.0_28037.1","9OKX|1|A","9OKX|1|A"
"NR_4.0_35969.1","4NGC|1|B","4NGC|1|B"
"NR_4.0_46960.1","9OKZ|1|A+9OKZ|1|B","9OKZ|1|A+9OKZ|1|B"
"NR_4.0_78367.1","9OKZ|1|E+9OKZ|1|F","9OKZ|1|E+9OKZ|1|F"
"NR_4.0_73378.1","4NH3|1|B","4NH3|1|B"
"NR_4.0_94016.1","9OL1|1|A","9OL1|1|A"
"NR_4.0_33125.1","4NH6|1|B","4NH6|1|B"
"NR_4.0_11458.4","4O26|1|E","4O26|1|E,4O26|1|F"
"NR_4.0_07969.2","4O41|1|C+4O41|1|D","4O41|1|C+4O41|1|D,4O41|1|A+4O41|1|B"
"NR_4.0_41964.3","4O8J|1|D","4O8J|1|D,4O8J|1|E"
"NR_4.0_18172.1","9PG8|1|Ay","9PG8|1|Ay,9PGM|1|Ay,9PS7|1|Ay,9PGI|1|Ay,9PSI|1|Ay,9OLF|1|Ay"
"NR_4.0_49228.1","4OAV|1|A","4OAV|1|A"
"NR_4.0_65789.4","6N6F|1|D","6N6F|1|D,7MPN|1|B,7MPN|1|N,7MPN|1|J,7MPN|1|P,4OHY|1|B,7MPN|1|H,7MPN|1|L,7MPN|1|D,7MPN|1|F,4OI1|1|B,4OI0|1|B"
"NR_4.0_33581.1","9OM4|1|K+9OM4|1|L","9OM4|1|K+9OM4|1|L,9OM4|1|C+9OM4|1|D,9OM4|1|G+9OM4|1|H,9OM4|1|O+9OM4|1|P"
"NR_4.0_89824.1","9OND|1|D","9OND|1|D"
"NR_4.0_71097.1","9OQB|1|C","9OQB|1|C"
"NR_4.0_57689.1","9OXE|1|E","9OXE|1|E"
"NR_4.0_07579.1","4OHZ|1|B","4OHZ|1|B"
"NR_4.0_25886.1","9OZ9|1|A","9OZ9|1|A,9OZZ|1|A,9P0E|1|A,9OZN|1|A"
"NR_4.0_70732.2","4OL8|1|G+4OL8|1|H","4OL8|1|G+4OL8|1|H,4OL8|1|C+4OL8|1|D"
"NR_4.0_42877.3","4OLA|1|B","4OLA|1|B,4OLB|1|B"
"NR_4.0_20296.2","9P6P|1|E","9P6P|1|E,9P6P|1|G"
"NR_4.0_91564.1","4OO1|1|S","4OO1|1|S"
"NR_4.0_12478.1","9P6Z|1|Zt","9P6Z|1|Zt,9P7O|1|Zt,9P7I|1|Zt,9P7X|1|Zt,9P7G|1|Zt,9P8I|1|Zt,9P7N|1|Zt,9P79|1|Zt"
"NR_4.0_90201.1","9P8H|1|AP","9P8H|1|AP"
"NR_4.0_39409.1","9PFS|1|T+9PFS|1|P","9PFS|1|T+9PFS|1|P,9PFR|1|T+9PFR|1|P,9PFT|1|T+9PFT|1|P,9PFU|1|T+9PFU|1|P"
"NR_4.0_36772.1","9PG8|1|n","9PG8|1|n"
"NR_4.0_44686.1","9PMM|1|B","9PMM|1|B"
"NR_4.0_88086.1","9PQW|1|B","9PQW|1|B"
"NR_4.0_74526.1","9PSB|1|B","9PSB|1|B"
"NR_4.0_17727.1","9PTG|1|B","9PTG|1|B"
"NR_4.0_59693.1","9PZ0|1|T+9PZ0|1|P","9PZ0|1|T+9PZ0|1|P,9PYZ|1|T+9PYZ|1|P,9PYW|1|T+9PYW|1|P"
"NR_4.0_45443.1","9Q1Q|1|1","9Q1Q|1|1"
"NR_4.0_41568.1","9Q2M|1|1","9Q2M|1|1"
"NR_4.0_16703.1","9Q2P|1|2","9Q2P|1|2,9Q2P|1|3,9Q2M|1|ET"
"NR_4.0_07983.1","9Q2P|1|1","9Q2P|1|1"
"NR_4.0_41722.1","9Q3C|1|C+9Q3C|1|D","9Q3C|1|C+9Q3C|1|D,9Q3C|1|A+9Q3C|1|B,9Q3C|1|K+9Q3C|1|L,9Q3C|1|I+9Q3C|1|J,9Q3C|1|G+9Q3C|1|H,9Q3C|1|E+9Q3C|1|F,9Q3C|1|M+9Q3C|1|N"
"NR_4.0_91105.1","4OOG|1|D","4OOG|1|D"
"NR_4.0_26059.1","4P3U|1|C+4P3U|1|D","4P3U|1|C+4P3U|1|D"
"NR_4.0_86266.1","4P8Z|1|A","4P8Z|1|A"
"NR_4.0_05057.1","9Q3Q|1|w","9Q3Q|1|w"
"NR_4.0_58503.1","9Q42|1|v","9Q42|1|v,9Q43|1|v,9Q40|1|v"
"NR_4.0_33558.3","4PCO|1|A+4PCO|1|B","4PCO|1|A+4PCO|1|B,4PCO|1|C+4PCO|1|D,4PCO|1|E"
"NR_4.0_84244.1","9Q7Q|1|4","9Q7Q|1|4"
"NR_4.0_81876.1","9QDQ|1|D","9QDQ|1|D"
"NR_4.0_35024.1","4PDQ|1|A+4PDQ|1|B","4PDQ|1|A+4PDQ|1|B"
"NR_4.0_39107.2","9QEG|1|8","9QEG|1|8,9QEH|1|8"
"NR_4.0_51510.1","9QEH|1|11","9QEH|1|11"
"NR_4.0_18570.2","5K77|1|X","5K77|1|X,5K77|1|V,5K77|1|Y,5K77|1|Z,5K77|1|W,4PEI|1|V,4PEI|1|X,4PEI|1|W,4PEI|1|Z,4PEI|1|Y"
"NR_4.0_99683.3","9QQP|1|Bv","9QQP|1|Bv,9QOH|1|Bv,9QWT|1|Bv,9QQL|1|Bv,9QOH|1|n2,9QQL|1|n2,9QZP|1|Bv,9QZP|1|Bz,9QZP|1|n2"
"NR_4.0_02574.1","4PHY|1|A+4PHY|1|B","4PHY|1|A+4PHY|1|B"
"NR_4.0_03453.1","9QS9|1|G","9QS9|1|G,9QS9|1|K"
"NR_4.0_37008.3","4PLX|1|A","4PLX|1|A,4PLX|1|B,4PLX|1|C"
"NR_4.0_31962.1","9QS9|1|J","9QS9|1|J"
"NR_4.0_77705.1","9QSJ|1|Y","9QSJ|1|Y,9SRO|1|Y"
"NR_4.0_13685.3","4PMW|1|D","4PMW|1|D,4PMW|1|C"
"NR_4.0_60465.1","9QT5|1|1","9QT5|1|1"
"NR_4.0_76193.2","4PQU|1|T+4PQU|1|P","4PQU|1|T+4PQU|1|P,4PQU|1|E+4PQU|1|F,4PUO|1|T+4PUO|1|P,4PUO|1|E+4PUO|1|F"
"NR_4.0_97229.1","9QWN|1|D","9QWN|1|D"
"NR_4.0_65873.1","9QZP|1|Bx","9QZP|1|Bx"
"NR_4.0_72021.1","4PQV|1|A","4PQV|1|A"
"NR_4.0_41176.1","9R9O|1|6","9R9O|1|6,9R9P|1|6"
"NR_4.0_03404.2","4PWD|1|T+4PWD|1|P","4PWD|1|T+4PWD|1|P,4PWD|1|E+4PWD|1|F"
"NR_4.0_34144.1","9RAG|1|T+9RAG|1|M","9RAG|1|T+9RAG|1|M,9RAF|1|T+9RAF|1|M"
"NR_4.0_14882.1","4PY5|1|B+4PY5|1|C","4PY5|1|B+4PY5|1|C"
"NR_4.0_16481.1","9RHU|1|K1","9RHU|1|K1"
"NR_4.0_19645.3","4QI2|1|G","4QI2|1|G,4QI2|1|F,4QI2|1|E,4QI2|1|H"
"NR_4.0_57424.1","9RPV|1|B4","9RPV|1|B4"
"NR_4.0_13250.1","4QIK|1|C+4QIK|1|D","4QIK|1|C+4QIK|1|D"
"NR_4.0_04820.1","9RU6|1|Aw","9RU6|1|Aw"
"NR_4.0_46476.1","9RUC|1|S6","9RUC|1|S6"
"NR_4.0_96704.1","9RVP|1|B","9RVP|1|B"
"NR_4.0_94866.4","6N5P|1|A","6N5P|1|A,6N5Q|1|A,6WTR|1|A,4QK8|1|A,6N5T|1|A,6N5K|1|A,4QKA|1|A,6N5N|1|A,6N5S|1|A,6N5O|1|A,6WTL|1|A"
"NR_4.0_53735.3","4QLM|1|A","4QLM|1|A,4QLN|1|A"
"NR_4.0_75344.3","4QM6|1|D","4QM6|1|D,4QM6|1|C"
"NR_4.0_18913.1","4QPX|1|P+4QPX|1|T","4QPX|1|P+4QPX|1|T"
"NR_4.0_64059.1","9RWZ|1|T+9RWZ|1|G","9RWZ|1|T+9RWZ|1|G"
"NR_4.0_22602.3","4QU7|1|X","4QU7|1|X,4QU7|1|V,4QU7|1|U"
"NR_4.0_78427.1","9S2F|1|IN","9S2F|1|IN"
"NR_4.0_78430.1","4QVD|1|H","4QVD|1|H"
"NR_4.0_48519.1","9SHP|1|C","9SHP|1|C"
"NR_4.0_06087.1","9SPI|1|At","9SPI|1|At,9SPF|1|At"
"NR_4.0_49592.1","9SPF|1|Mr","9SPF|1|Mr"
"NR_4.0_36496.1","9SUM|1|B","9SUM|1|B,9SPJ|1|B,9T7T|1|B"
"NR_4.0_37825.1","9SRE|1|1","9SRE|1|1,9T7H|1|1,9SRD|1|1,9SRC|1|1,9SRB|1|1,9SRA|1|1"
"NR_4.0_44974.1","9SRE|1|3","9SRE|1|3,9SRD|1|3,9T7H|1|3,9SRC|1|3,9SRB|1|3,9SRA|1|3"
"NR_4.0_37770.1","9SRA|1|sd","9SRA|1|sd"
"NR_4.0_73255.3","485D|1|A+485D|1|B","485D|1|A+485D|1|B,6IBQ|1|A+6IBQ|1|B"
"NR_4.0_49728.1","9SUM|1|1","9SUM|1|1"
"NR_4.0_92005.3","4A2X|1|L+4A2X|1|M","4A2X|1|L+4A2X|1|M,4A2X|1|N+4A2X|1|O"
"NR_4.0_72666.1","9SWN|1|B","9SWN|1|B,9SWO|1|B"
"NR_4.0_28969.3","4A36|1|R+4A36|1|S","4A36|1|R+4A36|1|S,4A36|1|T+4A36|1|U"
"NR_4.0_62773.1","9SYR|1|S3","9SYR|1|S3"
"NR_4.0_06402.3","4AL5|1|B","4AL5|1|B,4AL7|1|B"
"NR_4.0_29844.1","9T0Z|1|A","9T0Z|1|A,9T61|1|A,9TZE|1|A"
"NR_4.0_72182.3","4AM3|1|E","4AM3|1|E,4AM3|1|D,4AM3|1|H,4AM3|1|I"
"NR_4.0_31572.1","9T56|1|E+9T56|1|G+9T56|1|H","9T56|1|E+9T56|1|G+9T56|1|H"
"NR_4.0_11428.3","4ANG|1|R","4ANG|1|R,4ANG|1|S"
"NR_4.0_25958.1","9T5C|1|B","9T5C|1|B"
"NR_4.0_29205.1","4AOB|1|A","4AOB|1|A"
"NR_4.0_43251.1","4AY2|1|C","4AY2|1|C"
"NR_4.0_14977.1","4B3G|1|H","4B3G|1|H"
"NR_4.0_80597.1","9T5L|1|B","9T5L|1|B"
"NR_4.0_77057.1","4BHH|1|R","4BHH|1|R"
"NR_4.0_29445.1","9T74|1|A","9T74|1|A"
"NR_4.0_76411.1","9T7T|1|2","9T7T|1|2"
"NR_4.0_03912.1","9T99|1|S","9T99|1|S"
"NR_4.0_88148.1","9TCA|1|D+9TCA|1|C","9TCA|1|D+9TCA|1|C"
"NR_4.0_62470.1","9TCG|1|D+9TCG|1|C","9TCG|1|D+9TCG|1|C"
"NR_4.0_92586.1","9TI7|1|b","9TI7|1|b"
"NR_4.0_34108.1","9TKV|1|R","9TKV|1|R,9TL1|1|R"
"NR_4.0_75733.1","9TM6|1|R","9TM6|1|R"
"NR_4.0_85912.1","4BWM|1|G+4BWM|1|B","4BWM|1|G+4BWM|1|B"
"NR_4.0_06157.1","9TV2|1|S6","9TV2|1|S6,9TT7|1|S6"
"NR_4.0_82100.1","9TZ5|1|a","9TZ5|1|a,9TZ9|1|a,9TZE|1|a"
"NR_4.0_18412.2","9U48|1|B","9U48|1|B,9U47|1|B"
"NR_4.0_63444.1","9U5P|1|R","9U5P|1|R,9U5Q|1|R,9U5R|1|R,9WB4|1|R,9WB3|1|R"
"NR_4.0_39234.1","9UBM|1|X","9UBM|1|X"
"NR_4.0_46297.1","9UBO|1|X","9UBO|1|X"
"NR_4.0_34615.1","9UBO|1|Z","9UBO|1|Z"
"NR_4.0_86603.1","9UIE|1|A","9UIE|1|A"
"NR_4.0_87190.1","9UMZ|1|K","9UMZ|1|K"
"NR_4.0_31288.1","4C8Y|1|C","4C8Y|1|C"
"NR_4.0_69491.1","9V1I|1|lA+9V1I|1|lB","9V1I|1|lA+9V1I|1|lB,9V1L|1|lA+9V1L|1|lB,9V25|1|lA+9V25|1|lB,9V21|1|lA+9V21|1|lB,9V24|1|lA+9V24|1|lB,9V26|1|lA+9V26|1|lB"
"NR_4.0_88374.3","4C9D|1|D","4C9D|1|D,4C9D|1|C"
"NR_4.0_24610.5","6GAW|1|BA","6GAW|1|BA,7NSH|1|BA,6GB2|1|BA,4V19|1|A,8OIQ|1|B8,7NQL|1|BA,7NQH|1|BA,8OIN|1|B8,5AJ4|1|BA,7NSJ|1|BA"
"NR_4.0_14452.1","9V1I|1|lC","9V1I|1|lC,9V25|1|lC,9V1L|1|lC,9V21|1|lC,9V24|1|lC,9V26|1|lC"
"NR_4.0_03659.2","9V1J|1|sH","9V1J|1|sH,9V21|1|sH,9V1L|1|sH"
"NR_4.0_36481.3","4CSF|1|u","4CSF|1|u,4CSF|1|q,4CSF|1|g,4CSF|1|m,4CSF|1|k,4CSF|1|a,4CSF|1|i,4CSF|1|s,4CSF|1|c,4CSF|1|w,4CSF|1|o,4CSF|1|e"
"NR_4.0_68928.3","4D25|1|D","4D25|1|D,4D26|1|D"
"NR_4.0_70996.2","4DB2|1|E+4DB2|1|F","4DB2|1|E+4DB2|1|F,4DB2|1|I+4DB2|1|J"
"NR_4.0_99359.1","4DB2|1|G+4DB2|1|H","4DB2|1|G+4DB2|1|H"
"NR_4.0_11182.1","4DB4|1|E+4DB4|1|F","4DB4|1|E+4DB4|1|F"
"NR_4.0_89451.1","9V25|1|sI","9V25|1|sI"
"NR_4.0_90439.1","4DR6|1|a","4DR6|1|a"
"NR_4.0_45695.1","9V44|1|F+9V44|1|E","9V44|1|F+9V44|1|E"
"NR_4.0_42151.1","4DR7|1|a","4DR7|1|a"
"NR_4.0_88706.3","4JAH|1|A+4JAH|1|B","4JAH|1|A+4JAH|1|B,4JAH|1|C+4JAH|1|D,4JAH|1|E+4JAH|1|F"
"NR_4.0_85692.1","9V46|1|F","9V46|1|F"
"NR_4.0_22605.1","4DWA|1|D","4DWA|1|D"
"NR_4.0_40086.3","4JGN|1|E","4JGN|1|E,4JK0|1|B"
"NR_4.0_54538.1","4JIY|1|A","4JIY|1|A"
"NR_4.0_26186.3","4JRC|1|B","4JRC|1|B,4JRC|1|A"
"NR_4.0_44873.1","9X6B|1|B","9X6B|1|B,9V7O|1|B+9V7O|1|D,9V7N|1|B+9V7N|1|D,9V7P|1|B,9V7Q|1|B"
"NR_4.0_17037.2","4E59|1|A+4E59|1|B","4E59|1|A+4E59|1|B,4E58|1|E+4E58|1|C+4E58|1|D"
"NR_4.0_09810.3","4JRD|1|B","4JRD|1|B,4JRD|1|A,5VXQ|1|B,5VXQ|1|A"
"NR_4.0_70790.1","4E5C|1|A+4E5C|1|B","4E5C|1|A+4E5C|1|B"
"NR_4.0_33685.1","4E6B|1|E+4E6B|1|F","4E6B|1|E+4E6B|1|F"
"NR_4.0_17580.1","4JRT|1|A+4JRT|1|B","4JRT|1|A+4JRT|1|B"
"NR_4.0_50754.1","4E7A|1|P+4E7A|1|T","4E7A|1|P+4E7A|1|T"
"NR_4.0_84044.1","9VHE|1|H","9VHE|1|H"
"NR_4.0_11173.1","4JVH|1|D","4JVH|1|D"
"NR_4.0_48927.3","4EYA|1|m+4EYA|1|n","4EYA|1|m+4EYA|1|n,4EYA|1|a+4EYA|1|b"
"NR_4.0_55687.1","9VSN|1|A+9VSN|1|B","9VSN|1|A+9VSN|1|B"
"NR_4.0_29418.2","4EYA|1|c","4EYA|1|c,4EYA|1|o"
"NR_4.0_10296.2","4EYA|1|p","4EYA|1|p,4EYA|1|d"
"NR_4.0_51071.1","4JYA|1|Y","4JYA|1|Y"
"NR_4.0_95646.1","9VTJ|1|12","9VTJ|1|12,9VTI|1|12,9VTG|1|12"
"NR_4.0_15820.3","4EYA|1|e+4EYA|1|f","4EYA|1|e+4EYA|1|f,4EYA|1|q+4EYA|1|r"
"NR_4.0_13759.3","4EYA|1|g+4EYA|1|h","4EYA|1|g+4EYA|1|h,4EYA|1|s+4EYA|1|t"
"NR_4.0_58977.3","4EYA|1|k+4EYA|1|l","4EYA|1|k+4EYA|1|l,4EYA|1|i+4EYA|1|j"
"NR_4.0_13330.1","9VTI|1|11","9VTI|1|11"
"NR_4.0_68289.3","4F02|1|B","4F02|1|B,4F02|1|E"
"NR_4.0_29401.3","4F1N|1|F","4F1N|1|F,4F1N|1|E"
"NR_4.0_26582.1","4K27|1|U","4K27|1|U"
"NR_4.0_88876.1","9VUN|1|A+9VUN|1|B","9VUN|1|A+9VUN|1|B"
"NR_4.0_52610.3","4PCJ|1|A","4PCJ|1|A,4FNJ|1|A"
"NR_4.0_72717.2","4K4S|1|F+4K4S|1|G","4K4S|1|F+4K4S|1|G,4K4S|1|B+4K4S|1|C,4K4T|1|B+4K4T|1|C,4K4T|1|F+4K4T|1|G"
"NR_4.0_20759.1","9VX1|1|Z","9VX1|1|Z,9VX1|1|a"
"NR_4.0_01779.3","4FRG|1|B","4FRG|1|B,4FRG|1|X"
"NR_4.0_89149.1","9W02|1|C+9W02|1|D","9W02|1|C+9W02|1|D"
"NR_4.0_95082.3","4FRN|1|B","4FRN|1|B,4FRN|1|A"
"NR_4.0_05015.2","4K4U|1|B+4K4U|1|C","4K4U|1|B+4K4U|1|C,4K4U|1|F+4K4U|1|G"
"NR_4.0_53774.1","9W0N|1|4+9W0N|1|8+9W0N|1|9","9W0N|1|4+9W0N|1|8+9W0N|1|9"
"NR_4.0_39301.1","4FSJ|1|R","4FSJ|1|R"
"NR_4.0_81013.1","4K4U|1|D","4K4U|1|D"
"NR_4.0_99371.3","4FTS|1|R","4FTS|1|R,4FTE|1|R"
"NR_4.0_97154.2","4K4V|1|B+4K4V|1|C","4K4V|1|B+4K4V|1|C,4K4V|1|F+4K4V|1|G"
"NR_4.0_05128.1","4FVU|1|B+4FVU|1|C","4FVU|1|B+4FVU|1|C"
"NR_4.0_67574.3","5F8N|1|B+5F8N|1|C","5F8N|1|B+5F8N|1|C,4K4W|1|B+4K4W|1|C,6LSE|1|B+6LSE|1|C,5F8M|1|B+5F8M|1|C,4K4W|1|F+4K4W|1|G,5F8L|1|B+5F8L|1|C,6LSF|1|B+6LSF|1|C"
"NR_4.0_24630.1","4G0A|1|F","4G0A|1|F"
"NR_4.0_47227.1","4G0A|1|H","4G0A|1|H"
"NR_4.0_98947.1","9W2K|1|I+9W2K|1|F","9W2K|1|I+9W2K|1|F"
"NR_4.0_80595.3","1YLS|1|B+1YLS|1|A","1YLS|1|B+1YLS|1|A,1YLS|1|D+1YLS|1|C,1YKV|1|B+1YKV|1|A,1YKV|1|D+1YKV|1|C,1YKQ|1|D+1YKQ|1|C,1YKQ|1|B+1YKQ|1|A"
"NR_4.0_54761.3","4V5G|1|AY","4V5G|1|AY,4V5G|1|CY"
"NR_4.0_46764.1","4V5K|1|CX","4V5K|1|CX"
"NR_4.0_51779.6","1Z79|1|A+1Z79|1|B","1Z79|1|A+1Z79|1|B,1YRM|1|A+1YRM|1|B,1Z7F|1|A,1YY0|1|A+1YY0|1|B,1Z79|1|C,1YRM|1|C,1YY0|1|C,405D|1|A+405D|1|B"
"NR_4.0_92975.3","6N6G|1|D","6N6G|1|D,4X4T|1|H,4X4N|1|I,4X4R|1|H"
"NR_4.0_49730.3","4X4V|1|B","4X4V|1|B,4X4V|1|D,4X4U|1|B,4X4U|1|D"
"NR_4.0_45851.3","1YTU|1|C+1YTU|1|D","1YTU|1|C+1YTU|1|D,1YTU|1|E+1YTU|1|F"
"NR_4.0_72030.3","1ZH5|1|C+1ZH5|1|D","1ZH5|1|C+1ZH5|1|D,1YTY|1|C+1YTY|1|D"
"NR_4.0_33059.1","4X4U|1|G","4X4U|1|G"
"NR_4.0_65678.3","1YVP|1|C+1YVP|1|D","1YVP|1|C+1YVP|1|D,1YVP|1|E+1YVP|1|F"
"NR_4.0_08150.1","1YVP|1|G","1YVP|1|G"
"NR_4.0_69484.3","4XEJ|1|BIRE","4XEJ|1|BIRE,4XEJ|1|AIRE"
"NR_4.0_04242.2","469D|1|A+469D|1|B","469D|1|A+469D|1|B,468D|1|A+468D|1|B,470D|1|A+470D|1|B,471D|1|A+471D|1|B,1YYK|1|C+1YYK|1|D,1YYK|1|E+1YYK|1|F,1YYO|1|E+1YYO|1|F,1YYO|1|C+1YYO|1|D"
"NR_4.0_26354.1","4XJN|1|N","4XJN|1|N"
"NR_4.0_84167.2","6ERI|1|AA+6ERI|1|AB","6ERI|1|AA+6ERI|1|AB,5MMI|1|A+5MMI|1|W,5MMM|1|A+5MMM|1|W,5X8T|1|A,5X8P|1|A,5MLC|1|A+5MLC|1|C,5H1S|1|A"
"NR_4.0_84454.1","4XK0|1|C","4XK0|1|C"
"NR_4.0_03183.1","4XW1|1|C","4XW1|1|C"
"NR_4.0_24746.3","1YYW|1|I+1YYW|1|J","1YYW|1|I+1YYW|1|J,1YYW|1|E+1YYW|1|F,1YYW|1|G+1YYW|1|H,1YYW|1|K+1YYW|1|L"
"NR_4.0_09504.1","4XWW|1|D","4XWW|1|D"
"NR_4.0_18848.3","6CB3|1|B","6CB3|1|B,6CB3|1|A,4Y1J|1|A,4Y1J|1|B,4Y1I|1|B,6CC3|1|A,4Y1I|1|A,6CC3|1|B,6CC1|1|B,6CC1|1|A"
"NR_4.0_39701.2","1YZ9|1|E+1YZ9|1|F","1YZ9|1|E+1YZ9|1|F,1YZ9|1|C+1YZ9|1|D,5OC6|1|B+5OC6|1|C"
"NR_4.0_10487.3","4NFQ|1|B+4NFQ|1|C","4NFQ|1|B+4NFQ|1|C,4NFP|1|B+4NFP|1|C,4NFO|1|B+4NFO|1|C,4NFQ|1|A,4NFP|1|A,4NFO|1|A,1YZD|1|C"
"NR_4.0_02491.4","4V6E|1|AX","4V6E|1|AX,4V6E|1|AV,4V6E|1|CX,4V6E|1|CV,8FOM|1|XY"
"NR_4.0_83641.3","4Y1M|1|B","4Y1M|1|B,4Y1M|1|A"
"NR_4.0_31480.3","4YAZ|1|R","4YAZ|1|R,4YAZ|1|A,4YB0|1|R,4YB0|1|A"
"NR_4.0_74336.3","1ZBH|1|F","1ZBH|1|F,1ZBH|1|E"
"NR_4.0_69982.2","1ZBI|1|C+1ZBI|1|D","1ZBI|1|C+1ZBI|1|D,1ZBL|1|C+1ZBL|1|D"
"NR_4.0_79685.1","4YHW|1|E+4YHW|1|C","4YHW|1|E+4YHW|1|C"
"NR_4.0_53827.3","1ZDJ|1|S","1ZDJ|1|S,1ZDJ|1|R"
"NR_4.0_45187.1","4YOE|1|E","4YOE|1|E"
"NR_4.0_25125.3","3GM7|1|G+3GM7|1|H","3GM7|1|G+3GM7|1|H,1ZEV|1|A+1ZEV|1|B"
"NR_4.0_40597.3","2HW8|1|B","2HW8|1|B,1ZHO|1|B,1ZHO|1|D,1ZHO|1|F,1ZHO|1|H"
"NR_4.0_80882.3","4Z31|1|E","4Z31|1|E,4Z31|1|F"
"NR_4.0_80746.2","6XU8|1|A5+6XU8|1|A8+6XU8|1|A9","6XU8|1|A5+6XU8|1|A8+6XU8|1|A9,6XU6|1|A5+6XU6|1|A8+6XU6|1|A9"
"NR_4.0_08924.1","4Z7K|1|C","4Z7K|1|C"
"NR_4.0_42467.3","6XU8|1|A7","6XU8|1|A7,6XU6|1|A7"
"NR_4.0_51645.3","6XU6|1|B2","6XU6|1|B2,6XU8|1|B2"
"NR_4.0_35406.1","4Z92|1|D","4Z92|1|D"
"NR_4.0_78233.6","4V9K|1|AW","4V9K|1|AW,4V9K|1|CW,4V9M|1|CW,4V9M|1|AW,4V9L|1|AW,4V9L|1|CW,4V9J|1|AW,4V9J|1|CW"
"NR_4.0_20306.1","4ZLR|1|C","4ZLR|1|C"
"NR_4.0_68624.3","6EM3|1|2","6EM3|1|2,9QJC|1|2"
"NR_4.0_78607.1","4V7K|1|Bx","4V7K|1|Bx"
"NR_4.0_55496.1","205D|1|A+205D|1|B","205D|1|A+205D|1|B"
"NR_4.0_42429.1","5A8L|1|R","5A8L|1|R"
"NR_4.0_81222.1","21CB|1|B","21CB|1|B"
"NR_4.0_94787.1","9V43|1|A","9V43|1|A,21CQ|1|R,9V42|1|R"
"NR_4.0_83682.1","5AJ3|1|V+5AJ3|1|Y+5AJ3|1|X","5AJ3|1|V+5AJ3|1|Y+5AJ3|1|X"
"NR_4.0_40155.3","5AMR|1|B+5AMR|1|C","5AMR|1|B+5AMR|1|C,5AMQ|1|B+5AMQ|1|c,6Z6G|1|H+6Z6G|1|X,6Z8K|1|H+6Z8K|1|X"
"NR_4.0_66843.1","5AMQ|1|C","5AMQ|1|C"
"NR_4.0_88217.1","21WJ|1|B+21WJ|1|C","21WJ|1|B+21WJ|1|C"
"NR_4.0_89292.8","4WZD|1|3L","4WZD|1|3L,4WQ1|1|3K,4WQ1|1|1K,4WZD|1|2K,4WZD|1|2L,4WQ1|1|3L,4WU1|1|3L,4WR6|1|3K,4WU1|1|3K,4WZD|1|3K,4WRA|1|3K,4WR6|1|3L,4WR6|1|1K,4V8D|1|CD,4WRA|1|1K,4WU1|1|2L,4WU1|1|2K,4WRA|1|3L,4V8D|1|AD,4WQ1|1|1L,4WR6|1|1L,4V8D|1|AB,4WRA|1|1L,4V8D|1|CB,4V8E|1|BD,4V8E|1|DD,4V8F|1|BD,4V8F|1|CD,4V8E|1|BB,4V8E|1|DB,4V8F|1|BB,6N1D|1|BATN,4V8F|1|CB"
"NR_4.0_16946.1","22AV|1|B","22AV|1|B"
"NR_4.0_02882.1","22TR|1|B","22TR|1|B,26JZ|1|B,26KA|1|B"
"NR_4.0_49464.4","5AY2|1|A+5AY2|1|B","5AY2|1|A+5AY2|1|B,5AY3|1|A+5AY3|1|B,5AY2|1|C+5AY2|1|D,5AY4|1|A+5AY4|1|B,7EDU|1|A+7EDU|1|B,7EDU|1|C+7EDU|1|D"
"NR_4.0_29293.2","5B2P|1|B+5B2P|1|C+5B2P|1|D","5B2P|1|B+5B2P|1|C+5B2P|1|D,5B2O|1|B+5B2O|1|C+5B2O|1|D,5B2Q|1|B+5B2Q|1|C+5B2Q|1|D"
"NR_4.0_65061.63","8GLP|1|L5+8GLP|1|L8","8GLP|1|L5+8GLP|1|L8,9TV2|1|L5+9TV2|1|L8,9TT7|1|L5+9TT7|1|L8,9O3W|1|L5+9O3W|1|L8,8QYX|1|A2+8QYX|1|C2,8YOO|1|L5+8YOO|1|L8,8QFD|1|5+8QFD|1|8,9SPI|1|L5+9SPI|1|L8,9C3H|1|L5+9C3H|1|L1,8A3D|1|A+8A3D|1|C,9SPF|1|L5+9SPF|1|L8,9O3V|1|L5+9O3V|1|L8,9S3D|1|L5+9S3D|1|L8,9I2D|1|L5+9I2D|1|L8,9S3B|1|L5+9S3B|1|L8,9S3C|1|L5+9S3C|1|L8,9QLO|1|L5+9QLO|1|L8,9PBE|1|L5+9PBE|1|L8,8G5Y|1|L5+8G5Y|1|L8,9RUC|1|L5+9RUC|1|L8,9PKD|1|L5+9PKD|1|L8,9QLQ|1|L5+9QLQ|1|L8,8YOP|1|L5+8YOP|1|L8,9O3Y|1|L5+9O3Y|1|L8,9P7D|1|L5+9P7D|1|L8,8QOI|1|L5+8QOI|1|L8,9P8B|1|L5+9P8B|1|L8,8G5Z|1|L5+8G5Z|1|L8,8JDK|1|D+8JDK|1|F,9P7E|1|L5+9P7E|1|L8,8G60|1|L5+8G60|1|L8,9RPV|1|M5+9RPV|1|M8,9GUL|1|L5+9GUL|1|L8,6ZMI|1|L5+6ZMI|1|L8,9FQZ|1|L5+9FQZ|1|L8,8XSX|1|L5+8XSX|1|L8,9QLP|1|L5+9QLP|1|L8,8JDL|1|D+8JDL|1|F,9P73|1|L5+9P73|1|L8,8JDJ|1|D+8JDJ|1|F,7F5S|1|L5+7F5S|1|L8,8OJ5|1|5+8OJ5|1|8,8K2C|1|L5+8K2C|1|L8,9P7O|1|L5+9P7O|1|L8,9RPV|1|L5+9RPV|1|L8,9RUA|1|L5+9RUA|1|L8,9P7Y|1|L5+9P7Y|1|L8,7XNY|1|L1+7XNY|1|L3,9P7C|1|L5+9P7C|1|L8,8FLE|1|L3+8FLE|1|L1,9PA7|1|L5+9PA7|1|L8,6ZM7|1|L5+6ZM7|1|L8,9P9J|1|L5+9P9J|1|L8,9MNC|1|L5+9MNC|1|L1,9P7A|1|L5+9P7A|1|L8,9VXN|1|L5+9VXN|1|L8,9P7X|1|L5+9P7X|1|L8,9P9I|1|L5+9P9I|1|L8,8JDM|1|D+8JDM|1|F,7OW7|1|A+7OW7|1|C,7XNX|1|L1+7XNX|1|L3,6QZP|1|L5+6QZP|1|L8,8IFD|1|1A+8IFD|1|1C,8FLB|1|L3+8FLB|1|L1,8FLD|1|L3+8FLD|1|L1,8FL7|1|L3+8FL7|1|L1,9P72|1|L5+9P72|1|L8,9P7K|1|L5+9P7K|1|L8,9P76|1|L5+9P76|1|L8,9P9H|1|L5+9P9H|1|L8,8OHD|1|5+8OHD|1|8,9P78|1|L5+9P78|1|L8,6Y2L|1|L5+6Y2L|1|L8,8G61|1|L5+8G61|1|L8,9P7N|1|L5+9P7N|1|L8,8IFE|1|1A+8IFE|1|1C,9RU9|1|L5+9RU9|1|L8,6Y6X|1|L5+6Y6X|1|L8,9GMO|1|A+9GMO|1|C,9P7W|1|L5+9P7W|1|L8,6Z6M|1|L5+6Z6M|1|L8,6ZME|1|L5+6ZME|1|L8,9P6Z|1|L5+9P6Z|1|L8,9I2E|1|L5+9I2E|1|L8,7QVP|1|L5+7QVP|1|L8,9RU8|1|L5+9RU8|1|L8,8FL2|1|L3+8FL2|1|L1,6ZMO|1|L5+6ZMO|1|L8,9P7L|1|L5+9P7L|1|L8,8FLA|1|L3+8FLA|1|L1,9RU7|1|L5+9RU7|1|L8,22TU|1|L5+22TU|1|L8,8FL6|1|L3+8FL6|1|L1,9KZU|1|L5+9KZU|1|L8,8FL3|1|L3+8FL3|1|L1,8Y0X|1|L5+8Y0X|1|L8,8Y0W|1|L5+8Y0W|1|L8,9B0P|1|L5+9B0P|1|L8,6LQM|1|2+6LQM|1|8,9GY4|1|5+9GY4|1|8,8IDT|1|2+8IDT|1|8,9PKB|1|L5+9PKB|1|L8,9P9K|1|L5+9P9K|1|L8,8G6J|1|L5+8G6J|1|L8,6Y0G|1|L5+6Y0G|1|L8,9P8H|1|L5+9P8H|1|L8,8INF|1|2+8INF|1|8,8FLF|1|L3+8FLF|1|L1,9N9J|1|L5+9N9J|1|L8,7QVP|1|L6+7QVP|1|L1,9I14|1|L5+9I14|1|L8,6OM0|1|t+6OM0|1|D,8XSY|1|L5+8XSY|1|L8,8OJ8|1|5+8OJ8|1|8,9G8M|1|L5+9G8M|1|L8,8OJ0|1|5+8OJ0|1|8,6LSR|1|2+6LSR|1|8,6OLE|1|t+6OLE|1|D,28LN|1|B5+28LN|1|B8,6XA1|1|L5+6XA1|1|L8,6LU8|1|2+6LU8|1|8,8FKV|1|L3+8FKV|1|L1,8FL9|1|L3+8FL9|1|L1,8RL2|1|L5+8RL2|1|L8,9P8C|1|L5+9P8C|1|L8,9P79|1|L5+9P79|1|L8,8FKW|1|L3+8FKW|1|L1,8XSZ|1|L5+8XSZ|1|L8,9KZX|1|L5+9KZX|1|L8,9QIW|1|L5+9QIW|1|L8,8IDY|1|2+8IDY|1|8,7BHP|1|L5+7BHP|1|L8,8FLC|1|L3+8FLC|1|L1,9M0P|1|L5+9M0P|1|L8,6Y57|1|L5+6Y57|1|L8,8INE|1|2+8INE|1|8,6LSS|1|2+6LSS|1|8,8FKY|1|L3+8FKY|1|L1,8FKX|1|L3+8FKX|1|L1,9B0Q|1|l5+9B0Q|1|l8,9PKG|1|L5+9PKG|1|L8,8IPY|1|2+8IPY|1|8,8INK|1|2+8INK|1|8,9B0S|1|l5+9B0S|1|l8,9Y4G|1|A6+9Y4G|1|A5+9Y4G|1|A8,9SYR|1|L1+9SYR|1|L3,8FL4|1|L3+8FL4|1|L1,9B0Q|1|L5+9B0Q|1|L8,4UG0|1|L5+4UG0|1|L8,8IPD|1|2+8IPD|1|8,9P7G|1|L5+9P7G|1|L8,9P7F|1|L5+9P7F|1|L8,8FKQ|1|L3+8FKQ|1|L1,8FKU|1|L3+8FKU|1|L1,8FKS|1|L3+8FKS|1|L1,8FKT|1|L3+8FKT|1|L1,6OLI|1|t+6OLI|1|D,8FKR|1|L3+8FKR|1|L1,9B0S|1|L5+9B0S|1|L8,8IE3|1|2+8IE3|1|8,9P7I|1|L5+9P7I|1|L8,9Y49|1|A6+9Y49|1|A5+9Y49|1|A8,8ONY|1|5,9P7H|1|L5+9P7H|1|L8,8FKP|1|L3+8FKP|1|L1,8IR1|1|2+8IR1|1|8,8IR3|1|2+8IR3|1|8,6IP5|1|1A+6IP5|1|1C,9P8I|1|L5+9P8I|1|L8,9P7J|1|L5+9P7J|1|L8,5T2C|1|A+5T2C|1|C,6W6L|1|t+6W6L|1|D,6OLG|1|A2+6OLG|1|A3,8FKZ|1|L3+8FKZ|1|L1,6IP8|1|1A+6IP8|1|1C,6OLF|1|t+6OLF|1|D,5LKS|1|L5+5LKS|1|L8,6OLZ|1|A2+6OLZ|1|A3,8FL0|1|L3,7ZFW|1|L5,6OM7|1|t+6OM7|1|D,9GJ6|1|1,5A8L|1|A,6SXO|1|L5,6Z6N|1|L5+6Z6N|1|L8,6Z6L|1|L5+6Z6L|1|L8,5AJ0|1|A2+5AJ0|1|A3,9RG7|1|L5+9RG7|1|L8"
"NR_4.0_55114.3","5B63|1|D","5B63|1|D,5B63|1|B,5YYN|1|D,5YYN|1|B"
"NR_4.0_74005.2","8HL1|1|APTN","8HL1|1|APTN,8HL1|1|AETN"
"NR_4.0_85420.2","5AJ0|1|Bv","5AJ0|1|Bv,5AJ0|1|Bw"
"NR_4.0_73441.3","5BJO|1|E","5BJO|1|E,5BJO|1|Y,5BJP|1|E,5BJP|1|Y,6E81|1|A,6E80|1|A,6E84|1|A,6E82|1|A"
"NR_4.0_95556.9","5J8B|1|y","5J8B|1|y,4V90|1|AV,4WT8|1|C3,5J8B|1|w,4WT8|1|D3,3J9Z|1|S7,4WT8|1|C2,4V8U|1|AV,4V8U|1|CV"
"NR_4.0_19951.103","9Q3Q|1|x","9Q3Q|1|x,4YCO|1|D,4YCO|1|E,4YCO|1|F,7S1I|1|A,8EKC|1|w,8G5Z|1|At,8FZH|1|x,7S1G|1|A,7N1P|1|Dt,8FZE|1|x,7S1K|1|A,9D7R|1|1x,9DFC|1|1w,9D7T|1|1x,9D7S|1|1x,9DFD|1|1w,8FZD|1|x,3FOZ|1|C,9D7R|1|2x,9TEZ|1|Z,8QFS|1|B,4WOI|1|DW,9D7T|1|2x,9DFC|1|2w,8VTU|1|1w,9D7S|1|2x,5NDK|1|X1,8UD7|1|1w,9DFD|1|2w,3L0U|1|A,7UG7|1|Pt,8G2C|1|1w,8SYL|1|w,7AZO|1|PSIA,7AZO|1|PSIB,6QNR|1|2K,8FZG|1|x,8G2C|1|2w,8UD7|1|1y,8UD8|1|1y,4V9H|1|AV,8UD8|1|1w,8UVR|1|1w,8G2B|1|1w,8G2A|1|1w,4V5R|1|CV,8VTV|1|1w,4WQF|1|BW,9D0J|1|1w,8VTU|1|2w,8UD6|1|1y,4V5R|1|AV,7N2C|1|Dt,8UD6|1|1w,8G29|1|1w,5J4B|1|1y,4V5P|1|AV,6QNR|1|2L,6CFJ|1|1w,8UD7|1|2w,4V5P|1|CV,8G2B|1|2w,5NDJ|1|X1,6XHY|1|1w,8UD8|1|2w,8UD8|1|2y,9D0J|1|1y,5NDK|1|X4,7RQ8|1|1y,8G2B|1|1y,4WQU|1|BW,8VTX|1|1w,5W4K|1|1y,8VTX|1|2w,4W2E|1|w,8G29|1|2w,4V6F|1|CC,6CFJ|1|2w,2ZM5|1|C,8UD7|1|2y,5J4C|1|1w,2ZXU|1|C,5WIT|1|1w,8G2A|1|2w,8EV7|1|1y,8EV7|1|1w,6CFJ|1|1y,5NDJ|1|X4,5WIS|1|1y,5J4C|1|1y,6XHW|1|1w,7N2U|1|Dt,4V9D|1|BV,9RTU|1|w,8CVK|1|1w,5J4B|1|1w,5WIS|1|1w,6XHY|1|2w,4V5J|1|CV,8UVR|1|1y,8UD6|1|2y,8VTV|1|2w,6C5L|1|AV,9D7R|1|1y,9D7S|1|1y,8G2B|1|2y,5W4K|1|1w,5J4B|1|2w,6CFJ|1|2y,8UVR|1|2w,6XHV|1|1w,5J4C|1|2w,5WDT|1|y,9GFT|1|A,5UYM|1|Y,4WT1|1|1K,7AZS|1|PSIA,4WQU|1|DW,4V5S|1|CV,5J4B|1|2y,9GGR|1|A,5VP2|1|1y,7RQ8|1|2y,5J4C|1|2y,5VP2|1|1w,7AZS|1|PSIB,8CVJ|1|1w,4V5E|1|CV,8UVS|1|1y,8G2D|1|1w,8IFB|1|5,8UD6|1|2w,6XHW|1|2w,4V5E|1|AV,4V5Q|1|AV,8FZE|1|y,9D0J|1|2y,6ND5|1|1y,6C5L|1|CV,9D0I|1|1y,6WDE|1|7,4V5D|1|CV,8CVK|1|2w,8UVR|1|2y,7AZO|1|ESIB,7RQ9|1|1y,6XHV|1|2w,6Y3G|1|F,9D0G|1|1y,8EV7|1|2w,4V5S|1|AV,9D0J|1|2w,5WIT|1|2w,4W2G|1|AW,4WQF|1|DW,9O3L|1|1w,7RQ8|1|1w,5WIS|1|2y,4V5D|1|AV,8G2D|1|1y,5W4K|1|2y,9D0I|1|1w,5NDK|1|W1,10PX|1|1w,4V5J|1|AV,8EV6|1|1y,7AZO|1|ESIA,4V5Q|1|CV,8CVL|1|1w,9D7T|1|1y,8FZH|1|y,9D0H|1|1y,9O3L|1|1y,8UVS|1|1w,5DOY|1|1y,4WOI|1|AX,5W4K|1|2w,4WT1|1|3K,4Y4P|1|1y,9D0H|1|1w,4Z3S|1|1y,8CVJ|1|2w,9O3L|1|2w,7RQ9|1|1w,1VY7|1|AY,7RQ9|1|2y,9T2K|1|Y,8EV7|1|2y,6ND5|1|1w,4V6F|1|BC,5DOY|1|1w,4Z3S|1|1w,5NDK|1|W4,4WSD|1|1K,8CVL|1|2w,8G61|1|At,8G2D|1|2y,2ZM5|1|D,5DOY|1|2y,5VP2|1|2y,9D7R|1|2y,8EV6|1|1w,9D0G|1|1w,7AZO|1|ASIB,8EV6|1|2y,4Z3S|1|2y,6ND5|1|2y,4WPO|1|BY,10PX|1|2w,5WFS|1|y,4Z3S|1|2w,7RQ9|1|2w,4WQR|1|3K,5VP2|1|2w,4WT1|1|3L,9O3L|1|2y,4Y4P|1|2y,4V51|1|AW,4Y4P|1|1w,4WSD|1|3L,7AZO|1|ASIA,8FZJ|1|x,4W2I|1|AW,9RFW|1|Y,1VY4|1|AW,8G2D|1|2w,9D0I|1|2y,4WRO|1|1K,6UO1|1|2w,5WIS|1|2w,5WE4|1|y,9DFC|1|1y,6XHY|1|1y,4W2I|1|CW,1VY7|1|CY,7RQ8|1|2w,8UVS|1|2y,9D7S|1|2y,6UO1|1|1y,6WDD|1|7,6UO1|1|2y,8FZI|1|x,4W2F|1|AW,9TEY|1|Z,6UO1|1|1w,8G2C|1|1y,9D0G|1|2y,4WQR|1|3L,4WPO|1|DY,4W2I|1|AY,4WSD|1|3K,5NDJ|1|W1,4V6F|1|BD,6WDG|1|7,9DFC|1|2y,9D0I|1|2w,8UU5|1|x,8EV6|1|2w,9D0H|1|2y,4V5S|1|AW,4V5L|1|AV,4WT1|1|1L,4WQR|1|1K,6ND5|1|2w,5WE6|1|y,4V5D|1|CW,4V9C|1|AV,5NDJ|1|W4,8G2A|1|1y,6WDF|1|7,9DFD|1|1y,6QNR|1|5K,6QNR|1|1K,9D7T|1|2y,4Y4P|1|2w,4V5S|1|CW,4V5D|1|AW,4V5E|1|CW,4W2G|1|CW,5WIT|1|1y,6WNW|1|7,4V5D|1|CY,5DOY|1|2w,9RTV|1|w,8G29|1|1y,6BU8|1|Y,8G2C|1|2y,2ZXU|1|D,8VTX|1|1y,4V5D|1|AY,9B00|1|1w,6QNR|1|1L,6QNR|1|3L,4V5J|1|CW,5WIT|1|2y,4V51|1|CW,5KPX|1|30,6XHY|1|2y,8G2A|1|2y,4W2G|1|AY,9SYH|1|Y,6XHV|1|1y,5NDK|1|V4,4WPO|1|BW,9D0G|1|2w,9DFD|1|2y,8VTX|1|2y,4V5J|1|AW,4W2I|1|CY,5KPW|1|30,6XHW|1|1y,1VY4|1|AY,5NDJ|1|V4,1VY5|1|AW,8UVS|1|2w,8VTV|1|1y,9RJA|1|Y,6WDK|1|7,4W2G|1|CY,4V5Q|1|CW,4WSD|1|1L,9D0H|1|2w,8G29|1|2y,4V5Q|1|AW,4V9D|1|AV,8IFC|1|5,4WZO|1|3K,6WDM|1|7,8VTU|1|1y,6C5L|1|CW,8G6X|1|Y,6WD9|1|7,4V5C|1|AW,6QNR|1|3K,4W2F|1|CW,7AZS|1|ASIB,4WRO|1|1L,8CVJ|1|1y,6WD5|1|7,9B00|1|1y,6XHW|1|2y,8G6Y|1|Y,8VTV|1|2y,6C5L|1|AW,9T1A|1|Y,4V5G|1|AV,4W2F|1|AY,8VTU|1|2y,7AZS|1|ESIA,4WZO|1|3L,8FZF|1|x,9B00|1|2w,7AZO|1|TRNA,7AZS|1|ASIA,4V5P|1|AW,4V5G|1|CV,7AZS|1|ESIB,6WD3|1|7,6XHV|1|2y,5NDK|1|V1,9T0Y|1|Y,8CVJ|1|2y,4WRO|1|3L,4V6F|1|CD,8UU6|1|x,4P6F|1|QW,8G6W|1|Y,6WD4|1|7,4V5G|1|AW,6WD2|1|7,9B00|1|2y,6WDL|1|7,4V6F|1|CB,8CVK|1|1y,10PX|1|1y,5NDJ|1|V1,8Y5L|1|5,4V5P|1|CW,4WRO|1|3K,6UCQ|1|1y,4V5C|1|CY,9T2Q|1|Y,9W0N|1|5,8CVK|1|2y,7AZS|1|TRNA,6WDJ|1|7,1VY4|1|CW,6WD6|1|7,4V5G|1|CW,10PX|1|2y,4V6F|1|BB,4V5E|1|AW,4V5R|1|CW,8CVL|1|1y,4V5C|1|AY,6WD8|1|7,5UYL|1|Y,1VY4|1|CY,6WDA|1|7,6Q95|1|8,4W2F|1|CY,4V5R|1|AW,4W2H|1|AY,4P6F|1|XW,7N30|1|Dt,6VWL|1|5,4V5A|1|CV,4WQR|1|1L,4V5C|1|CW,7LH5|1|CW,1VY5|1|CW,6O9J|1|v,8CVL|1|2y,8FZD|1|y,4V5A|1|AV+4V5A|1|AX,4V4I|1|z,4WPO|1|DW,7LH5|1|AW,6UCQ|1|1x,4V97|1|AY,7QGN|1|A,1VY5|1|AY,8SYL|1|y,7N31|1|Dt,6WDB|1|7,4W2H|1|CY,4V9I|1|CW,4V97|1|AW,9T6M|1|Y,4V5L|1|AW,6VWM|1|5,7QG8|1|A,8FZG|1|y,4WQU|1|BY,6AZ1|1|4,5OT7|1|2,4V9I|1|AW,9T1B|1|Y,9T1F|1|Y,9T2N|1|Y,5UYK|1|Y,8UU9|1|x,6AZ1|1|2,1VY5|1|CY,9T1J|1|Y,4V8J|1|CY+4V8J|1|CX,6VWN|1|5,4V97|1|CW,7Q4K|1|D3,4V97|1|CY,9T8N|1|Y,6WD7|1|7,6WDI|1|7,8UU8|1|x,6UCQ|1|2y,9T2L|1|Y,9T1E|1|Y,5WFK|1|y,9EHO|1|2,9T2S|1|Y,8UU7|1|y,9T2P|1|Y,5IQR|1|6,4W2E|1|x,9T8T|1|Y,4V8J|1|AW,4V9C|1|CV,9T1H|1|Y,9T19|1|Y,4WQU|1|DY,5UQ8|1|z,5IQR|1|4,5UQ7|1|z,3JCE|1|6,3JCD|1|8,4WQF|1|BY,3JCD|1|9,5WF0|1|y,6UCQ|1|2x,4V8J|1|CW,3JCE|1|9,4WQF|1|DY,3JBV|1|V,8AKN|1|X,6ZTN|1|AX+6ZTN|1|AZ+6ZTN|1|AW+6ZTN|1|AV+6ZTN|1|CN+6ZTN|1|CT,6YSS|1|w,5AFI|1|y,6ZTL|1|AX+6ZTL|1|AW+6ZTL|1|AV+6ZTL|1|CN+6ZTL|1|CT,7AC7|1|7,6YSR|1|w,7PJY|1|w,7PJV|1|w,9GR1|1|Z,6YST|1|w,7ABZ|1|7,8PEG|1|W,8QHC|1|B,8R3V|1|W1,6YSU|1|w,8RCL|1|W1,8RCM|1|W1,7PJW|1|w"
"NR_4.0_75563.1","5BKL|1|P","5BKL|1|P"
"NR_4.0_01988.1","5BKL|1|TT","5BKL|1|TT"
"NR_4.0_50454.1","5BKL|1|WW","5BKL|1|WW"
"NR_4.0_22323.5","7MDZ|1|2","7MDZ|1|2,6HCJ|1|q3"
"NR_4.0_07315.1","8CD1|1|Dt","8CD1|1|Dt"
"NR_4.0_04342.1","4V8O|1|AX","4V8O|1|AX"
"NR_4.0_28964.1","1PGL|1|3","1PGL|1|3"
"NR_4.0_30399.1","5BKL|1|a","5BKL|1|a"
"NR_4.0_76723.1","5BKL|1|h+5BKL|1|S","5BKL|1|h+5BKL|1|S"
"NR_4.0_09031.1","5BKL|1|kk","5BKL|1|kk"
"NR_4.0_90343.2","4V8U|1|AX","4V8U|1|AX,4V8U|1|CX"
"NR_4.0_14635.1","5BKL|1|n+5BKL|1|Y","5BKL|1|n+5BKL|1|Y"
"NR_4.0_73587.1","4V8X|1|CX","4V8X|1|CX"
"NR_4.0_32403.1","5BKN|1|TT","5BKN|1|TT"
"NR_4.0_34134.1","5BKN|1|V","5BKN|1|V"
"NR_4.0_96610.4","6ZJ3|1|S3","6ZJ3|1|S3,6ZJ3|1|S4,6ZJ3|1|S2"
"NR_4.0_08416.3","1QBP|1|A+1QBP|1|B","1QBP|1|A+1QBP|1|B,1QBP|1|C+1QBP|1|D,1QBP|1|E+1QBP|1|F"
"NR_4.0_71748.4","6UZ7|1|7","6UZ7|1|7,5IT7|1|7,4V91|1|3"
"NR_4.0_16683.1","5BKN|1|X+5BKN|1|m","5BKN|1|X+5BKN|1|m"
"NR_4.0_00855.1","5BKN|1|bb","5BKN|1|bb"
"NR_4.0_51076.1","1QC0|1|C+1QC0|1|D","1QC0|1|C+1QC0|1|D"
"NR_4.0_18169.1","5BKN|1|kk","5BKN|1|kk"
"NR_4.0_20366.1","1QCU|1|C+1QCU|1|D","1QCU|1|C+1QCU|1|D"
"NR_4.0_74260.3","5BTM|1|A","5BTM|1|A,5BTM|1|B"
"NR_4.0_27378.1","1QLN|1|R","1QLN|1|R"
"NR_4.0_72776.5","5BTP|1|B","5BTP|1|B,5BTP|1|A,6WZR|1|A,6WZS|1|B,6WZS|1|A,6WZR|1|B"
"NR_4.0_74018.3","5TCU|1|E","5TCU|1|E,5TCU|1|D"
"NR_4.0_22464.1","1R3E|1|C","1R3E|1|C"
"NR_4.0_79985.1","7QGG|1|u","7QGG|1|u"
"NR_4.0_05494.2","2G32|1|K+2G32|1|L","2G32|1|K+2G32|1|L,2GQ4|1|K+2GQ4|1|L,2G32|1|M+2G32|1|N,2GQ4|1|M+2GQ4|1|N,2GQ6|1|K+2GQ6|1|L,2GQ7|1|K+2GQ7|1|L,2GQ5|1|K+2GQ5|1|L,2GQ7|1|M+2GQ7|1|N,2GPM|1|K+2GPM|1|L,2GQ6|1|M+2GQ6|1|N,2GQ5|1|M+2GQ5|1|N,2GPM|1|M+2GPM|1|N,1R3O|1|C+1R3O|1|D,1R3O|1|A+1R3O|1|B"
"NR_4.0_27379.1","8G4S|1|i","8G4S|1|i"
"NR_4.0_74556.3","5BZV|1|B","5BZV|1|B,5BYM|1|C"
"NR_4.0_79697.2","8VVU|1|At","8VVU|1|At"
"NR_4.0_08637.1","5BZ1|1|B","5BZ1|1|B"
"NR_4.0_35542.169","9GHE|1|Z","9GHE|1|Z,8B0X|1|Z,9Q3R|1|x,9Q87|1|Z,9GHG|1|F,9T4R|1|Z,9TQA|1|Z,9GHD|1|Z,9JPP|1|Z,8BIL|1|4,9N2B|1|Pt,9PJ7|1|C,28UH|1|Z,28UI|1|Z,9G6J|1|PT,9TMI|1|Z,28UK|1|Z,8G5Z|1|Pt,8EKC|1|x,9GHB|1|Z,9N2C|1|Pt,9SYH|1|Z,9PJ9|1|C,9PJ8|1|C,28UM|1|Z,8BIM|1|4,28UJ|1|Z,9JPM|1|Z,5L4O|1|A,9B4Z|1|AX,9GHF|1|Z,9PIJ|1|Z,9TNL|1|Z,9DFC|1|1x,9PII|1|Z,8G7P|1|x,9D0I|1|1x,9T2K|1|Z,9GHA|1|8,8UD7|1|1x,9DFD|1|1x,8G2A|1|1x,9D0J|1|1x,5HCQ|1|1x,8G2C|1|1x,9DFC|1|2x,9JQ2|1|Z,8VTU|1|1x,9D0G|1|1x,9B51|1|AX,8G2A|1|2x,9GHH|1|F,8G29|1|1x,5MDV|1|5,8G7R|1|x,8G29|1|2x,8G2C|1|2x,8UD7|1|2x,9DFD|1|2x,9D0H|1|1x,8VTU|1|2x,8SYL|1|x,8VTX|1|1x,7MT2|1|y,7MT7|1|y,4V6G|1|CC,8EMM|1|Z,8UD6|1|1x,6CAE|1|1x,9H0L|1|Z,9O3K|1|1x,8VTV|1|1x,9GXX|1|Z,8VTX|1|2x,7U2J|1|1x,8G2B|1|1x,8EKB|1|1x,5IBB|1|2K,8UD8|1|1x,5HCQ|1|2x,8VTV|1|2x,4WQ1|1|2K,8BHP|1|4,5H5U|1|5,8EKB|1|2x,8UD8|1|2x,7U2H|1|1x,8UD6|1|2x,8G2B|1|2x,4Z8C|1|1x,8UVR|1|1x,9D0J|1|2x,7U2J|1|2x,7RQ8|1|1x,9O3J|1|1x,4WQR|1|2K,9O3H|1|1x,5WFS|1|v,4V5F|1|CV,6CAE|1|2x,5J4B|1|1x,9T0Y|1|Z,6XHY|1|1x,4Z8C|1|2x,8UVS|1|1x,5HCR|1|1x,9D0I|1|2x,7ST6|1|6,7OSA|1|PSIT,8EV7|1|1x,5WE4|1|v,6XHY|1|2x,5IB7|1|2K,5EL7|1|2K,5W4K|1|1x,9BDL|1|PTRN,8UVR|1|2x,9O3K|1|2x,5J4B|1|2x,6OF1|1|1x,8CRX|1|C,7UNR|1|v,1VY4|1|AX,7UG7|1|Dt,5WDT|1|v,5J4C|1|1x,5DFE|1|XV,7RQ8|1|2x,9T2Q|1|Z,9O3L|1|1x,4W2I|1|AX,4WPO|1|BX,6OF1|1|2x,6QNQ|1|2K,4W2H|1|AX,4WQ1|1|2L,6XHW|1|1x,8BGE|1|4,7U2I|1|1x,7U2H|1|2x,5HCR|1|2x,28UL|1|Z,5IBB|1|2L,5MDZ|1|5,5W4K|1|2x,8CVK|1|1x,5WIS|1|1x,5HCP|1|1x,8EIU|1|Z,5HD1|1|1x,7UNU|1|v,5J4C|1|2x,10PX|1|1x,5HAU|1|1w,4WT1|1|2L,9O3I|1|1x,4YZV|1|XV,4W2H|1|CX,4WQR|1|2L,9T2S|1|Z,6XHV|1|1x,8EV7|1|2x,8G7Q|1|x,6ND5|1|1x,9CG6|1|Z,28UN|1|Z,4WSD|1|2L,8CVK|1|2x,4LNT|1|XV,4V8D|1|CC,4W2G|1|CX,4WSD|1|2K,8FTO|1|Z,4WT1|1|2K,6XHW|1|2x,9NLH|1|T,8G2D|1|1x,6WD0|1|5,6XQD|1|1x,7UNV|1|v,4LNT|1|QV,5IB7|1|2L,8CDR|1|Cc,7UNW|1|v,4V6G|1|AC,5HAU|1|2w,9CG5|1|Z,9T2L|1|Z,7NBU|1|V,9D0G|1|2x,8BHL|1|4,4V7M|1|AX,4W2G|1|AX,5EL7|1|2L,9AX7|1|Z,5IB8|1|2K,6XHV|1|2x,9O3L|1|2x,5DFE|1|QV,6XQD|1|2x,4V8D|1|AC,8CVJ|1|1x,4Y4P|1|1x,6O97|1|1x,5HCP|1|2x,4W4G|1|XV,4WRA|1|2K,5EL6|1|2K,4YZV|1|QV,4ZER|1|1x,8EV6|1|1x,5DOY|1|1x,6XZB|1|f2,5WIT|1|1x,7U2I|1|2x,5VP2|1|1x,6QNQ|1|2L,5HD1|1|2x,5IB8|1|2L,9O3H|1|2x,4Z3S|1|1x,6ND5|1|2x,9TEW|1|Z,4V9S|1|AX,9B00|1|1x,8CVJ|1|2x,4W4G|1|QV,8G2D|1|2x,3CW5|1|A,4W2F|1|AX,4WRA|1|2L,8CVL|1|1x,5WIS|1|2x,8UVS|1|2x,8ZFG|1|Z,4W2I|1|CX,5E7K|1|2K,9O3J|1|2x,5EL4|1|2K,9RVC|1|Z,8CVL|1|2x,7RQ9|1|1x,9D0H|1|2x,7JQM|1|1x,4ZSN|1|XV,4WR6|1|2K,4V9R|1|AX,6WDE|1|5,5EL6|1|2L,4Z3S|1|2x,9BDN|1|PTRN,4V5F|1|AV,8CGN|1|Bb,4W2F|1|CX,4V9S|1|CX,6O97|1|2x,7JQL|1|1x,4WPO|1|DX,1VY7|1|AX,4ZER|1|2x,7RQ9|1|2x,4V9R|1|CX,1VY5|1|AX,4V8Q|1|BV,5E7K|1|2L,8EV6|1|2x,4WR6|1|2L,7TOO|1|APTN,7JQL|1|2x,9JPO|1|Z,4Y4P|1|2x,7K53|1|5,7JQM|1|2x,1VY4|1|CX,5VP2|1|2x,4ZSN|1|QV,5UYM|1|W,9RTU|1|v,5WE6|1|v,4YPB|1|XV,5DOY|1|2x,7SSN|1|6,6UO1|1|2x,4WQY|1|BX,6ND6|1|1x,10PX|1|2x,6UO1|1|1x,6WNW|1|5,5EL4|1|2L,5WIT|1|2x,5EL5|1|2K,7Y7C|1|Z,6ORE|1|5,8IFB|1|6,4WZO|1|2K,7K00|1|Z,9EC3|1|u,6XZA|1|f2,1VY6|1|AX,9O3I|1|2x,5F8K|1|1x,4LT8|1|XV,8CEH|1|Cc,7Y7G|1|Z,4TUC|1|QV,4V51|1|CV,9B00|1|2x,1VY6|1|CX,4WRO|1|2K,9QSJ|1|Z,8BF7|1|4,8G61|1|Pt,4YPB|1|QV,1VY5|1|CX,4P6F|1|XV,7MT3|1|y,7Y7E|1|Z,9NLJ|1|T,6ND6|1|2x,7OSM|1|PSIT,9CG7|1|Z,4TUC|1|XV,4V5C|1|AV,4TUA|1|XV,5U9F|1|W,4V8E|1|DC,9T1B|1|Z,4V87|1|CC,7Y7F|1|Z,4V5F|1|CW,9T8N|1|Z,4V5C|1|CV,9T1A|1|Z,4V5F|1|AW,4TUA|1|QV,4V51|1|AV,4V7M|1|CX,9PIH|1|Z,8EMM|1|Y,9QQQ|1|Z,6XQE|1|1x,4TUD|1|QV,7SSO|1|6,5WF0|1|v,9O2Y|1|Z,5U9G|1|W,5WFK|1|v,4TUB|1|XV,9T2N|1|Z,6N9E|1|1x,6GSK|1|2L,7JT1|1|5,7MT7|1|x,4WZO|1|2L,7K50|1|5,6XQE|1|2x,4LT8|1|QV,4P6F|1|QV,5LZD|1|v,4V8F|1|BC,9NL6|1|T,4TUD|1|XV,5EL5|1|2L,8G6W|1|Z,4TUB|1|QV,7M5D|1|5,5F8K|1|2x,4V87|1|BC,9GUV|1|W,6N9E|1|2x,4V9I|1|AV,6N9F|1|1x,7LH5|1|AV,4WRO|1|2L,7LV0|1|6,9NLF|1|T,4WQY|1|DX,4V7L|1|CX,9T1G|1|Z,4V7P|1|DW,7ST7|1|6,7LH5|1|CV,9T2M|1|Z,5LZE|1|v,6QNQ|1|3K,8G6Y|1|Z,6N9F|1|2x,7K54|1|6,9TEX|1|Z,4V8E|1|BC,4V67|1|AY,6BU8|1|W,8BGH|1|4,7Y7H|1|Z,4V8C|1|DC,4P70|1|XV,4V7P|1|AW,9T6M|1|Z,9NLQ|1|T,5CZP|1|XV,7TOR|1|ETRN,7SSD|1|6,1VVJ|1|XV,7Y7D|1|Z,8BH4|1|4,9MKK|1|Z,5KPS|1|31,4V7L|1|AX,4P70|1|QV,5KPW|1|31,4LSK|1|XV,6WD3|1|5,6GSK|1|2K,4V9I|1|CV,6WD5|1|5,9Y49|1|tR,9Y4G|1|Cc,5CZP|1|QV,7JT2|1|5,4V8B|1|AC,6WD2|1|5,9T1F|1|Z,4V6G|1|CD,4V67|1|CY,9GXX|1|V,8BHN|1|4,5KPX|1|31,9RTV|1|v,5UYL|1|W,4LSK|1|QV,9T8T|1|Z,4LFZ|1|XV,8CVM|1|C,9BDL|1|ETRN,6WDM|1|5,9T2P|1|Z,8CF5|1|Cc,4V8C|1|CC,1VVJ|1|QV,9MQ4|1|5,4LFZ|1|QV,4V63|1|AY,9GHG|1|D,6WD4|1|5,4V5K|1|AV,6WD6|1|5,9FSF|1|4,8Y5L|1|6+8Y5L|1|4+8Y5L|1|8+8Y5L|1|9,1VY7|1|CX,9GUU|1|W,9H0L|1|V,9GHH|1|D,8G6X|1|Z,6WDA|1|5,3CW6|1|A,4V63|1|CY,6WDG|1|5,4V8B|1|CC,6WD8|1|5,6QNQ|1|3L,6WD9|1|5,6WDF|1|5,8EIU|1|Y,8PHJ|1|7,9T19|1|Z,9GHC|1|Z,8IFC|1|6,4L71|1|XV,5D8B|1|FD,6ORL|1|5,8BHJ|1|4,6WDL|1|5,9BDN|1|ETRN,7TOQ|1|PTRN,8T5D|1|5,6B4V|1|HB,6WDJ|1|5,5UYQ|1|W,8UQL|1|A,8URY|1|A,6Q95|1|7,5IQR|1|5,4WZO|1|1K,6OT3|1|5,9T2R|1|Z,9NLE|1|T,3QSY|1|D,5D8B|1|ED,9T8R|1|Z,4L71|1|QV,6WD7|1|5,6OUO|1|5,6SWC|1|4,4LEL|1|XV,4V8F|1|CC,6B4V|1|IA,6OFX|1|5,5UYP|1|W,6B4V|1|D,6WD1|1|5,7SSW|1|6,6WDK|1|5,6XDQ|1|A,7K51|1|6,4V6G|1|AD,9EC3|1|n,6X7K|1|A,6B4V|1|MC,7JSW|1|5,9O2X|1|Z,8Y5Q|1|6+8Y5Q|1|4+8Y5Q|1|8+8Y5Q|1|9,9BDP|1|PTRN,9W0N|1|6,4V8C|1|DD,6WDD|1|5,7SSL|1|6,9FRA|1|4,8VKV|1|A,9Y79|1|A,4LEL|1|QV,9AX8|1|y,8UQP|1|A,6WD0|1|6,6QNQ|1|1K,9FS8|1|4,9NLS|1|T,6C4H|1|x,5UYN|1|W,6WDE|1|6,7JSZ|1|5,5UYM|1|X,9G6J|1|AT,7TOR|1|PTRN,5KPS|1|32,5KPW|1|32,6OSK|1|5,6OG7|1|5,9T1J|1|Z,4V87|1|BD,4W4G|1|XW,4V97|1|AV,5UQ8|1|y,6BU8|1|X,4V8C|1|CD,8VS9|1|ETRN,9Y79|1|B,6WDD|1|6,9GUS|1|W,6VYS|1|A,6AZ1|1|3,5ZEU|1|v,9NKL|1|T,9NLB|1|T,6OSQ|1|5,4W4G|1|QW,6WDK|1|6,9NL7|1|T,9T8Q|1|Z,9GUQ|1|W,5UYK|1|W,6C4I|1|x,9NJV|1|T,8PHJ|1|8,5WDT|1|w,4V5K|1|CV,8T5H|1|5,5ZEB|1|v,9T1I|1|Z,9SYH|1|5,6WDM|1|6,6WD5|1|6,6X7F|1|A,5KPX|1|32,5U4I|1|x,4V63|1|CZ,4V6G|1|CB,4V8B|1|AD,5WE6|1|w,8UQL|1|B,7JT3|1|5,5UYL|1|X,7JSS|1|5,4V87|1|CD,6WD4|1|6,9FY0|1|4,9T0Y|1|5,5U9F|1|X,4V63|1|AZ,6WD6|1|6,8URY|1|B,9FRK|1|4,6WDJ|1|6,5D8B|1|XC,6WD3|1|6,8UQP|1|B,5U9G|1|X,6WD2|1|6,4V67|1|AZ,6WDL|1|6,5WE4|1|w,6WD9|1|6,7TOP|1|APTN,6WDA|1|6,8VKV|1|B,4V5K|1|AW,6X7K|1|B,6XDQ|1|B,5U4J|1|x+5U4J|1|z,8CG8|1|Cc,5WFS|1|w,6H4N|1|w,5D8B|1|BD,4V5K|1|CW,7CHD|1|J,5WF0|1|w,4V97|1|CV,6WD8|1|6,6OGF|1|5,9SRO|1|Z,9G06|1|a,9T1H|1|Z,5WFK|1|w,8UR0|1|A,5UYQ|1|X,6DNC|1|LA,3J9Y|1|v,6WDI|1|5,9T1E|1|Z,4V67|1|CZ,7K53|1|6,9FRL|1|4,5ZEP|1|w,6WD7|1|6,5UYP|1|X,3JCJ|1|v,8Y5L|1|7,5UYK|1|X,4V8B|1|CD,9BDP|1|ETRN,6GWT|1|x,9FS6|1|4,6WDB|1|5,7ST2|1|6,7CHD|1|I,9T6M|1|5,6X7F|1|B,5UYN|1|X,6WDI|1|6,7K55|1|6,9T2O|1|Z,8FIZ|1|BB,6WDB|1|6,7ST6|1|7,8VOO|1|A,8CGN|1|Cc,4YPB|1|XW,9MOR|1|5,6VYS|1|B,4YPB|1|QW,5LMU|1|Z,9T8S|1|Z,6O9K|1|y,5UQ7|1|y,7K52|1|6,8VOR|1|A,6Y69|1|w,6GXM|1|x,9T8P|1|Z,6DNC|1|D,6GXO|1|x,4V8J|1|CV,7K50|1|6,6X6T|1|A,9GUT|1|W,6GXN|1|x,4V8O|1|AV,7SS9|1|6,8UR0|1|B,6X6T|1|B,4V8J|1|AV,8VOO|1|B,4V5A|1|AW,6OGI|1|5,9T1C|1|Z,8VOR|1|B,9MQ4|1|6,3JCE|1|8,5L3P|1|x,9MOR|1|6,5U4I|1|y,6C4I|1|y,4V5A|1|CW,4V8Q|1|BW,6GSJ|1|2L,5J4D|1|NC,5J4D|1|IA,6GSJ|1|2K,4V6A|1|CW,4V6A|1|AW,5J4D|1|D,5J4D|1|IB,8CCS|1|Cc,8CIV|1|Cc,5MDY|1|5,7ZKI|1|4,6GSL|1|2L,6GSL|1|2K,6BOH|1|NC,6BOH|1|IA,6BOH|1|IB,6BOH|1|D,6OXA|1|XV+6OXA|1|XX,6OPE|1|XV,6OPE|1|QV,5J3C|1|XV,6OTR|1|XV,6OTR|1|QV,6OTR|1|QW,6ORD|1|QV,5J3C|1|QV,6BZ6|1|QV,6OTR|1|XW,6OXA|1|QV+6OXA|1|QX,6ORD|1|XV,6BZ6|1|XV,6OXA|1|QW,6OJ2|1|QV,6OF6|1|XV,5J30|1|QV,5J30|1|XV,6OF6|1|QV,6OJ2|1|XV,6OXA|1|XW,6OXI|1|XV,6OXI|1|QV,6BUW|1|XV,6BUW|1|QV,2FMT|1|D,6BZ8|1|QV,6BZ8|1|XV,6BZ7|1|XV,2FMT|1|C,6BZ7|1|QV,6NDK|1|XV,6NDK|1|QV,6BZ7|1|XW,6BZ8|1|XW,6BZ7|1|QW,6BZ8|1|QW,6ZU1|1|AW+6ZU1|1|AX+6ZU1|1|AV+6ZU1|1|CN+6ZU1|1|CT,8AYE|1|Z,6ZTO|1|AW+6ZTO|1|AX+6ZTO|1|AV+6ZTO|1|CN+6ZTO|1|CT,6ZTP|1|AW+6ZTP|1|AX+6ZTP|1|AV+6ZTP|1|CN+6ZTP|1|CT,8P2G|1|D,6XZ7|1|f,6ZTJ|1|AW+6ZTJ|1|AX+6ZTJ|1|AV+6ZTJ|1|CN+6ZTJ|1|CT,6ZTM|1|AW+6ZTM|1|AX+6ZTM|1|AV+6ZTM|1|CN+6ZTM|1|CT,8P2F|1|D,9FBV|1|Z,8P2F|1|F,8P2H|1|D,7SA4|1|5,7SA4|1|6,7NWT|1|5,8CDL|1|Cc,8ZFF|1|Z,8QK7|1|5,8P16|1|5,8P18|1|5,8P17|1|5,8AM9|1|Y,5AFI|1|v,5AFI|1|w,8B7Y|1|n,8R6C|1|5,5MDW|1|5,7PJV|1|v,7PJY|1|v,8CKU|1|Cc,9GR1|1|Y,6YEF|1|x,8AP4|1|Z,8A3L|1|V,8A3L|1|W,5LZA|1|v,7PJW|1|v"
"NR_4.0_85126.1","5BZU|1|B","5BZU|1|B"
"NR_4.0_19677.1","5C0Y|1|D","5C0Y|1|D"
"NR_4.0_30196.1","5C9H|1|C+5C9H|1|D","5C9H|1|C+5C9H|1|D"
"NR_4.0_72172.3","5CCB|1|N","5CCB|1|N,5CCX|1|N,5CD1|1|N,5CD1|1|M"
"NR_4.0_31216.2","1R9F|1|C+1R9F|1|B","1R9F|1|C+1R9F|1|B,6BJG|1|C+6BJG|1|D,6BJH|1|C+6BJH|1|D,6BJV|1|C+6BJV|1|D"
"NR_4.0_02070.3","5CNR|1|A+5CNR|1|B","5CNR|1|A+5CNR|1|B,5CNR|1|E+5CNR|1|F"
"NR_4.0_80055.3","1RLG|1|D","1RLG|1|D,1RLG|1|C"
"NR_4.0_25771.3","5D0A|1|F","5D0A|1|F,5D0A|1|E,5T8Y|1|X"
"NR_4.0_53179.1","1RMV|1|B","1RMV|1|B"
"NR_4.0_95110.1","1RPU|1|C+1RPU|1|D","1RPU|1|C+1RPU|1|D"
"NR_4.0_55964.3","5D5L|1|A","5D5L|1|A,5D5L|1|B,5D5L|1|D,5D5L|1|C"
"NR_4.0_55817.3","5D8H|1|A","5D8H|1|A,5DAR|1|A,5DAR|1|D,5D6G|1|0"
"NR_4.0_87665.3","5D8T|1|A+5D8T|1|B","5D8T|1|A+5D8T|1|B,6CXZ|1|A+6CXZ|1|B,6CY2|1|A+6CY2|1|B,5VR4|1|C+5VR4|1|D,5VR4|1|A+5VR4|1|B,6CY4|1|C+6CY4|1|D,6CY4|1|E+6CY4|1|F,6CY4|1|A+6CY4|1|B,6CY4|1|G+6CY4|1|H,5DER|1|A+5DER|1|B,5DER|1|C+5DER|1|D,6CY0|1|A+6CY0|1|B,6CY0|1|C+6CY0|1|D,6CY0|1|E+6CY0|1|F,6CY0|1|G+6CY0|1|H"
"NR_4.0_07004.1","1S03|1|B","1S03|1|B"
"NR_4.0_16422.3","1SAQ|1|C+1SAQ|1|D","1SAQ|1|C+1SAQ|1|D,1SAQ|1|A+1SAQ|1|B,1SAQ|1|E"
"NR_4.0_48266.2","9QRP|1|T","9QRP|1|T,1SER|1|T"
"NR_4.0_15952.1","1SI2|1|B","1SI2|1|B"
"NR_4.0_83745.3","5T3K|1|A+5T3K|1|B","5T3K|1|A+5T3K|1|B,5T3K|1|C+5T3K|1|D,1T0D|1|C+1T0D|1|D,1T0D|1|A+1T0D|1|B"
"NR_4.0_04601.1","5DDO|1|B","5DDO|1|B"
"NR_4.0_72697.1","1T0E|1|A+1T0E|1|C","1T0E|1|A+1T0E|1|C"
"NR_4.0_12093.1","1TFW|1|G+1TFW|1|J","1TFW|1|G+1TFW|1|J"
"NR_4.0_03202.3","1TFY|1|H+1TFY|1|E","1TFY|1|H+1TFY|1|E,1TFY|1|I+1TFY|1|F"
"NR_4.0_02963.3","5DE5|1|C","5DE5|1|C,5DEA|1|C,5DE8|1|C"
"NR_4.0_83386.1","1U0B|1|A","1U0B|1|A"
"NR_4.0_45166.1","5DET|1|Q","5DET|1|Q"
"NR_4.0_72627.1","1U9S|1|A","1U9S|1|A"
"NR_4.0_16130.3","1UTD|1|0","1UTD|1|0,1UTD|1|Z,1UTD|1|6,1UTD|1|4,1UTD|1|7,1UTD|1|9,1UTD|1|5,1UTD|1|3,1UTD|1|2,1UTD|1|8"
"NR_4.0_63343.1","5DNO|1|B","5DNO|1|B"
"NR_4.0_81257.1","5DO5|1|A","5DO5|1|A"
"NR_4.0_83715.1","5DV7|1|A+5DV7|1|B","5DV7|1|A+5DV7|1|B"
"NR_4.0_72830.3","6GPG|1|B+6GPG|1|C","6GPG|1|B+6GPG|1|C,5E3H|1|B+5E3H|1|C"
"NR_4.0_56345.3","5SWD|1|B","5SWD|1|B,5E54|1|B,5E54|1|A,5SWD|1|A"
"NR_4.0_96260.1","1UTD|1|1","1UTD|1|1"
"NR_4.0_19831.3","8BF7|1|5","8BF7|1|5,8BH4|1|5,7ZTA|1|PTR1,7N1P|1|Pt,8BHJ|1|5,8BHN|1|5,7N2C|1|Pt,5E81|1|1K,5EL4|1|3L,5EL4|1|1K,5E7K|1|3L,5EL6|1|1L,7N31|1|Pt,5IB8|1|1K,5EL6|1|3L,5IB7|1|1K,9O3K|1|1w,7N2U|1|Pt,5EL5|1|3K,5E7K|1|3K,9O3H|1|1w,5E81|1|1L,5EL7|1|1K,5E7K|1|1K,5IB7|1|3L,5IB8|1|3L,5EL4|1|1L,9O3K|1|2w,5EL4|1|3K,5EL6|1|1K,5EL5|1|3L,5EL7|1|1L,5E7K|1|1L,9O3J|1|1w,5EL7|1|3K,5EL6|1|3K,5IB7|1|1L,9O3I|1|1w,9O3H|1|1y,9O3J|1|1y,5EL7|1|3L,5IB7|1|3K,5EL5|1|1L,9O3H|1|2y,9O3K|1|1y,9O3I|1|1y,5EL5|1|1K,9RVC|1|Y,9O3J|1|2w,9O3K|1|2y,9O3H|1|2w,9O3I|1|2w,5UYQ|1|Y,9O3J|1|2y,7N30|1|Pt,5IB8|1|3K,9O3I|1|2y,7D6Z|1|4,5UYP|1|Y,5UYN|1|Y,5JTE|1|AW,8FON|1|QV,8FON|1|XV,8FOM|1|QV,8FOM|1|XV"
"NR_4.0_81635.3","1UVJ|1|F","1UVJ|1|F,1UVJ|1|D,1UVJ|1|E"
"NR_4.0_83036.1","4W5N|1|B","4W5N|1|B"
"NR_4.0_52752.59","8QYX|1|B2","8QYX|1|B2,8GLP|1|L7,9O3W|1|L7,9TV2|1|L7,9C3H|1|L9,8A3D|1|B,9TT7|1|L7,9I2D|1|L7,8QFD|1|7,8YOO|1|L7,9O3Y|1|L7,8QOI|1|L7,9O3V|1|L7,8JDK|1|E,9SPF|1|L7,9S3D|1|L7,8G5Y|1|L7,9SPI|1|L7,8YOP|1|L7,9S3B|1|L7,9S3C|1|L7,9MNC|1|L9,8JDJ|1|E,9QLO|1|L7,9PBE|1|L7,8JDL|1|E,8K2C|1|L7,9GUL|1|L7,8XSX|1|L7,9QLQ|1|L7,7XNY|1|L2,9PKD|1|L7,8G60|1|L7,9VXN|1|L7,6ZMI|1|L7,8FLE|1|L4,8JDM|1|E,9RUC|1|L7,9P8B|1|L7,7OW7|1|B,7XNX|1|L2,8G5Z|1|L7,9P7D|1|L7,8FLB|1|L4,9FQZ|1|L7,9P7E|1|L7,8IFD|1|1B,8FL7|1|L4,8FLD|1|L4,8FLF|1|L4,9QLP|1|L7,6ZM7|1|L7,8FL6|1|L4,8FLA|1|L4,8IFE|1|1B,8OJ5|1|7,9RPV|1|M7,9P7O|1|L7,7F5S|1|L7,9P73|1|L7,6Y6X|1|L7,9P9J|1|L7,9RUA|1|L7,8FLC|1|L4,8FL9|1|L4,9P7Y|1|L7,9P7C|1|L7,9RPV|1|L7,8G6J|1|L7,9PA7|1|L7,9P9I|1|L7,9P7A|1|L7,9P7X|1|L7,8FL3|1|L4,9B0P|1|L7,9P7K|1|L7,9P76|1|L7,9P9H|1|L7,9P7N|1|L7,8G61|1|L7,6QZP|1|L7,9P72|1|L7,9RU8|1|L7,8FL2|1|L4,9GMO|1|B,9I2E|1|L7,6ZME|1|L7,9P78|1|L7,8XSY|1|L7,9RU9|1|L7,9P7W|1|L7,6ZMO|1|L7,9GY4|1|7,8Y0X|1|L7,8OHD|1|7,9P6Z|1|L7,6LQM|1|5,9RU7|1|L7,6OLE|1|E,6Y2L|1|L7,8Y0W|1|L7,6OM0|1|E,9M0P|1|L7,6XA1|1|L7,8IDT|1|5,6Z6M|1|L7,22TU|1|L7,9P9K|1|L7,9P7L|1|L7,7QVP|1|L7,8FL4|1|L4,9G8M|1|L7,8XSZ|1|L7,9KZU|1|L7,6LSR|1|5,9P8H|1|L7,9N9J|1|L7,6LU8|1|5,9PKB|1|L7,9I14|1|L7,28LN|1|B7,9P8C|1|L7,6Y0G|1|L7,9P79|1|L7,8OJ8|1|7,9KZX|1|L7,7QVP|1|L9,8OJ0|1|7,8INF|1|5,6LSS|1|5,8IDY|1|5,7BHP|1|L7,9PKG|1|L7,9B0S|1|l7,6Y57|1|L7,9SYR|1|L2,9B0Q|1|l7,6OLI|1|E,4UG0|1|L7,9QIW|1|L7,8INE|1|5,5T2C|1|B,9B0Q|1|L7,8RL2|1|L7,9P7G|1|L7,9P7F|1|L7,8FL0|1|L4,6OLG|1|A4,9B0S|1|L7,9P7H|1|L7,9P7I|1|L7,9Y4G|1|A7,6IP5|1|1B,5LKS|1|L7,6IP8|1|1B,9P8I|1|L7,6OLF|1|E,9Y49|1|A7,9P7J|1|L7,6OLZ|1|A4,6W6L|1|E,8IE3|1|5,8INK|1|3,8IPY|1|3,8IPD|1|3,6OM7|1|E,8IR1|1|W,8IR3|1|5,5AJ0|1|A4,6Z6N|1|L7,6Z6L|1|L7,9RG7|1|L7"
"NR_4.0_18903.3","6CHR|1|A+6CHR|1|B","6CHR|1|A+6CHR|1|B,6CIH|1|A,4R0D|1|A"
"NR_4.0_33922.4","4R4V|1|A","4R4V|1|A,5V3I|1|A,4R4P|1|A"
"NR_4.0_90633.30","9QEH|1|A","9QEH|1|A,9QEG|1|A,9TI8|1|A,9TI5|1|A,9GHG|1|A,9T4R|1|a,9TI6|1|A,7ASM|1|A,9GHH|1|A,9TI7|1|A,6WQN|1|1,7TTW|1|1,6WRU|1|1,6S0Z|1|A,6WQQ|1|1,9I88|1|A,9I89|1|A,7ASP|1|Y,6WRS|1|1,9RVC|1|a,6DDG|1|1,9TI9|1|A,7NHM|1|A,4WF9|1|X,5NGM|1|AA,5HL7|1|X,6DDD|1|1,7NHL|1|A,7ASO|1|Y,4WFA|1|X,5T7V|1|B,4WFB|1|X,5HKV|1|X,4WCE|1|X,7TTU|1|1,6S0X|1|A,5NRG|1|X,6SJ6|1|A,5ND8|1|A,5TCU|1|B,5ND9|1|A,6S12|1|A,7ASN|1|A,5LI0|1|A,7P48|1|A,6S13|1|A,8P2G|1|A,8P2F|1|A,8P2H|1|A,8Y38|1|A,8Y37|1|A,6HMA|1|A,8Y36|1|A,6YEF|1|A,8Y39|1|A"
"NR_4.0_12687.1","4RBZ|1|A","4RBZ|1|A"
"NR_4.0_80112.1","4RCJ|1|B","4RCJ|1|B"
"NR_4.0_19502.4","4RGE|1|C","4RGE|1|C,4RGE|1|B,4RGE|1|A,5DUN|1|A,4RGF|1|A,4RGF|1|C,4RGF|1|B"
"NR_4.0_95409.3","1UVM|1|D","1UVM|1|D,1UVM|1|F,1UVM|1|E"
"NR_4.0_10778.1","9NYB|1|B+9NYB|1|C","9NYB|1|B+9NYB|1|C,9NXS|1|B+9NXS|1|C,4RWN|1|B+4RWN|1|C,4S3N|1|B+4S3N|1|C,4RWP|1|B+4RWP|1|C,4RWO|1|B+4RWO|1|C,9NY9|1|B+9NY9|1|C"
"NR_4.0_89906.4","3WFS|1|A","3WFS|1|A,5HC9|1|D,3WFS|1|B,3WFQ|1|B,3WFQ|1|A,4WC2|1|B,5HC9|1|C,4WC3|1|B,3WFQ|1|C,1VFG|1|D,1VFG|1|C,3WFQ|1|D,4X0B|1|B,3WFR|1|C,4WC7|1|B,3WFR|1|A,4WC5|1|B,3WFR|1|B,4WC4|1|B,4X0A|1|B,4WC6|1|B,3WFR|1|D"
"NR_4.0_77810.4","6D1V|1|C","6D1V|1|C,4S2X|1|B,4S2Y|1|B"
"NR_4.0_59609.2","1VQ7|1|4","1VQ7|1|4,1VQ4|1|4"
"NR_4.0_70313.4","5H9F|1|L+5H9F|1|N+5H9F|1|M","5H9F|1|L+5H9F|1|N+5H9F|1|M,5H9E|1|L+5H9E|1|M+5H9E|1|N,5CD4|1|L,5CD4|1|X,4TVX|1|X,4TVX|1|L"
"NR_4.0_91181.2","1VQP|1|4","1VQP|1|4,1VQ5|1|4"
"NR_4.0_35535.1","1VQ6|1|4","1VQ6|1|4"
"NR_4.0_62104.1","1VQM|1|4","1VQM|1|4"
"NR_4.0_45210.1","4TYW|1|B","4TYW|1|B"
"NR_4.0_67592.1","1VTM|1|R","1VTM|1|R"
"NR_4.0_20784.1","4TZ0|1|B","4TZ0|1|B"
"NR_4.0_51862.4","4TZZ|1|H","4TZZ|1|H,4TZZ|1|E,4TZZ|1|B,4TZZ|1|K"
"NR_4.0_94683.3","4XNR|1|X","4XNR|1|X,4TZY|1|X,4TZX|1|X,5UZA|1|X,6VWT|1|B,6VWT|1|A,6VWV|1|B,6VWV|1|A,5SWE|1|X"
"NR_4.0_18961.3","1WMQ|1|D","1WMQ|1|D,1WMQ|1|C,1WRQ|1|C,1WRQ|1|D"
"NR_4.0_41538.1","1WNE|1|B+1WNE|1|C","1WNE|1|B+1WNE|1|C"
"NR_4.0_46102.4","1WZ2|1|D","1WZ2|1|D,1WZ2|1|C"
"NR_4.0_54845.1","1X8W|1|C","1X8W|1|C"
"NR_4.0_25764.2","2P7E|1|D+2P7E|1|C","2P7E|1|D+2P7E|1|C,2NPY|1|D+2NPY|1|C,1ZFT|1|D+1ZFT|1|C,2P7F|1|D+2P7F|1|C,1ZFV|1|D+1ZFV|1|C,2P7D|1|D+2P7D|1|C,2D2L|1|D+2D2L|1|C,2OUE|1|D+2OUE|1|C,2FGP|1|D+2FGP|1|C,1X9C|1|D+1X9C|1|C,1ZFX|1|D+1ZFX|1|C,2BCZ|1|D+2BCZ|1|C,2D2K|1|D+2D2K|1|C,2BCY|1|D+2BCY|1|C,1X9K|1|D+1X9K|1|C,2NPZ|1|D+2NPZ|1|C,4G6R|1|D+4G6R|1|C,3GS1|1|D+3GS1|1|C,3GS8|1|D+3GS8|1|C"
"NR_4.0_27096.3","4WFL|1|A","4WFL|1|A,4WFM|1|A,4WFM|1|B"
"NR_4.0_16754.3","4WKR|1|D","4WKR|1|D,4WKR|1|C"
"NR_4.0_75167.1","4WQF|1|BV","4WQF|1|BV"
"NR_4.0_08212.1","1XJR|1|A","1XJR|1|A"
"NR_4.0_21305.3","7O5B|1|W","7O5B|1|W"
"NR_4.0_56744.1","1XNR|1|X+1XNR|1|W","1XNR|1|X+1XNR|1|W"
"NR_4.0_09128.3","1XPU|1|G","1XPU|1|G,1XPU|1|L,1XPR|1|L,1XPU|1|H,1XPU|1|J,1XPO|1|K,1XPO|1|J,1XPO|1|H,1XPR|1|J,1XPU|1|K,1XPR|1|K,1XPO|1|M,1XPO|1|L,1XPU|1|M,1XPR|1|M,1XPO|1|G,1XPR|1|H,1XPR|1|G"
"NR_4.0_29002.1","4WSB|1|V+4WSB|1|R","4WSB|1|V+4WSB|1|R"
"NR_4.0_18276.1","4WSM|1|4L","4WSM|1|4L"
"NR_4.0_53105.3","4UYK|1|R","4UYK|1|R,4UYJ|1|S,4UYJ|1|R"
"NR_4.0_71999.2","7OM7|1|G+7OM7|1|H","7OM7|1|G+7OM7|1|H,7OM7|1|I+7OM7|1|J,7OM6|1|C+7OM6|1|E,7OM7|1|E+7OM7|1|F,7OM6|1|D+7OM6|1|F,7OM7|1|K+7OM7|1|L,4WTA|1|P+4WTA|1|T,4WTF|1|P+4WTF|1|T,4WTG|1|P+4WTG|1|T"
"NR_4.0_66212.5","8JIV|1|Aa+8JIV|1|Ac","8JIV|1|Aa+8JIV|1|Ac,8IP8|1|RB+8IP8|1|SB,8IPA|1|RB+8IPA|1|SB,8IPB|1|RB+8IPB|1|SB"
"NR_4.0_88088.3","1Y0Q|1|A","1Y0Q|1|A"
"NR_4.0_36101.5","8JIV|1|Ab","8JIV|1|Ab,8IP8|1|TB,8IPB|1|TB,8IPA|1|TB"
"NR_4.0_69516.1","1Y26|1|X","1Y26|1|X"
"NR_4.0_43710.2","4WTD|1|P+4WTD|1|T","4WTD|1|P+4WTD|1|T,5UJ2|1|P+5UJ2|1|T"
"NR_4.0_81815.4","8T2X|1|tP","8T2X|1|tP,8T2Y|1|tP,8T2X|1|tA,8T2Y|1|tA,6TB3|1|n,8T2Z|1|tP,8K82|1|C5,8T2Z|1|tA,6TNU|1|n,8UT0|1|n,8UTI|1|n,8Z70|1|t,7NRC|1|Sn,8XU8|1|s,8CAS|1|1,8S8H|1|1,7B7D|1|Sn,8S8G|1|1,8XU8|1|t,8YLD|1|t,8RW1|1|1,6FYX|1|1,8S8D|1|1,7B7D|1|Sm,8S8E|1|1,8S8F|1|1,6FYY|1|1,8YLR|1|u,8Z71|1|t,8S8K|1|1,8YLD|1|s,8YLR|1|t,3J81|1|1,1YFG|1|A"
"NR_4.0_29761.5","8R6F|1|A","8R6F|1|A,8JIW|1|Ad,8R57|1|A,8IP8|1|aa,8IP9|1|aa,8IPA|1|aa,8IPB|1|aa"
"NR_4.0_06804.1","4WTE|1|P+4WTE|1|T","4WTE|1|P+4WTE|1|T"
"NR_4.0_55569.1","7QGG|1|E","7QGG|1|E"
"NR_4.0_98152.1","4WTJ|1|T+4WTJ|1|P","4WTJ|1|T+4WTJ|1|P"
"NR_4.0_82735.1","4WTL|1|T+4WTL|1|P","4WTL|1|T+4WTL|1|P"
"NR_4.0_57534.2","4WU1|1|4K","4WU1|1|4K,4WZD|1|4L,4WU1|1|4L"
"NR_4.0_77778.1","4WZQ|1|B+4WZQ|1|C","4WZQ|1|B+4WZQ|1|C"
"NR_4.0_51503.3","4X4T|1|G","4X4T|1|G,4X4N|1|D,4X4N|1|B,4X4T|1|B,4X4O|1|D,4X4P|1|B,4X4O|1|B,4X4P|1|F,4X4P|1|H,4X4T|1|D,4X4N|1|G,4X4P|1|D,4X4Q|1|B,4X4R|1|B,4X4R|1|D,4X4Q|1|D,4X4S|1|B,4X4S|1|D"
